species,region,map,method,time,qualification
SPECIES_ABRA,HOENN,MAP_GRANITE_CAVE_1F,land_mons,TIME_DAY,table presence; access not verified
SPECIES_ABRA,HOENN,MAP_GRANITE_CAVE_B1F,land_mons,TIME_DAY,table presence; access not verified
SPECIES_ABRA,HOENN,MAP_GRANITE_CAVE_B2F,land_mons,TIME_DAY,table presence; access not verified
SPECIES_ABRA,HOENN,MAP_GRANITE_CAVE_STEVENS_ROOM,land_mons,TIME_DAY,table presence; access not verified
SPECIES_ABRA,HOENN,MAP_ROUTE116,land_mons,TIME_DAY,table presence; access not verified
SPECIES_ABRA,JOHTO,MAP_ROUTE34_HNS,land_mons,TIME_DAY,table presence; access not verified
SPECIES_ABRA,JOHTO,MAP_ROUTE34_HNS,land_mons,TIME_NIGHT,table presence; access not verified
SPECIES_ABRA,JOHTO,MAP_ROUTE35_HNS,land_mons,TIME_DAY,table presence; access not verified
SPECIES_ABRA,JOHTO,MAP_ROUTE35_HNS,land_mons,TIME_NIGHT,table presence; access not verified
SPECIES_ABRA,KANTO,MAP_ROUTE24_HNS,land_mons,TIME_DAY,table presence; access not verified
SPECIES_ABRA,KANTO,MAP_ROUTE24_HNS,land_mons,TIME_NIGHT,table presence; access not verified
SPECIES_ABRA,KANTO,MAP_ROUTE25_HNS,land_mons,TIME_DAY,table presence; access not verified
SPECIES_ABRA,KANTO,MAP_ROUTE25_HNS,land_mons,TIME_NIGHT,table presence; access not verified
SPECIES_ABSOL,HOENN,MAP_ROUTE120,land_mons,TIME_DAY,table presence; access not verified
SPECIES_AIPOM,HNS_UNCLASSIFIED,MAP_AKALA_ISLE_HNS,land_mons,TIME_DAY,table presence; access not verified
SPECIES_AIPOM,HOENN,MAP_ALTERING_CAVE,land_mons,TIME_DAY,table presence; access not verified
SPECIES_AIPOM,HOENN,MAP_SAFARI_ZONE_NORTHEAST,land_mons,TIME_DAY,table presence; access not verified
SPECIES_AIPOM,HOENN,MAP_SAFARI_ZONE_SOUTHEAST,land_mons,TIME_DAY,table presence; access not verified
SPECIES_AIPOM,JOHTO,MAP_AZALEA_TOWN_HNS,rock_smash_mons,TIME_DAY,table presence; access not verified
SPECIES_AIPOM,JOHTO,MAP_BLACKTHORN_CITY_HNS,rock_smash_mons,TIME_DAY,table presence; access not verified
SPECIES_AIPOM,JOHTO,MAP_BLACKTHORN_CITY_HNS,rock_smash_mons,TIME_NIGHT,table presence; access not verified
SPECIES_AIPOM,JOHTO,MAP_MAHOGANYTOWN_HNS,rock_smash_mons,TIME_DAY,table presence; access not verified
SPECIES_AIPOM,JOHTO,MAP_ROUTE26_HNS,rock_smash_mons,TIME_DAY,table presence; access not verified
SPECIES_AIPOM,JOHTO,MAP_ROUTE33_HNS,rock_smash_mons,TIME_DAY,table presence; access not verified
SPECIES_AIPOM,JOHTO,MAP_ROUTE33_HNS,rock_smash_mons,TIME_NIGHT,table presence; access not verified
SPECIES_AIPOM,JOHTO,MAP_ROUTE42_HNS,rock_smash_mons,TIME_DAY,table presence; access not verified
SPECIES_AIPOM,JOHTO,MAP_ROUTE42_HNS,rock_smash_mons,TIME_NIGHT,table presence; access not verified
SPECIES_AIPOM,JOHTO,MAP_ROUTE44_HNS,rock_smash_mons,TIME_DAY,table presence; access not verified
SPECIES_AIPOM,JOHTO,MAP_ROUTE44_HNS,rock_smash_mons,TIME_NIGHT,table presence; access not verified
SPECIES_AIPOM,JOHTO,MAP_ROUTE45_HNS,rock_smash_mons,TIME_DAY,table presence; access not verified
SPECIES_AIPOM,JOHTO,MAP_ROUTE46_HNS,rock_smash_mons,TIME_DAY,table presence; access not verified
SPECIES_AIPOM,JOHTO,MAP_ROUTE46_HNS,rock_smash_mons,TIME_NIGHT,table presence; access not verified
SPECIES_AIPOM,JOHTO,MAP_ROUTE47_HNS,rock_smash_mons,TIME_DAY,table presence; access not verified
SPECIES_AIPOM,JOHTO,MAP_ROUTE48_HNS,rock_smash_mons,TIME_DAY,table presence; access not verified
SPECIES_AIPOM,JOHTO,MAP_TIN_TOWER_3F_HNS,land_mons,TIME_DAY,table presence; access not verified
SPECIES_AIPOM,JOHTO,MAP_TIN_TOWER_4F_HNS,land_mons,TIME_DAY,table presence; access not verified
SPECIES_AIPOM,JOHTO,MAP_TIN_TOWER_5F_HNS,land_mons,TIME_DAY,table presence; access not verified
SPECIES_AIPOM,JOHTO,MAP_TIN_TOWER_6F_HNS,land_mons,TIME_DAY,table presence; access not verified
SPECIES_AIPOM,JOHTO,MAP_TIN_TOWER_7F_HNS,land_mons,TIME_DAY,table presence; access not verified
SPECIES_AIPOM,KANTO,MAP_FUCHSIA_CITY_SAFARI_ZONE_BRUSH_HNS,land_mons,TIME_NIGHT,table presence; access not verified
SPECIES_AIPOM,KANTO,MAP_ROUTE11_HNS,rock_smash_mons,TIME_DAY,table presence; access not verified
SPECIES_AIPOM,KANTO,MAP_ROUTE11_HNS,rock_smash_mons,TIME_NIGHT,table presence; access not verified
SPECIES_AIPOM,KANTO,MAP_ROUTE3_HNS,rock_smash_mons,TIME_DAY,table presence; access not verified
SPECIES_AIPOM,KANTO,MAP_ROUTE3_HNS,rock_smash_mons,TIME_NIGHT,table presence; access not verified
SPECIES_AIPOM,KANTO,MAP_ROUTE7_HNS,rock_smash_mons,TIME_DAY,table presence; access not verified
SPECIES_AIPOM,KANTO,MAP_ROUTE7_HNS,rock_smash_mons,TIME_NIGHT,table presence; access not verified
SPECIES_AIPOM,KANTO,MAP_VERMILION_CITY_HNS,rock_smash_mons,TIME_DAY,table presence; access not verified
SPECIES_AIPOM,KANTO,MAP_VERMILION_CITY_HNS,rock_smash_mons,TIME_NIGHT,table presence; access not verified
SPECIES_AIPOM,KANTO,MAP_VIRIDIAN_CITY_HNS,rock_smash_mons,TIME_DAY,table presence; access not verified
SPECIES_AIPOM,KANTO,MAP_VIRIDIAN_CITY_HNS,rock_smash_mons,TIME_NIGHT,table presence; access not verified
SPECIES_ARON,HNS_UNCLASSIFIED,MAP_SNOWSWEPT_CAVERN_HNS,rock_smash_mons,TIME_DAY,table presence; access not verified
SPECIES_ARON,HOENN,MAP_GRANITE_CAVE_B1F,land_mons,TIME_DAY,table presence; access not verified
SPECIES_ARON,HOENN,MAP_GRANITE_CAVE_B2F,land_mons,TIME_DAY,table presence; access not verified
SPECIES_ARON,HOENN,MAP_GRANITE_CAVE_STEVENS_ROOM,land_mons,TIME_DAY,table presence; access not verified
SPECIES_ARON,HOENN,MAP_VICTORY_ROAD_1F,land_mons,TIME_DAY,table presence; access not verified
SPECIES_ARON,HOENN,MAP_VICTORY_ROAD_B1F,land_mons,TIME_DAY,table presence; access not verified
SPECIES_ARON,HOENN,MAP_VICTORY_ROAD_B2F,land_mons,TIME_DAY,table presence; access not verified
SPECIES_AZUMARILL,HOENN,MAP_ROUTE117,land_mons,TIME_DAY,table presence; access not verified
SPECIES_BALTOY,HNS_UNCLASSIFIED,MAP_SINJOH_RUINS_HNS,rock_smash_mons,TIME_DAY,table presence; access not verified
SPECIES_BALTOY,HNS_UNCLASSIFIED,MAP_SINJOH_RUINS_HNS,rock_smash_mons,TIME_NIGHT,table presence; access not verified
SPECIES_BALTOY,HOENN,MAP_ROUTE111,land_mons,TIME_DAY,table presence; access not verified
SPECIES_BALTOY,HOENN,MAP_SKY_PILLAR_1F,land_mons,TIME_DAY,table presence; access not verified
SPECIES_BALTOY,HOENN,MAP_SKY_PILLAR_3F,land_mons,TIME_DAY,table presence; access not verified
SPECIES_BALTOY,HOENN,MAP_SKY_PILLAR_5F,land_mons,TIME_DAY,table presence; access not verified
SPECIES_BARBOACH,HNS_UNCLASSIFIED,MAP_PONI_CAVE_HNS,fishing_mons,TIME_DAY,table presence; access not verified
SPECIES_BARBOACH,HOENN,MAP_METEOR_FALLS_1F_1R,fishing_mons,TIME_DAY,table presence; access not verified
SPECIES_BARBOACH,HOENN,MAP_METEOR_FALLS_1F_2R,fishing_mons,TIME_DAY,table presence; access not verified
SPECIES_BARBOACH,HOENN,MAP_METEOR_FALLS_B1F_1R,fishing_mons,TIME_DAY,table presence; access not verified
SPECIES_BARBOACH,HOENN,MAP_METEOR_FALLS_B1F_2R,fishing_mons,TIME_DAY,table presence; access not verified
SPECIES_BARBOACH,HOENN,MAP_ROUTE111,fishing_mons,TIME_DAY,table presence; access not verified
SPECIES_BARBOACH,HOENN,MAP_ROUTE114,fishing_mons,TIME_DAY,table presence; access not verified
SPECIES_BARBOACH,HOENN,MAP_ROUTE120,fishing_mons,TIME_DAY,table presence; access not verified
SPECIES_BARBOACH,HOENN,MAP_VICTORY_ROAD_B2F,fishing_mons,TIME_DAY,table presence; access not verified
SPECIES_BELLSPROUT,JOHTO,MAP_ROUTE31_HNS,land_mons,TIME_DAY,table presence; access not verified
SPECIES_BELLSPROUT,JOHTO,MAP_ROUTE31_HNS,land_mons,TIME_NIGHT,table presence; access not verified
SPECIES_BELLSPROUT,JOHTO,MAP_ROUTE32_HNS,land_mons,TIME_DAY,table presence; access not verified
SPECIES_BELLSPROUT,JOHTO,MAP_ROUTE36_HNS,land_mons,TIME_DAY,table presence; access not verified
SPECIES_BELLSPROUT,JOHTO,MAP_ROUTE44_HNS,land_mons,TIME_DAY,table presence; access not verified
SPECIES_BELLSPROUT,JOHTO,MAP_ROUTE44_HNS,land_mons,TIME_NIGHT,table presence; access not verified
SPECIES_BELLSPROUT,JOHTO,MAP_SAFARI_ZONE_TOP_MID_HNS,land_mons,TIME_DAY,table presence; access not verified
SPECIES_BELLSPROUT,JOHTO,MAP_VIOLET_CITY_HNS,rock_smash_mons,TIME_DAY,table presence; access not verified
SPECIES_BELLSPROUT,JOHTO,MAP_VIOLET_CITY_HNS,rock_smash_mons,TIME_NIGHT,table presence; access not verified
SPECIES_BELLSPROUT,KANTO,MAP_ROUTE12_HNS,land_mons,TIME_DAY,table presence; access not verified
SPECIES_BELLSPROUT,KANTO,MAP_ROUTE12_HNS,land_mons,TIME_NIGHT,table presence; access not verified
SPECIES_BELLSPROUT,KANTO,MAP_ROUTE13_HNS,land_mons,TIME_DAY,table presence; access not verified
SPECIES_BELLSPROUT,KANTO,MAP_ROUTE13_HNS,land_mons,TIME_NIGHT,table presence; access not verified
SPECIES_BELLSPROUT,KANTO,MAP_ROUTE14_HNS,land_mons,TIME_DAY,table presence; access not verified
SPECIES_BELLSPROUT,KANTO,MAP_ROUTE14_HNS,land_mons,TIME_NIGHT,table presence; access not verified
SPECIES_BELLSPROUT,KANTO,MAP_ROUTE15_HNS,land_mons,TIME_DAY,table presence; access not verified
SPECIES_BELLSPROUT,KANTO,MAP_ROUTE15_HNS,land_mons,TIME_NIGHT,table presence; access not verified
SPECIES_BELLSPROUT,KANTO,MAP_ROUTE24_HNS,land_mons,TIME_DAY,table presence; access not verified
SPECIES_BELLSPROUT,KANTO,MAP_ROUTE24_HNS,land_mons,TIME_NIGHT,table presence; access not verified
SPECIES_BELLSPROUT,KANTO,MAP_ROUTE25_HNS,land_mons,TIME_DAY,table presence; access not verified
SPECIES_BELLSPROUT,KANTO,MAP_ROUTE25_HNS,land_mons,TIME_NIGHT,table presence; access not verified
SPECIES_BELLSPROUT,KANTO,MAP_ROUTE5_HNS,land_mons,TIME_DAY,table presence; access not verified
SPECIES_BELLSPROUT,KANTO,MAP_ROUTE5_HNS,land_mons,TIME_NIGHT,table presence; access not verified
SPECIES_BELLSPROUT,KANTO,MAP_ROUTE6_HNS,land_mons,TIME_DAY,table presence; access not verified
SPECIES_BELLSPROUT,KANTO,MAP_ROUTE6_HNS,land_mons,TIME_NIGHT,table presence; access not verified
SPECIES_BELLSPROUT,KANTO,MAP_ROUTE7_HNS,land_mons,TIME_DAY,table presence; access not verified
SPECIES_BELLSPROUT,KANTO,MAP_ROUTE7_HNS,land_mons,TIME_NIGHT,table presence; access not verified
SPECIES_CACNEA,HOENN,MAP_ROUTE111,land_mons,TIME_DAY,table presence; access not verified
SPECIES_CARVANHA,HOENN,MAP_MOSSDEEP_CITY,fishing_mons,TIME_DAY,table presence; access not verified
SPECIES_CARVANHA,HOENN,MAP_PACIFIDLOG_TOWN,fishing_mons,TIME_DAY,table presence; access not verified
SPECIES_CARVANHA,HOENN,MAP_ROUTE103,fishing_mons,TIME_DAY,table presence; access not verified
SPECIES_CARVANHA,HOENN,MAP_ROUTE118,fishing_mons,TIME_DAY,table presence; access not verified
SPECIES_CARVANHA,HOENN,MAP_ROUTE119,fishing_mons,TIME_DAY,table presence; access not verified
SPECIES_CARVANHA,HOENN,MAP_ROUTE122,fishing_mons,TIME_DAY,table presence; access not verified
SPECIES_CARVANHA,HOENN,MAP_ROUTE124,fishing_mons,TIME_DAY,table presence; access not verified
SPECIES_CARVANHA,HOENN,MAP_ROUTE125,fishing_mons,TIME_DAY,table presence; access not verified
SPECIES_CARVANHA,HOENN,MAP_ROUTE126,fishing_mons,TIME_DAY,table presence; access not verified
SPECIES_CARVANHA,HOENN,MAP_ROUTE127,fishing_mons,TIME_DAY,table presence; access not verified
SPECIES_CARVANHA,HOENN,MAP_ROUTE129,fishing_mons,TIME_DAY,table presence; access not verified
SPECIES_CARVANHA,HOENN,MAP_ROUTE130,fishing_mons,TIME_DAY,table presence; access not verified
SPECIES_CARVANHA,HOENN,MAP_ROUTE131,fishing_mons,TIME_DAY,table presence; access not verified
SPECIES_CARVANHA,HOENN,MAP_ROUTE132,fishing_mons,TIME_DAY,table presence; access not verified
SPECIES_CARVANHA,HOENN,MAP_ROUTE133,fishing_mons,TIME_DAY,table presence; access not verified
SPECIES_CARVANHA,HOENN,MAP_ROUTE134,fishing_mons,TIME_DAY,table presence; access not verified
SPECIES_CHINCHOU,HNS_UNCLASSIFIED,MAP_AKALA_ISLE_HNS,fishing_mons,TIME_DAY,table presence; access not verified
SPECIES_CHINCHOU,HOENN,MAP_UNDERWATER_ROUTE124,water_mons,TIME_DAY,table presence; access not verified
SPECIES_CHINCHOU,HOENN,MAP_UNDERWATER_ROUTE126,water_mons,TIME_DAY,table presence; access not verified
SPECIES_CHINCHOU,JOHTO,MAP_CIANWOOD_CITY_HNS,fishing_mons,TIME_DAY,table presence; access not verified
SPECIES_CHINCHOU,JOHTO,MAP_DARK_CAVE_SOUTH_SIDE_HNS,fishing_mons,TIME_DAY,table presence; access not verified
SPECIES_CHINCHOU,JOHTO,MAP_MT_MORTAR_1F_NORTH_HNS,fishing_mons,TIME_DAY,table presence; access not verified
SPECIES_CHINCHOU,JOHTO,MAP_MT_MORTAR_1F_SOUTH_HNS,fishing_mons,TIME_DAY,table presence; access not verified
SPECIES_CHINCHOU,JOHTO,MAP_MT_MORTAR_2F_HNS,fishing_mons,TIME_DAY,table presence; access not verified
SPECIES_CHINCHOU,JOHTO,MAP_MT_MORTAR_B1F_HNS,fishing_mons,TIME_DAY,table presence; access not verified
SPECIES_CHINCHOU,JOHTO,MAP_NEW_BARK_TOWN_HNS,fishing_mons,TIME_DAY,table presence; access not verified
SPECIES_CHINCHOU,JOHTO,MAP_NEW_BARK_TOWN_HNS,fishing_mons,TIME_NIGHT,table presence; access not verified
SPECIES_CHINCHOU,JOHTO,MAP_OLIVINE_CITY_PORT_OUTSIDE_HNS,fishing_mons,TIME_DAY,table presence; access not verified
SPECIES_CHINCHOU,JOHTO,MAP_OLIVINE_CITY_PORT_OUTSIDE_HNS,fishing_mons,TIME_NIGHT,table presence; access not verified
SPECIES_CHINCHOU,JOHTO,MAP_ROUTE41_HNS,fishing_mons,TIME_DAY,table presence; access not verified
SPECIES_CHINCHOU,JOHTO,MAP_ROUTE47_HNS,fishing_mons,TIME_DAY,table presence; access not verified
SPECIES_CHINCHOU,JOHTO,MAP_SLOWPOKE_WELL_B1F_HNS,fishing_mons,TIME_DAY,table presence; access not verified
SPECIES_CHINCHOU,JOHTO,MAP_SLOWPOKE_WELL_B2F_HNS,fishing_mons,TIME_DAY,table presence; access not verified
SPECIES_CHINCHOU,JOHTO,MAP_UNION_CAVE_1F_HNS,fishing_mons,TIME_DAY,table presence; access not verified
SPECIES_CHINCHOU,JOHTO,MAP_UNION_CAVE_B1F_HNS,fishing_mons,TIME_DAY,table presence; access not verified
SPECIES_CHINCHOU,JOHTO,MAP_UNION_CAVE_B2F_HNS,fishing_mons,TIME_DAY,table presence; access not verified
SPECIES_CHINCHOU,JOHTO,MAP_WHIRL_ISLANDS_1F_HNS,fishing_mons,TIME_DAY,table presence; access not verified
SPECIES_CHINCHOU,JOHTO,MAP_WHIRL_ISLANDS_B1F_HNS,fishing_mons,TIME_DAY,table presence; access not verified
SPECIES_CHINCHOU,JOHTO,MAP_WHIRL_ISLANDS_B2F_HNS,fishing_mons,TIME_DAY,table presence; access not verified
SPECIES_CHINCHOU,KANTO,MAP_CINNABAR_ISLAND_HNS,fishing_mons,TIME_DAY,table presence; access not verified
SPECIES_CHINCHOU,KANTO,MAP_CINNABAR_ISLAND_HNS,fishing_mons,TIME_NIGHT,table presence; access not verified
SPECIES_CHINCHOU,KANTO,MAP_VERMILION_CITY_HNS,fishing_mons,TIME_DAY,table presence; access not verified
SPECIES_CHINCHOU,KANTO,MAP_VERMILION_CITY_HNS,fishing_mons,TIME_NIGHT,table presence; access not verified
SPECIES_CHINCHOU,KANTO,MAP_VERMILION_CITY_PORT_OUTSIDE_HNS,fishing_mons,TIME_DAY,table presence; access not verified
SPECIES_CHINCHOU,KANTO,MAP_VERMILION_CITY_PORT_OUTSIDE_HNS,fishing_mons,TIME_NIGHT,table presence; access not verified
SPECIES_CLAMPERL,HNS_UNCLASSIFIED,MAP_ALOLA_WATER_HNS,fishing_mons,TIME_DAY,table presence; access not verified
SPECIES_CLAMPERL,HNS_UNCLASSIFIED,MAP_MELEMELE_ISLE_HNS,fishing_mons,TIME_DAY,table presence; access not verified
SPECIES_CLAMPERL,HNS_UNCLASSIFIED,MAP_ULAULA_ISLE_HNS,fishing_mons,TIME_DAY,table presence; access not verified
SPECIES_CLAMPERL,HOENN,MAP_UNDERWATER_ROUTE124,water_mons,TIME_DAY,table presence; access not verified
SPECIES_CLAMPERL,HOENN,MAP_UNDERWATER_ROUTE126,water_mons,TIME_DAY,table presence; access not verified
SPECIES_CLAYDOL,HOENN,MAP_SKY_PILLAR_1F,land_mons,TIME_DAY,table presence; access not verified
SPECIES_CLAYDOL,HOENN,MAP_SKY_PILLAR_3F,land_mons,TIME_DAY,table presence; access not verified
SPECIES_CLAYDOL,HOENN,MAP_SKY_PILLAR_5F,land_mons,TIME_DAY,table presence; access not verified
SPECIES_CORPHISH,HNS_UNCLASSIFIED,MAP_PONI_ISLE_HNS,fishing_mons,TIME_DAY,table presence; access not verified
SPECIES_CORPHISH,HOENN,MAP_PETALBURG_CITY,fishing_mons,TIME_DAY,table presence; access not verified
SPECIES_CORPHISH,HOENN,MAP_ROUTE102,fishing_mons,TIME_DAY,table presence; access not verified
SPECIES_CORPHISH,HOENN,MAP_ROUTE117,fishing_mons,TIME_DAY,table presence; access not verified
SPECIES_CORSOLA,HNS_UNCLASSIFIED,MAP_AKALA_ISLE_HNS,fishing_mons,TIME_DAY,table presence; access not verified
SPECIES_CORSOLA,HNS_UNCLASSIFIED,MAP_ALOLA_WATER_HNS,fishing_mons,TIME_DAY,table presence; access not verified
SPECIES_CORSOLA,HNS_UNCLASSIFIED,MAP_MELEMELE_ISLE_HNS,fishing_mons,TIME_DAY,table presence; access not verified
SPECIES_CORSOLA,HNS_UNCLASSIFIED,MAP_PONI_ISLE_HNS,fishing_mons,TIME_DAY,table presence; access not verified
SPECIES_CORSOLA,HNS_UNCLASSIFIED,MAP_ULAULA_ISLE_HNS,fishing_mons,TIME_DAY,table presence; access not verified
SPECIES_CORSOLA,HOENN,MAP_EVER_GRANDE_CITY,fishing_mons,TIME_DAY,table presence; access not verified
SPECIES_CORSOLA,HOENN,MAP_ROUTE128,fishing_mons,TIME_DAY,table presence; access not verified
SPECIES_CORSOLA,JOHTO,MAP_CHERRYGROVE_CITY_HNS,fishing_mons,TIME_DAY,table presence; access not verified
SPECIES_CORSOLA,JOHTO,MAP_OLIVINE_CITY_HNS,fishing_mons,TIME_DAY,table presence; access not verified
SPECIES_CORSOLA,JOHTO,MAP_ROUTE30_HNS,fishing_mons,TIME_DAY,table presence; access not verified
SPECIES_CORSOLA,JOHTO,MAP_ROUTE31_HNS,fishing_mons,TIME_DAY,table presence; access not verified
SPECIES_CORSOLA,JOHTO,MAP_ROUTE34_HNS,fishing_mons,TIME_DAY,table presence; access not verified
SPECIES_CORSOLA,JOHTO,MAP_ROUTE34_HNS,fishing_mons,TIME_NIGHT,table presence; access not verified
SPECIES_CORSOLA,JOHTO,MAP_ROUTE35_HNS,fishing_mons,TIME_DAY,table presence; access not verified
SPECIES_CORSOLA,JOHTO,MAP_ROUTE40_HNS,fishing_mons,TIME_DAY,table presence; access not verified
SPECIES_CORSOLA,JOHTO,MAP_ROUTE42_HNS,fishing_mons,TIME_DAY,table presence; access not verified
SPECIES_CORSOLA,JOHTO,MAP_ROUTE43_HNS,fishing_mons,TIME_DAY,table presence; access not verified
SPECIES_CORSOLA,JOHTO,MAP_ROUTE47_HNS,fishing_mons,TIME_DAY,table presence; access not verified
SPECIES_CORSOLA,JOHTO,MAP_RUINS_OF_ALPH_OUTSIDE_HNS,fishing_mons,TIME_DAY,table presence; access not verified
SPECIES_CORSOLA,JOHTO,MAP_WHIRL_ISLANDS_1F_HNS,land_mons,TIME_DAY,table presence; access not verified
SPECIES_CORSOLA,JOHTO,MAP_WHIRL_ISLANDS_1F_HNS,land_mons,TIME_NIGHT,table presence; access not verified
SPECIES_CORSOLA,JOHTO,MAP_WHIRL_ISLANDS_B1F_HNS,land_mons,TIME_DAY,table presence; access not verified
SPECIES_CORSOLA,JOHTO,MAP_WHIRL_ISLANDS_B1F_HNS,land_mons,TIME_NIGHT,table presence; access not verified
SPECIES_CORSOLA,JOHTO,MAP_WHIRL_ISLANDS_B1F_INNER_HNS,land_mons,TIME_DAY,table presence; access not verified
SPECIES_CORSOLA,KANTO,MAP_CERULEAN_CAVE_1F_HNS,fishing_mons,TIME_DAY,table presence; access not verified
SPECIES_CORSOLA,KANTO,MAP_CERULEAN_CAVE_1F_HNS,fishing_mons,TIME_NIGHT,table presence; access not verified
SPECIES_CORSOLA,KANTO,MAP_CINNABAR_ISLAND_HNS,water_mons,TIME_DAY,table presence; access not verified
SPECIES_CORSOLA,KANTO,MAP_CINNABAR_ISLAND_HNS,water_mons,TIME_NIGHT,table presence; access not verified
SPECIES_CORSOLA,KANTO,MAP_ROUTE10_HNS,water_mons,TIME_DAY,table presence; access not verified
SPECIES_CORSOLA,KANTO,MAP_ROUTE10_HNS,water_mons,TIME_NIGHT,table presence; access not verified
SPECIES_CORSOLA,KANTO,MAP_ROUTE13_HNS,fishing_mons,TIME_NIGHT,table presence; access not verified
SPECIES_CORSOLA,KANTO,MAP_ROUTE20_HNS,water_mons,TIME_DAY,table presence; access not verified
SPECIES_CORSOLA,KANTO,MAP_ROUTE20_HNS,water_mons,TIME_NIGHT,table presence; access not verified
SPECIES_CORSOLA,KANTO,MAP_ROUTE23_HNS,fishing_mons,TIME_DAY,table presence; access not verified
SPECIES_CORSOLA,KANTO,MAP_ROUTE23_HNS,fishing_mons,TIME_NIGHT,table presence; access not verified
SPECIES_CRAWDAUNT,HNS_UNCLASSIFIED,MAP_PONI_ISLE_HNS,fishing_mons,TIME_DAY,table presence; access not verified
SPECIES_DEWGONG,JOHTO,MAP_WHIRL_ISLANDS_B2F_HNS,land_mons,TIME_DAY,table presence; access not verified
SPECIES_DEWGONG,JOHTO,MAP_WHIRL_ISLANDS_B2F_HNS,land_mons,TIME_NIGHT,table presence; access not verified
SPECIES_DEWGONG,JOHTO,MAP_WHIRL_ISLANDS_B3F_HNS,land_mons,TIME_DAY,table presence; access not verified
SPECIES_DEWGONG,JOHTO,MAP_WHIRL_ISLANDS_DESCENT_HNS,land_mons,TIME_DAY,table presence; access not verified
SPECIES_DONPHAN,JOHTO,MAP_MT_SILVER_OUTSIDE_HNS,land_mons,TIME_DAY,table presence; access not verified
SPECIES_DONPHAN,JOHTO,MAP_ROUTE45_HNS,land_mons,TIME_DAY,table presence; access not verified
SPECIES_DRATINI,JOHTO,MAP_DRAGONS_DEN_CAVERN_HNS,fishing_mons,TIME_DAY,table presence; access not verified
SPECIES_DRATINI,JOHTO,MAP_DRAGONS_DEN_CAVERN_HNS,fishing_mons,TIME_NIGHT,table presence; access not verified
SPECIES_DRATINI,JOHTO,MAP_DRAGONS_DEN_CAVERN_HNS,water_mons,TIME_DAY,table presence; access not verified
SPECIES_DRATINI,JOHTO,MAP_DRAGONS_DEN_CAVERN_HNS,water_mons,TIME_NIGHT,table presence; access not verified
SPECIES_DRATINI,JOHTO,MAP_ROUTE45_HNS,fishing_mons,TIME_DAY,table presence; access not verified
SPECIES_DRATINI,JOHTO,MAP_SAFARI_ZONE_LOW_RIGHT_HNS,fishing_mons,TIME_DAY,table presence; access not verified
SPECIES_DRATINI,JOHTO,MAP_SAFARI_ZONE_LOW_RIGHT_HNS,land_mons,TIME_DAY,table presence; access not verified
SPECIES_DRATINI,KANTO,MAP_FUCHSIA_CITY_SAFARI_ZONE_BEACH_HNS,fishing_mons,TIME_DAY,table presence; access not verified
SPECIES_DRATINI,KANTO,MAP_FUCHSIA_CITY_SAFARI_ZONE_BEACH_HNS,fishing_mons,TIME_NIGHT,table presence; access not verified
SPECIES_DRATINI,KANTO,MAP_FUCHSIA_CITY_SAFARI_ZONE_CAVE_HNS,fishing_mons,TIME_DAY,table presence; access not verified
SPECIES_DRATINI,KANTO,MAP_FUCHSIA_CITY_SAFARI_ZONE_CAVE_HNS,fishing_mons,TIME_NIGHT,table presence; access not verified
SPECIES_DRATINI,KANTO,MAP_FUCHSIA_CITY_SAFARI_ZONE_MOUNTAIN_HNS,fishing_mons,TIME_DAY,table presence; access not verified
SPECIES_DRATINI,KANTO,MAP_FUCHSIA_CITY_SAFARI_ZONE_MOUNTAIN_HNS,fishing_mons,TIME_NIGHT,table presence; access not verified
SPECIES_DROWZEE,JOHTO,MAP_ROUTE34_HNS,land_mons,TIME_NIGHT,table presence; access not verified
SPECIES_DROWZEE,JOHTO,MAP_WHIRL_ISLANDS_B2F_HNS,land_mons,TIME_DAY,table presence; access not verified
SPECIES_DROWZEE,JOHTO,MAP_WHIRL_ISLANDS_B2F_HNS,land_mons,TIME_NIGHT,table presence; access not verified
SPECIES_DROWZEE,JOHTO,MAP_WHIRL_ISLANDS_B3F_HNS,land_mons,TIME_DAY,table presence; access not verified
SPECIES_DROWZEE,KANTO,MAP_ROUTE11_HNS,land_mons,TIME_DAY,table presence; access not verified
SPECIES_DROWZEE,KANTO,MAP_ROUTE11_HNS,land_mons,TIME_NIGHT,table presence; access not verified
SPECIES_DUNSPARCE,JOHTO,MAP_DARK_CAVE_SOUTH_SIDE_HNS,land_mons,TIME_DAY,table presence; access not verified
SPECIES_DUNSPARCE,KANTO,MAP_CERULEAN_CAVE_B1F_HNS,land_mons,TIME_DAY,table presence; access not verified
SPECIES_DUNSPARCE,KANTO,MAP_CERULEAN_CAVE_B1F_HNS,land_mons,TIME_NIGHT,table presence; access not verified
SPECIES_DUNSPARCE,KANTO,MAP_ROCK_TUNNEL_1F_HNS,land_mons,TIME_DAY,table presence; access not verified
SPECIES_DUNSPARCE,KANTO,MAP_ROCK_TUNNEL_1F_HNS,land_mons,TIME_NIGHT,table presence; access not verified
SPECIES_DUNSPARCE,KANTO,MAP_SEAFOAM_ISLANDS_1F_HNS,land_mons,TIME_DAY,table presence; access not verified
SPECIES_DUNSPARCE,KANTO,MAP_SEAFOAM_ISLANDS_1F_HNS,land_mons,TIME_NIGHT,table presence; access not verified
SPECIES_ELECTRIKE,HNS_UNCLASSIFIED,MAP_PONI_CAVE_HNS,land_mons,TIME_DAY,table presence; access not verified
SPECIES_ELECTRIKE,HOENN,MAP_ROUTE110,land_mons,TIME_DAY,table presence; access not verified
SPECIES_ELECTRIKE,HOENN,MAP_ROUTE118,land_mons,TIME_DAY,table presence; access not verified
SPECIES_ELECTRODE,HOENN,MAP_NEW_MAUVILLE_INSIDE,land_mons,TIME_DAY,table presence; access not verified
SPECIES_ELECTRODE,KANTO,MAP_CERULEAN_CAVE_1F_HNS,land_mons,TIME_DAY,table presence; access not verified
SPECIES_ELECTRODE,KANTO,MAP_CERULEAN_CAVE_1F_HNS,land_mons,TIME_NIGHT,table presence; access not verified
SPECIES_ELECTRODE,KANTO,MAP_CERULEAN_CAVE_B1F_HNS,land_mons,TIME_DAY,table presence; access not verified
SPECIES_ELECTRODE,KANTO,MAP_CERULEAN_CAVE_B1F_HNS,land_mons,TIME_NIGHT,table presence; access not verified
SPECIES_ELECTRODE,KANTO,MAP_CERULEAN_CAVE_B2F_HNS,land_mons,TIME_DAY,table presence; access not verified
SPECIES_ELECTRODE,KANTO,MAP_CERULEAN_CAVE_B2F_HNS,land_mons,TIME_NIGHT,table presence; access not verified
SPECIES_FARFETCHD,JOHTO,MAP_ROUTE43_HNS,land_mons,TIME_DAY,table presence; access not verified
SPECIES_FARFETCHD,JOHTO,MAP_ROUTE47_HNS,land_mons,TIME_DAY,table presence; access not verified
SPECIES_FARFETCHD,JOHTO,MAP_ROUTE48_HNS,land_mons,TIME_DAY,table presence; access not verified
SPECIES_FLAAFFY,JOHTO,MAP_ROUTE43_HNS,land_mons,TIME_DAY,table presence; access not verified
SPECIES_FLAAFFY,JOHTO,MAP_ROUTE43_HNS,land_mons,TIME_NIGHT,table presence; access not verified
SPECIES_FORRETRESS,HNS_UNCLASSIFIED,MAP_ROUTE50_HNS,rock_smash_mons,TIME_DAY,table presence; access not verified
SPECIES_FORRETRESS,JOHTO,MAP_MT_SILVER_MOUNTAIN_SIDE_HNS,rock_smash_mons,TIME_DAY,table presence; access not verified
SPECIES_FORRETRESS,JOHTO,MAP_MT_SILVER_MOUNTAIN_SIDE_HNS,rock_smash_mons,TIME_NIGHT,table presence; access not verified
SPECIES_FORRETRESS,JOHTO,MAP_MT_SILVER_OUTSIDE_HNS,rock_smash_mons,TIME_DAY,table presence; access not verified
SPECIES_FORRETRESS,JOHTO,MAP_MT_SILVER_OUTSIDE_HNS,rock_smash_mons,TIME_NIGHT,table presence; access not verified
SPECIES_FORRETRESS,JOHTO,MAP_ROUTE28_HNS,rock_smash_mons,TIME_DAY,table presence; access not verified
SPECIES_FORRETRESS,JOHTO,MAP_ROUTE28_HNS,rock_smash_mons,TIME_NIGHT,table presence; access not verified
SPECIES_GEODUDE,HNS_UNCLASSIFIED,MAP_SINJOH_RUINS_HNS,rock_smash_mons,TIME_DAY,table presence; access not verified
SPECIES_GEODUDE,HNS_UNCLASSIFIED,MAP_SINJOH_RUINS_HNS,rock_smash_mons,TIME_NIGHT,table presence; access not verified
SPECIES_GEODUDE,HNS_UNCLASSIFIED,MAP_SNOWSWEPT_CAVERN_HNS,rock_smash_mons,TIME_DAY,table presence; access not verified
SPECIES_GEODUDE,HOENN,MAP_GRANITE_CAVE_1F,land_mons,TIME_DAY,table presence; access not verified
SPECIES_GEODUDE,HOENN,MAP_GRANITE_CAVE_B2F,rock_smash_mons,TIME_DAY,table presence; access not verified
SPECIES_GEODUDE,HOENN,MAP_MAGMA_HIDEOUT_1F,land_mons,TIME_DAY,table presence; access not verified
SPECIES_GEODUDE,HOENN,MAP_MAGMA_HIDEOUT_2F_1R,land_mons,TIME_DAY,table presence; access not verified
SPECIES_GEODUDE,HOENN,MAP_MAGMA_HIDEOUT_2F_2R,land_mons,TIME_DAY,table presence; access not verified
SPECIES_GEODUDE,HOENN,MAP_MAGMA_HIDEOUT_2F_3R,land_mons,TIME_DAY,table presence; access not verified
SPECIES_GEODUDE,HOENN,MAP_MAGMA_HIDEOUT_3F_1R,land_mons,TIME_DAY,table presence; access not verified
SPECIES_GEODUDE,HOENN,MAP_MAGMA_HIDEOUT_3F_2R,land_mons,TIME_DAY,table presence; access not verified
SPECIES_GEODUDE,HOENN,MAP_MAGMA_HIDEOUT_3F_3R,land_mons,TIME_DAY,table presence; access not verified
SPECIES_GEODUDE,HOENN,MAP_MAGMA_HIDEOUT_4F,land_mons,TIME_DAY,table presence; access not verified
SPECIES_GEODUDE,HOENN,MAP_ROUTE111,rock_smash_mons,TIME_DAY,table presence; access not verified
SPECIES_GEODUDE,HOENN,MAP_ROUTE114,rock_smash_mons,TIME_DAY,table presence; access not verified
SPECIES_GEODUDE,HOENN,MAP_SAFARI_ZONE_NORTH,rock_smash_mons,TIME_DAY,table presence; access not verified
SPECIES_GEODUDE,HOENN,MAP_VICTORY_ROAD_B1F,rock_smash_mons,TIME_DAY,table presence; access not verified
SPECIES_GEODUDE,JOHTO,MAP_CIANWOOD_CITY_HNS,rock_smash_mons,TIME_DAY,table presence; access not verified
SPECIES_GEODUDE,JOHTO,MAP_CLIFF_EDGE_CAVE_HNS,land_mons,TIME_DAY,table presence; access not verified
SPECIES_GEODUDE,JOHTO,MAP_DARK_CAVE_NORTH_SIDE_HNS,land_mons,TIME_DAY,table presence; access not verified
SPECIES_GEODUDE,JOHTO,MAP_DARK_CAVE_NORTH_SIDE_HNS,land_mons,TIME_NIGHT,table presence; access not verified
SPECIES_GEODUDE,JOHTO,MAP_DARK_CAVE_SOUTH_SIDE_HNS,land_mons,TIME_DAY,table presence; access not verified
SPECIES_GEODUDE,JOHTO,MAP_MT_MORTAR_1F_NORTH_HNS,land_mons,TIME_DAY,table presence; access not verified
SPECIES_GEODUDE,JOHTO,MAP_MT_MORTAR_1F_NORTH_HNS,land_mons,TIME_NIGHT,table presence; access not verified
SPECIES_GEODUDE,JOHTO,MAP_MT_MORTAR_1F_SOUTH_HNS,land_mons,TIME_DAY,table presence; access not verified
SPECIES_GEODUDE,JOHTO,MAP_MT_MORTAR_1F_SOUTH_HNS,land_mons,TIME_NIGHT,table presence; access not verified
SPECIES_GEODUDE,JOHTO,MAP_MT_MORTAR_2F_HNS,land_mons,TIME_DAY,table presence; access not verified
SPECIES_GEODUDE,JOHTO,MAP_MT_MORTAR_2F_HNS,land_mons,TIME_NIGHT,table presence; access not verified
SPECIES_GEODUDE,JOHTO,MAP_MT_MORTAR_B1F_HNS,land_mons,TIME_DAY,table presence; access not verified
SPECIES_GEODUDE,JOHTO,MAP_MT_MORTAR_B1F_HNS,land_mons,TIME_NIGHT,table presence; access not verified
SPECIES_GEODUDE,JOHTO,MAP_MT_SILVER_1F_ITEM_ROOM_HNS,land_mons,TIME_DAY,table presence; access not verified
SPECIES_GEODUDE,JOHTO,MAP_MT_SILVER_1F_WATERFALL_ROOM_HNS,land_mons,TIME_DAY,table presence; access not verified
SPECIES_GEODUDE,JOHTO,MAP_MT_SILVER_1F_WATERFALL_ROOM_HNS,land_mons,TIME_NIGHT,table presence; access not verified
SPECIES_GEODUDE,JOHTO,MAP_MT_SILVER_2F_HNS,land_mons,TIME_DAY,table presence; access not verified
SPECIES_GEODUDE,JOHTO,MAP_MT_SILVER_OUTSIDE_HNS,land_mons,TIME_DAY,table presence; access not verified
SPECIES_GEODUDE,JOHTO,MAP_ROCKET_HIDEOUT_B1F_HNS,land_mons,TIME_DAY,table presence; access not verified
SPECIES_GEODUDE,JOHTO,MAP_ROUTE45_HNS,land_mons,TIME_DAY,table presence; access not verified
SPECIES_GEODUDE,JOHTO,MAP_ROUTE46_HNS,land_mons,TIME_DAY,table presence; access not verified
SPECIES_GEODUDE,JOHTO,MAP_ROUTE46_HNS,land_mons,TIME_NIGHT,table presence; access not verified
SPECIES_GEODUDE,JOHTO,MAP_SAFARI_ZONE_LOW_MID_HNS,land_mons,TIME_DAY,table presence; access not verified
SPECIES_GEODUDE,JOHTO,MAP_UNION_CAVE_1F_HNS,land_mons,TIME_DAY,table presence; access not verified
SPECIES_GEODUDE,JOHTO,MAP_UNION_CAVE_B1F_HNS,land_mons,TIME_DAY,table presence; access not verified
SPECIES_GEODUDE,KANTO,MAP_CELADON_CITY_HNS,rock_smash_mons,TIME_DAY,table presence; access not verified
SPECIES_GEODUDE,KANTO,MAP_CELADON_CITY_HNS,rock_smash_mons,TIME_NIGHT,table presence; access not verified
SPECIES_GEODUDE,KANTO,MAP_CERULEAN_CAVE_1F_HNS,rock_smash_mons,TIME_DAY,table presence; access not verified
SPECIES_GEODUDE,KANTO,MAP_CERULEAN_CAVE_1F_HNS,rock_smash_mons,TIME_NIGHT,table presence; access not verified
SPECIES_GEODUDE,KANTO,MAP_CERULEAN_CAVE_B1F_HNS,rock_smash_mons,TIME_DAY,table presence; access not verified
SPECIES_GEODUDE,KANTO,MAP_CERULEAN_CAVE_B1F_HNS,rock_smash_mons,TIME_NIGHT,table presence; access not verified
SPECIES_GEODUDE,KANTO,MAP_CERULEAN_CAVE_B2F_HNS,rock_smash_mons,TIME_DAY,table presence; access not verified
SPECIES_GEODUDE,KANTO,MAP_CERULEAN_CAVE_B2F_HNS,rock_smash_mons,TIME_NIGHT,table presence; access not verified
SPECIES_GEODUDE,KANTO,MAP_CERULEAN_CITY_HNS,rock_smash_mons,TIME_DAY,table presence; access not verified
SPECIES_GEODUDE,KANTO,MAP_CERULEAN_CITY_HNS,rock_smash_mons,TIME_NIGHT,table presence; access not verified
SPECIES_GEODUDE,KANTO,MAP_FUCHSIA_CITY_HNS,rock_smash_mons,TIME_DAY,table presence; access not verified
SPECIES_GEODUDE,KANTO,MAP_FUCHSIA_CITY_HNS,rock_smash_mons,TIME_NIGHT,table presence; access not verified
SPECIES_GEODUDE,KANTO,MAP_LAVENDER_TOWN_HNS,rock_smash_mons,TIME_DAY,table presence; access not verified
SPECIES_GEODUDE,KANTO,MAP_LAVENDER_TOWN_HNS,rock_smash_mons,TIME_NIGHT,table presence; access not verified
SPECIES_GEODUDE,KANTO,MAP_MT_MOON_CAVE_HNS,land_mons,TIME_DAY,table presence; access not verified
SPECIES_GEODUDE,KANTO,MAP_MT_MOON_CAVE_HNS,land_mons,TIME_NIGHT,table presence; access not verified
SPECIES_GEODUDE,KANTO,MAP_PALLET_TOWN_HNS,rock_smash_mons,TIME_DAY,table presence; access not verified
SPECIES_GEODUDE,KANTO,MAP_PALLET_TOWN_HNS,rock_smash_mons,TIME_NIGHT,table presence; access not verified
SPECIES_GEODUDE,KANTO,MAP_PEWTER_CITY_HNS,rock_smash_mons,TIME_DAY,table presence; access not verified
SPECIES_GEODUDE,KANTO,MAP_PEWTER_CITY_HNS,rock_smash_mons,TIME_NIGHT,table presence; access not verified
SPECIES_GEODUDE,KANTO,MAP_ROCK_TUNNEL_1F_HNS,land_mons,TIME_DAY,table presence; access not verified
SPECIES_GEODUDE,KANTO,MAP_ROCK_TUNNEL_1F_HNS,land_mons,TIME_NIGHT,table presence; access not verified
SPECIES_GEODUDE,KANTO,MAP_ROCK_TUNNEL_B1F_HNS,land_mons,TIME_DAY,table presence; access not verified
SPECIES_GEODUDE,KANTO,MAP_ROCK_TUNNEL_B1F_HNS,land_mons,TIME_NIGHT,table presence; access not verified
SPECIES_GEODUDE,KANTO,MAP_ROUTE10_HNS,rock_smash_mons,TIME_DAY,table presence; access not verified
SPECIES_GEODUDE,KANTO,MAP_ROUTE10_HNS,rock_smash_mons,TIME_NIGHT,table presence; access not verified
SPECIES_GEODUDE,KANTO,MAP_ROUTE11_HNS,rock_smash_mons,TIME_DAY,table presence; access not verified
SPECIES_GEODUDE,KANTO,MAP_ROUTE11_HNS,rock_smash_mons,TIME_NIGHT,table presence; access not verified
SPECIES_GEODUDE,KANTO,MAP_ROUTE12_HNS,rock_smash_mons,TIME_DAY,table presence; access not verified
SPECIES_GEODUDE,KANTO,MAP_ROUTE12_HNS,rock_smash_mons,TIME_NIGHT,table presence; access not verified
SPECIES_GEODUDE,KANTO,MAP_ROUTE13_HNS,rock_smash_mons,TIME_DAY,table presence; access not verified
SPECIES_GEODUDE,KANTO,MAP_ROUTE13_HNS,rock_smash_mons,TIME_NIGHT,table presence; access not verified
SPECIES_GEODUDE,KANTO,MAP_ROUTE1_HNS,rock_smash_mons,TIME_DAY,table presence; access not verified
SPECIES_GEODUDE,KANTO,MAP_ROUTE1_HNS,rock_smash_mons,TIME_NIGHT,table presence; access not verified
SPECIES_GEODUDE,KANTO,MAP_ROUTE2_HNS,rock_smash_mons,TIME_DAY,table presence; access not verified
SPECIES_GEODUDE,KANTO,MAP_ROUTE2_HNS,rock_smash_mons,TIME_NIGHT,table presence; access not verified
SPECIES_GEODUDE,KANTO,MAP_ROUTE3_HNS,rock_smash_mons,TIME_DAY,table presence; access not verified
SPECIES_GEODUDE,KANTO,MAP_ROUTE3_HNS,rock_smash_mons,TIME_NIGHT,table presence; access not verified
SPECIES_GEODUDE,KANTO,MAP_ROUTE4_HNS,rock_smash_mons,TIME_DAY,table presence; access not verified
SPECIES_GEODUDE,KANTO,MAP_ROUTE4_HNS,rock_smash_mons,TIME_NIGHT,table presence; access not verified
SPECIES_GEODUDE,KANTO,MAP_ROUTE5_HNS,rock_smash_mons,TIME_DAY,table presence; access not verified
SPECIES_GEODUDE,KANTO,MAP_ROUTE5_HNS,rock_smash_mons,TIME_NIGHT,table presence; access not verified
SPECIES_GEODUDE,KANTO,MAP_ROUTE6_HNS,rock_smash_mons,TIME_DAY,table presence; access not verified
SPECIES_GEODUDE,KANTO,MAP_ROUTE6_HNS,rock_smash_mons,TIME_NIGHT,table presence; access not verified
SPECIES_GEODUDE,KANTO,MAP_ROUTE7_HNS,rock_smash_mons,TIME_DAY,table presence; access not verified
SPECIES_GEODUDE,KANTO,MAP_ROUTE7_HNS,rock_smash_mons,TIME_NIGHT,table presence; access not verified
SPECIES_GEODUDE,KANTO,MAP_ROUTE8_HNS,rock_smash_mons,TIME_DAY,table presence; access not verified
SPECIES_GEODUDE,KANTO,MAP_ROUTE8_HNS,rock_smash_mons,TIME_NIGHT,table presence; access not verified
SPECIES_GEODUDE,KANTO,MAP_ROUTE9_HNS,rock_smash_mons,TIME_DAY,table presence; access not verified
SPECIES_GEODUDE,KANTO,MAP_ROUTE9_HNS,rock_smash_mons,TIME_NIGHT,table presence; access not verified
SPECIES_GEODUDE,KANTO,MAP_SAFFRON_CITY_HNS,rock_smash_mons,TIME_DAY,table presence; access not verified
SPECIES_GEODUDE,KANTO,MAP_SAFFRON_CITY_HNS,rock_smash_mons,TIME_NIGHT,table presence; access not verified
SPECIES_GEODUDE,KANTO,MAP_VERMILION_CITY_HNS,rock_smash_mons,TIME_DAY,table presence; access not verified
SPECIES_GEODUDE,KANTO,MAP_VERMILION_CITY_HNS,rock_smash_mons,TIME_NIGHT,table presence; access not verified
SPECIES_GEODUDE,KANTO,MAP_VICTORY_ROAD_KANTO_1F_HNS,land_mons,TIME_DAY,table presence; access not verified
SPECIES_GEODUDE,KANTO,MAP_VICTORY_ROAD_KANTO_1F_HNS,land_mons,TIME_NIGHT,table presence; access not verified
SPECIES_GEODUDE,KANTO,MAP_VICTORY_ROAD_KANTO_B1F_HNS,land_mons,TIME_DAY,table presence; access not verified
SPECIES_GEODUDE,KANTO,MAP_VICTORY_ROAD_KANTO_B1F_HNS,land_mons,TIME_NIGHT,table presence; access not verified
SPECIES_GEODUDE,KANTO,MAP_VICTORY_ROAD_KANTO_B2F_HNS,land_mons,TIME_DAY,table presence; access not verified
SPECIES_GEODUDE,KANTO,MAP_VICTORY_ROAD_KANTO_B2F_HNS,land_mons,TIME_NIGHT,table presence; access not verified
SPECIES_GEODUDE,KANTO,MAP_VIRIDIAN_CITY_HNS,rock_smash_mons,TIME_DAY,table presence; access not verified
SPECIES_GEODUDE,KANTO,MAP_VIRIDIAN_CITY_HNS,rock_smash_mons,TIME_NIGHT,table presence; access not verified
SPECIES_GIRAFARIG,HOENN,MAP_SAFARI_ZONE_SOUTH,land_mons,TIME_DAY,table presence; access not verified
SPECIES_GIRAFARIG,HOENN,MAP_SAFARI_ZONE_SOUTHWEST,land_mons,TIME_DAY,table presence; access not verified
SPECIES_GIRAFARIG,JOHTO,MAP_ROUTE43_HNS,land_mons,TIME_DAY,table presence; access not verified
SPECIES_GIRAFARIG,JOHTO,MAP_ROUTE43_HNS,land_mons,TIME_NIGHT,table presence; access not verified
SPECIES_GIRAFARIG,JOHTO,MAP_ROUTE48_HNS,land_mons,TIME_DAY,table presence; access not verified
SPECIES_GIRAFARIG,KANTO,MAP_FUCHSIA_CITY_SAFARI_ZONE_BEACH_HNS,land_mons,TIME_NIGHT,table presence; access not verified
SPECIES_GIRAFARIG,KANTO,MAP_FUCHSIA_CITY_SAFARI_ZONE_MOUNTAIN_HNS,land_mons,TIME_NIGHT,table presence; access not verified
SPECIES_GLIGAR,HOENN,MAP_SAFARI_ZONE_SOUTHEAST,land_mons,TIME_DAY,table presence; access not verified
SPECIES_GLIGAR,JOHTO,MAP_ROUTE42_HNS,land_mons,TIME_DAY,table presence; access not verified
SPECIES_GLIGAR,JOHTO,MAP_ROUTE42_HNS,land_mons,TIME_NIGHT,table presence; access not verified
SPECIES_GLIGAR,JOHTO,MAP_ROUTE45_HNS,land_mons,TIME_DAY,table presence; access not verified
SPECIES_GLIGAR,JOHTO,MAP_SAFARI_ZONE_LOW_LEFT_HNS,land_mons,TIME_DAY,table presence; access not verified
SPECIES_GLIGAR,KANTO,MAP_VICTORY_ROAD_KANTO_B1F_HNS,land_mons,TIME_NIGHT,table presence; access not verified
SPECIES_GLIGAR,KANTO,MAP_VICTORY_ROAD_KANTO_B2F_HNS,land_mons,TIME_NIGHT,table presence; access not verified
SPECIES_GOLDEEN,HNS_UNCLASSIFIED,MAP_AKALA_ISLE_HNS,fishing_mons,TIME_DAY,table presence; access not verified
SPECIES_GOLDEEN,HNS_UNCLASSIFIED,MAP_ULAULA_ISLE_HNS,fishing_mons,TIME_DAY,table presence; access not verified
SPECIES_GOLDEEN,HOENN,MAP_METEOR_FALLS_1F_1R,fishing_mons,TIME_DAY,table presence; access not verified
SPECIES_GOLDEEN,HOENN,MAP_METEOR_FALLS_1F_2R,fishing_mons,TIME_DAY,table presence; access not verified
SPECIES_GOLDEEN,HOENN,MAP_METEOR_FALLS_B1F_1R,fishing_mons,TIME_DAY,table presence; access not verified
SPECIES_GOLDEEN,HOENN,MAP_METEOR_FALLS_B1F_2R,fishing_mons,TIME_DAY,table presence; access not verified
SPECIES_GOLDEEN,HOENN,MAP_PETALBURG_CITY,fishing_mons,TIME_DAY,table presence; access not verified
SPECIES_GOLDEEN,HOENN,MAP_ROUTE102,fishing_mons,TIME_DAY,table presence; access not verified
SPECIES_GOLDEEN,HOENN,MAP_ROUTE102,water_mons,TIME_DAY,table presence; access not verified
SPECIES_GOLDEEN,HOENN,MAP_ROUTE111,fishing_mons,TIME_DAY,table presence; access not verified
SPECIES_GOLDEEN,HOENN,MAP_ROUTE111,water_mons,TIME_DAY,table presence; access not verified
SPECIES_GOLDEEN,HOENN,MAP_ROUTE114,fishing_mons,TIME_DAY,table presence; access not verified
SPECIES_GOLDEEN,HOENN,MAP_ROUTE114,water_mons,TIME_DAY,table presence; access not verified
SPECIES_GOLDEEN,HOENN,MAP_ROUTE117,fishing_mons,TIME_DAY,table presence; access not verified
SPECIES_GOLDEEN,HOENN,MAP_ROUTE117,water_mons,TIME_DAY,table presence; access not verified
SPECIES_GOLDEEN,HOENN,MAP_ROUTE120,fishing_mons,TIME_DAY,table presence; access not verified
SPECIES_GOLDEEN,HOENN,MAP_ROUTE120,water_mons,TIME_DAY,table presence; access not verified
SPECIES_GOLDEEN,HOENN,MAP_SAFARI_ZONE_NORTHWEST,fishing_mons,TIME_DAY,table presence; access not verified
SPECIES_GOLDEEN,HOENN,MAP_SAFARI_ZONE_SOUTHEAST,fishing_mons,TIME_DAY,table presence; access not verified
SPECIES_GOLDEEN,HOENN,MAP_SAFARI_ZONE_SOUTHWEST,fishing_mons,TIME_DAY,table presence; access not verified
SPECIES_GOLDEEN,HOENN,MAP_VICTORY_ROAD_B2F,fishing_mons,TIME_DAY,table presence; access not verified
SPECIES_GOLDEEN,JOHTO,MAP_DARK_CAVE_NORTH_SIDE_HNS,fishing_mons,TIME_DAY,table presence; access not verified
SPECIES_GOLDEEN,JOHTO,MAP_DARK_CAVE_NORTH_SIDE_HNS,fishing_mons,TIME_NIGHT,table presence; access not verified
SPECIES_GOLDEEN,JOHTO,MAP_DARK_CAVE_SOUTH_SIDE_HNS,fishing_mons,TIME_DAY,table presence; access not verified
SPECIES_GOLDEEN,JOHTO,MAP_MT_MORTAR_1F_NORTH_HNS,fishing_mons,TIME_DAY,table presence; access not verified
SPECIES_GOLDEEN,JOHTO,MAP_MT_MORTAR_1F_NORTH_HNS,fishing_mons,TIME_NIGHT,table presence; access not verified
SPECIES_GOLDEEN,JOHTO,MAP_MT_MORTAR_1F_NORTH_HNS,water_mons,TIME_DAY,table presence; access not verified
SPECIES_GOLDEEN,JOHTO,MAP_MT_MORTAR_1F_NORTH_HNS,water_mons,TIME_NIGHT,table presence; access not verified
SPECIES_GOLDEEN,JOHTO,MAP_MT_MORTAR_1F_SOUTH_HNS,fishing_mons,TIME_DAY,table presence; access not verified
SPECIES_GOLDEEN,JOHTO,MAP_MT_MORTAR_1F_SOUTH_HNS,fishing_mons,TIME_NIGHT,table presence; access not verified
SPECIES_GOLDEEN,JOHTO,MAP_MT_MORTAR_1F_SOUTH_HNS,water_mons,TIME_DAY,table presence; access not verified
SPECIES_GOLDEEN,JOHTO,MAP_MT_MORTAR_1F_SOUTH_HNS,water_mons,TIME_NIGHT,table presence; access not verified
SPECIES_GOLDEEN,JOHTO,MAP_MT_MORTAR_2F_HNS,fishing_mons,TIME_DAY,table presence; access not verified
SPECIES_GOLDEEN,JOHTO,MAP_MT_MORTAR_2F_HNS,fishing_mons,TIME_NIGHT,table presence; access not verified
SPECIES_GOLDEEN,JOHTO,MAP_MT_MORTAR_2F_HNS,water_mons,TIME_DAY,table presence; access not verified
SPECIES_GOLDEEN,JOHTO,MAP_MT_MORTAR_2F_HNS,water_mons,TIME_NIGHT,table presence; access not verified
SPECIES_GOLDEEN,JOHTO,MAP_MT_MORTAR_B1F_HNS,fishing_mons,TIME_DAY,table presence; access not verified
SPECIES_GOLDEEN,JOHTO,MAP_MT_MORTAR_B1F_HNS,fishing_mons,TIME_NIGHT,table presence; access not verified
SPECIES_GOLDEEN,JOHTO,MAP_MT_MORTAR_B1F_HNS,water_mons,TIME_DAY,table presence; access not verified
SPECIES_GOLDEEN,JOHTO,MAP_MT_MORTAR_B1F_HNS,water_mons,TIME_NIGHT,table presence; access not verified
SPECIES_GOLDEEN,JOHTO,MAP_MT_SILVER_1F_MOLTRES_ROOM_HNS,water_mons,TIME_DAY,table presence; access not verified
SPECIES_GOLDEEN,JOHTO,MAP_MT_SILVER_1F_MOLTRES_ROOM_HNS,water_mons,TIME_NIGHT,table presence; access not verified
SPECIES_GOLDEEN,JOHTO,MAP_MT_SILVER_1F_WATERFALL_ROOM_HNS,water_mons,TIME_DAY,table presence; access not verified
SPECIES_GOLDEEN,JOHTO,MAP_MT_SILVER_1F_WATERFALL_ROOM_HNS,water_mons,TIME_NIGHT,table presence; access not verified
SPECIES_GOLDEEN,JOHTO,MAP_ROUTE42_HNS,fishing_mons,TIME_DAY,table presence; access not verified
SPECIES_GOLDEEN,JOHTO,MAP_ROUTE42_HNS,fishing_mons,TIME_NIGHT,table presence; access not verified
SPECIES_GOLDEEN,JOHTO,MAP_ROUTE42_HNS,water_mons,TIME_DAY,table presence; access not verified
SPECIES_GOLDEEN,JOHTO,MAP_ROUTE42_HNS,water_mons,TIME_NIGHT,table presence; access not verified
SPECIES_GOLDEEN,JOHTO,MAP_SAFARI_ZONE_LOW_MID_HNS,fishing_mons,TIME_DAY,table presence; access not verified
SPECIES_GOLDEEN,JOHTO,MAP_SAFARI_ZONE_TOP_MID_HNS,fishing_mons,TIME_DAY,table presence; access not verified
SPECIES_GOLDEEN,JOHTO,MAP_SLOWPOKE_WELL_B1F_HNS,fishing_mons,TIME_DAY,table presence; access not verified
SPECIES_GOLDEEN,JOHTO,MAP_SLOWPOKE_WELL_B2F_HNS,fishing_mons,TIME_DAY,table presence; access not verified
SPECIES_GOLDEEN,JOHTO,MAP_TOHJO_FALLS_CAVERN_HNS,fishing_mons,TIME_DAY,table presence; access not verified
SPECIES_GOLDEEN,JOHTO,MAP_TOHJO_FALLS_CAVERN_HNS,fishing_mons,TIME_NIGHT,table presence; access not verified
SPECIES_GOLDEEN,JOHTO,MAP_TOHJO_FALLS_CAVERN_HNS,water_mons,TIME_DAY,table presence; access not verified
SPECIES_GOLDEEN,JOHTO,MAP_TOHJO_FALLS_CAVERN_HNS,water_mons,TIME_NIGHT,table presence; access not verified
SPECIES_GOLDEEN,JOHTO,MAP_UNION_CAVE_1F_HNS,fishing_mons,TIME_DAY,table presence; access not verified
SPECIES_GOLDEEN,JOHTO,MAP_UNION_CAVE_B1F_HNS,fishing_mons,TIME_DAY,table presence; access not verified
SPECIES_GOLDEEN,KANTO,MAP_CERULEAN_CAVE_1F_HNS,fishing_mons,TIME_DAY,table presence; access not verified
SPECIES_GOLDEEN,KANTO,MAP_CERULEAN_CAVE_1F_HNS,fishing_mons,TIME_NIGHT,table presence; access not verified
SPECIES_GOLDEEN,KANTO,MAP_CERULEAN_CAVE_B1F_HNS,fishing_mons,TIME_DAY,table presence; access not verified
SPECIES_GOLDEEN,KANTO,MAP_CERULEAN_CAVE_B1F_HNS,fishing_mons,TIME_NIGHT,table presence; access not verified
SPECIES_GOLDEEN,KANTO,MAP_CERULEAN_CAVE_B2F_HNS,fishing_mons,TIME_DAY,table presence; access not verified
SPECIES_GOLDEEN,KANTO,MAP_CERULEAN_CAVE_B2F_HNS,fishing_mons,TIME_NIGHT,table presence; access not verified
SPECIES_GOLDEEN,KANTO,MAP_FUCHSIA_CITY_HNS,fishing_mons,TIME_DAY,table presence; access not verified
SPECIES_GOLDEEN,KANTO,MAP_FUCHSIA_CITY_HNS,fishing_mons,TIME_NIGHT,table presence; access not verified
SPECIES_GOLDEEN,KANTO,MAP_FUCHSIA_CITY_SAFARI_ZONE_BEACH_HNS,fishing_mons,TIME_DAY,table presence; access not verified
SPECIES_GOLDEEN,KANTO,MAP_FUCHSIA_CITY_SAFARI_ZONE_BEACH_HNS,fishing_mons,TIME_NIGHT,table presence; access not verified
SPECIES_GOLDEEN,KANTO,MAP_FUCHSIA_CITY_SAFARI_ZONE_CAVE_HNS,fishing_mons,TIME_DAY,table presence; access not verified
SPECIES_GOLDEEN,KANTO,MAP_FUCHSIA_CITY_SAFARI_ZONE_CAVE_HNS,fishing_mons,TIME_NIGHT,table presence; access not verified
SPECIES_GOLDEEN,KANTO,MAP_FUCHSIA_CITY_SAFARI_ZONE_MOUNTAIN_HNS,fishing_mons,TIME_DAY,table presence; access not verified
SPECIES_GOLDEEN,KANTO,MAP_FUCHSIA_CITY_SAFARI_ZONE_MOUNTAIN_HNS,fishing_mons,TIME_NIGHT,table presence; access not verified
SPECIES_GOLDEEN,KANTO,MAP_ROUTE14_HNS,fishing_mons,TIME_DAY,table presence; access not verified
SPECIES_GOLDEEN,KANTO,MAP_ROUTE14_HNS,fishing_mons,TIME_NIGHT,table presence; access not verified
SPECIES_GOLDEEN,KANTO,MAP_ROUTE15_HNS,fishing_mons,TIME_DAY,table presence; access not verified
SPECIES_GOLDEEN,KANTO,MAP_ROUTE15_HNS,fishing_mons,TIME_NIGHT,table presence; access not verified
SPECIES_GOLDEEN,KANTO,MAP_ROUTE22_HNS,fishing_mons,TIME_DAY,table presence; access not verified
SPECIES_GOLDEEN,KANTO,MAP_ROUTE22_HNS,fishing_mons,TIME_NIGHT,table presence; access not verified
SPECIES_GOLDEEN,KANTO,MAP_ROUTE23_HNS,fishing_mons,TIME_DAY,table presence; access not verified
SPECIES_GOLDEEN,KANTO,MAP_ROUTE23_HNS,fishing_mons,TIME_NIGHT,table presence; access not verified
SPECIES_GOLDEEN,KANTO,MAP_ROUTE25_HNS,fishing_mons,TIME_DAY,table presence; access not verified
SPECIES_GOLDEEN,KANTO,MAP_ROUTE25_HNS,fishing_mons,TIME_NIGHT,table presence; access not verified
SPECIES_GOLDEEN,KANTO,MAP_ROUTE2_HNS,fishing_mons,TIME_DAY,table presence; access not verified
SPECIES_GOLDEEN,KANTO,MAP_ROUTE2_HNS,fishing_mons,TIME_NIGHT,table presence; access not verified
SPECIES_GOLDEEN,KANTO,MAP_ROUTE6_HNS,fishing_mons,TIME_DAY,table presence; access not verified
SPECIES_GOLDEEN,KANTO,MAP_ROUTE6_HNS,fishing_mons,TIME_NIGHT,table presence; access not verified
SPECIES_GOLDEEN,KANTO,MAP_VICTORY_ROAD_KANTO_1F_HNS,fishing_mons,TIME_DAY,table presence; access not verified
SPECIES_GOLDEEN,KANTO,MAP_VICTORY_ROAD_KANTO_1F_HNS,fishing_mons,TIME_NIGHT,table presence; access not verified
SPECIES_GOLDEEN,KANTO,MAP_VICTORY_ROAD_KANTO_B1F_HNS,fishing_mons,TIME_DAY,table presence; access not verified
SPECIES_GOLDEEN,KANTO,MAP_VICTORY_ROAD_KANTO_B1F_HNS,fishing_mons,TIME_NIGHT,table presence; access not verified
SPECIES_GOLDEEN,KANTO,MAP_VIRIDIAN_CITY_HNS,fishing_mons,TIME_DAY,table presence; access not verified
SPECIES_GOLDEEN,KANTO,MAP_VIRIDIAN_CITY_HNS,fishing_mons,TIME_NIGHT,table presence; access not verified
SPECIES_GOLDUCK,HNS_UNCLASSIFIED,MAP_PONI_CAVE_HNS,water_mons,TIME_DAY,table presence; access not verified
SPECIES_GOLDUCK,HNS_UNCLASSIFIED,MAP_PONI_ISLE_HNS,water_mons,TIME_DAY,table presence; access not verified
SPECIES_GOLDUCK,HOENN,MAP_SAFARI_ZONE_NORTHWEST,water_mons,TIME_DAY,table presence; access not verified
SPECIES_GOLDUCK,JOHTO,MAP_ILEX_FOREST_HNS,water_mons,TIME_DAY,table presence; access not verified
SPECIES_GOLDUCK,JOHTO,MAP_ILEX_FOREST_HNS,water_mons,TIME_NIGHT,table presence; access not verified
SPECIES_GOLDUCK,JOHTO,MAP_MT_SILVER_1F_ITEM_ROOM_HNS,land_mons,TIME_NIGHT,table presence; access not verified
SPECIES_GOLDUCK,JOHTO,MAP_MT_SILVER_1F_MOLTRES_ROOM_HNS,land_mons,TIME_NIGHT,table presence; access not verified
SPECIES_GOLDUCK,JOHTO,MAP_MT_SILVER_1F_MOLTRES_ROOM_HNS,water_mons,TIME_DAY,table presence; access not verified
SPECIES_GOLDUCK,JOHTO,MAP_MT_SILVER_1F_MOLTRES_ROOM_HNS,water_mons,TIME_NIGHT,table presence; access not verified
SPECIES_GOLDUCK,JOHTO,MAP_MT_SILVER_1F_WATERFALL_ROOM_HNS,land_mons,TIME_NIGHT,table presence; access not verified
SPECIES_GOLDUCK,JOHTO,MAP_MT_SILVER_1F_WATERFALL_ROOM_HNS,water_mons,TIME_DAY,table presence; access not verified
SPECIES_GOLDUCK,JOHTO,MAP_MT_SILVER_1F_WATERFALL_ROOM_HNS,water_mons,TIME_NIGHT,table presence; access not verified
SPECIES_GOLDUCK,JOHTO,MAP_MT_SILVER_2F_HNS,land_mons,TIME_DAY,table presence; access not verified
SPECIES_GOLDUCK,JOHTO,MAP_MT_SILVER_2F_HNS,water_mons,TIME_DAY,table presence; access not verified
SPECIES_GOLDUCK,JOHTO,MAP_ROUTE35_HNS,water_mons,TIME_DAY,table presence; access not verified
SPECIES_GOLDUCK,JOHTO,MAP_ROUTE35_HNS,water_mons,TIME_NIGHT,table presence; access not verified
SPECIES_GOLDUCK,JOHTO,MAP_SAFARI_ZONE_LOW_RIGHT_HNS,land_mons,TIME_DAY,table presence; access not verified
SPECIES_GOLDUCK,JOHTO,MAP_WHIRL_ISLANDS_B2F_HNS,land_mons,TIME_DAY,table presence; access not verified
SPECIES_GOLDUCK,JOHTO,MAP_WHIRL_ISLANDS_B2F_HNS,land_mons,TIME_NIGHT,table presence; access not verified
SPECIES_GOLDUCK,JOHTO,MAP_WHIRL_ISLANDS_B3F_HNS,land_mons,TIME_DAY,table presence; access not verified
SPECIES_GOLDUCK,KANTO,MAP_CERULEAN_CAVE_1F_HNS,water_mons,TIME_DAY,table presence; access not verified
SPECIES_GOLDUCK,KANTO,MAP_CERULEAN_CAVE_1F_HNS,water_mons,TIME_NIGHT,table presence; access not verified
SPECIES_GOLDUCK,KANTO,MAP_CERULEAN_CAVE_B1F_HNS,water_mons,TIME_DAY,table presence; access not verified
SPECIES_GOLDUCK,KANTO,MAP_CERULEAN_CAVE_B1F_HNS,water_mons,TIME_NIGHT,table presence; access not verified
SPECIES_GOLDUCK,KANTO,MAP_CERULEAN_CAVE_B2F_HNS,water_mons,TIME_DAY,table presence; access not verified
SPECIES_GOLDUCK,KANTO,MAP_CERULEAN_CAVE_B2F_HNS,water_mons,TIME_NIGHT,table presence; access not verified
SPECIES_GOLDUCK,KANTO,MAP_SEAFOAM_ISLANDS_B1F_HNS,land_mons,TIME_DAY,table presence; access not verified
SPECIES_GOLDUCK,KANTO,MAP_SEAFOAM_ISLANDS_B1F_HNS,land_mons,TIME_NIGHT,table presence; access not verified
SPECIES_GOLDUCK,KANTO,MAP_VICTORY_ROAD_KANTO_B1F_HNS,water_mons,TIME_DAY,table presence; access not verified
SPECIES_GOLDUCK,KANTO,MAP_VICTORY_ROAD_KANTO_B1F_HNS,water_mons,TIME_NIGHT,table presence; access not verified
SPECIES_GRAVELER,HNS_UNCLASSIFIED,MAP_SINJOH_RUINS_HNS,rock_smash_mons,TIME_DAY,table presence; access not verified
SPECIES_GRAVELER,HNS_UNCLASSIFIED,MAP_SINJOH_RUINS_HNS,rock_smash_mons,TIME_NIGHT,table presence; access not verified
SPECIES_GRAVELER,HNS_UNCLASSIFIED,MAP_SNOWSWEPT_CAVERN_HNS,rock_smash_mons,TIME_DAY,table presence; access not verified
SPECIES_GRAVELER,HOENN,MAP_MAGMA_HIDEOUT_1F,land_mons,TIME_DAY,table presence; access not verified
SPECIES_GRAVELER,HOENN,MAP_MAGMA_HIDEOUT_2F_1R,land_mons,TIME_DAY,table presence; access not verified
SPECIES_GRAVELER,HOENN,MAP_MAGMA_HIDEOUT_2F_2R,land_mons,TIME_DAY,table presence; access not verified
SPECIES_GRAVELER,HOENN,MAP_MAGMA_HIDEOUT_2F_3R,land_mons,TIME_DAY,table presence; access not verified
SPECIES_GRAVELER,HOENN,MAP_MAGMA_HIDEOUT_3F_1R,land_mons,TIME_DAY,table presence; access not verified
SPECIES_GRAVELER,HOENN,MAP_MAGMA_HIDEOUT_3F_2R,land_mons,TIME_DAY,table presence; access not verified
SPECIES_GRAVELER,HOENN,MAP_MAGMA_HIDEOUT_3F_3R,land_mons,TIME_DAY,table presence; access not verified
SPECIES_GRAVELER,HOENN,MAP_MAGMA_HIDEOUT_4F,land_mons,TIME_DAY,table presence; access not verified
SPECIES_GRAVELER,HOENN,MAP_VICTORY_ROAD_B1F,rock_smash_mons,TIME_DAY,table presence; access not verified
SPECIES_GRAVELER,JOHTO,MAP_CLIFF_EDGE_CAVE_HNS,land_mons,TIME_DAY,table presence; access not verified
SPECIES_GRAVELER,JOHTO,MAP_DARK_CAVE_NORTH_SIDE_HNS,land_mons,TIME_DAY,table presence; access not verified
SPECIES_GRAVELER,JOHTO,MAP_DARK_CAVE_NORTH_SIDE_HNS,land_mons,TIME_NIGHT,table presence; access not verified
SPECIES_GRAVELER,JOHTO,MAP_MT_MORTAR_2F_HNS,land_mons,TIME_DAY,table presence; access not verified
SPECIES_GRAVELER,JOHTO,MAP_MT_MORTAR_2F_HNS,land_mons,TIME_NIGHT,table presence; access not verified
SPECIES_GRAVELER,JOHTO,MAP_MT_SILVER_1F_ITEM_ROOM_HNS,land_mons,TIME_DAY,table presence; access not verified
SPECIES_GRAVELER,JOHTO,MAP_MT_SILVER_1F_ITEM_ROOM_HNS,land_mons,TIME_NIGHT,table presence; access not verified
SPECIES_GRAVELER,JOHTO,MAP_MT_SILVER_1F_MOLTRES_ROOM_HNS,land_mons,TIME_DAY,table presence; access not verified
SPECIES_GRAVELER,JOHTO,MAP_MT_SILVER_1F_WATERFALL_ROOM_HNS,land_mons,TIME_DAY,table presence; access not verified
SPECIES_GRAVELER,JOHTO,MAP_MT_SILVER_1F_WATERFALL_ROOM_HNS,land_mons,TIME_NIGHT,table presence; access not verified
SPECIES_GRAVELER,JOHTO,MAP_MT_SILVER_2F_HNS,land_mons,TIME_DAY,table presence; access not verified
SPECIES_GRAVELER,JOHTO,MAP_MT_SILVER_3F_HNS,land_mons,TIME_DAY,table presence; access not verified
SPECIES_GRAVELER,JOHTO,MAP_MT_SILVER_MOUNTAIN_SIDE_HNS,land_mons,TIME_DAY,table presence; access not verified
SPECIES_GRAVELER,JOHTO,MAP_MT_SILVER_MOUNTAIN_SIDE_HNS,land_mons,TIME_NIGHT,table presence; access not verified
SPECIES_GRAVELER,JOHTO,MAP_MT_SILVER_OUTSIDE_HNS,land_mons,TIME_DAY,table presence; access not verified
SPECIES_GRAVELER,JOHTO,MAP_ROUTE45_HNS,land_mons,TIME_DAY,table presence; access not verified
SPECIES_GRAVELER,JOHTO,MAP_SAFARI_ZONE_LOW_MID_HNS,land_mons,TIME_DAY,table presence; access not verified
SPECIES_GRAVELER,KANTO,MAP_CELADON_CITY_HNS,rock_smash_mons,TIME_DAY,table presence; access not verified
SPECIES_GRAVELER,KANTO,MAP_CELADON_CITY_HNS,rock_smash_mons,TIME_NIGHT,table presence; access not verified
SPECIES_GRAVELER,KANTO,MAP_CERULEAN_CAVE_1F_HNS,rock_smash_mons,TIME_DAY,table presence; access not verified
SPECIES_GRAVELER,KANTO,MAP_CERULEAN_CAVE_1F_HNS,rock_smash_mons,TIME_NIGHT,table presence; access not verified
SPECIES_GRAVELER,KANTO,MAP_CERULEAN_CAVE_B1F_HNS,rock_smash_mons,TIME_DAY,table presence; access not verified
SPECIES_GRAVELER,KANTO,MAP_CERULEAN_CAVE_B1F_HNS,rock_smash_mons,TIME_NIGHT,table presence; access not verified
SPECIES_GRAVELER,KANTO,MAP_CERULEAN_CAVE_B2F_HNS,rock_smash_mons,TIME_DAY,table presence; access not verified
SPECIES_GRAVELER,KANTO,MAP_CERULEAN_CAVE_B2F_HNS,rock_smash_mons,TIME_NIGHT,table presence; access not verified
SPECIES_GRAVELER,KANTO,MAP_CERULEAN_CITY_HNS,rock_smash_mons,TIME_DAY,table presence; access not verified
SPECIES_GRAVELER,KANTO,MAP_CERULEAN_CITY_HNS,rock_smash_mons,TIME_NIGHT,table presence; access not verified
SPECIES_GRAVELER,KANTO,MAP_FUCHSIA_CITY_HNS,rock_smash_mons,TIME_DAY,table presence; access not verified
SPECIES_GRAVELER,KANTO,MAP_FUCHSIA_CITY_HNS,rock_smash_mons,TIME_NIGHT,table presence; access not verified
SPECIES_GRAVELER,KANTO,MAP_LAVENDER_TOWN_HNS,rock_smash_mons,TIME_DAY,table presence; access not verified
SPECIES_GRAVELER,KANTO,MAP_LAVENDER_TOWN_HNS,rock_smash_mons,TIME_NIGHT,table presence; access not verified
SPECIES_GRAVELER,KANTO,MAP_PALLET_TOWN_HNS,rock_smash_mons,TIME_DAY,table presence; access not verified
SPECIES_GRAVELER,KANTO,MAP_PALLET_TOWN_HNS,rock_smash_mons,TIME_NIGHT,table presence; access not verified
SPECIES_GRAVELER,KANTO,MAP_PEWTER_CITY_HNS,rock_smash_mons,TIME_DAY,table presence; access not verified
SPECIES_GRAVELER,KANTO,MAP_PEWTER_CITY_HNS,rock_smash_mons,TIME_NIGHT,table presence; access not verified
SPECIES_GRAVELER,KANTO,MAP_ROUTE10_HNS,rock_smash_mons,TIME_DAY,table presence; access not verified
SPECIES_GRAVELER,KANTO,MAP_ROUTE10_HNS,rock_smash_mons,TIME_NIGHT,table presence; access not verified
SPECIES_GRAVELER,KANTO,MAP_ROUTE11_HNS,rock_smash_mons,TIME_DAY,table presence; access not verified
SPECIES_GRAVELER,KANTO,MAP_ROUTE11_HNS,rock_smash_mons,TIME_NIGHT,table presence; access not verified
SPECIES_GRAVELER,KANTO,MAP_ROUTE12_HNS,rock_smash_mons,TIME_DAY,table presence; access not verified
SPECIES_GRAVELER,KANTO,MAP_ROUTE12_HNS,rock_smash_mons,TIME_NIGHT,table presence; access not verified
SPECIES_GRAVELER,KANTO,MAP_ROUTE13_HNS,rock_smash_mons,TIME_DAY,table presence; access not verified
SPECIES_GRAVELER,KANTO,MAP_ROUTE13_HNS,rock_smash_mons,TIME_NIGHT,table presence; access not verified
SPECIES_GRAVELER,KANTO,MAP_ROUTE1_HNS,rock_smash_mons,TIME_DAY,table presence; access not verified
SPECIES_GRAVELER,KANTO,MAP_ROUTE1_HNS,rock_smash_mons,TIME_NIGHT,table presence; access not verified
SPECIES_GRAVELER,KANTO,MAP_ROUTE2_HNS,rock_smash_mons,TIME_DAY,table presence; access not verified
SPECIES_GRAVELER,KANTO,MAP_ROUTE2_HNS,rock_smash_mons,TIME_NIGHT,table presence; access not verified
SPECIES_GRAVELER,KANTO,MAP_ROUTE3_HNS,rock_smash_mons,TIME_DAY,table presence; access not verified
SPECIES_GRAVELER,KANTO,MAP_ROUTE3_HNS,rock_smash_mons,TIME_NIGHT,table presence; access not verified
SPECIES_GRAVELER,KANTO,MAP_ROUTE4_HNS,rock_smash_mons,TIME_DAY,table presence; access not verified
SPECIES_GRAVELER,KANTO,MAP_ROUTE4_HNS,rock_smash_mons,TIME_NIGHT,table presence; access not verified
SPECIES_GRAVELER,KANTO,MAP_ROUTE5_HNS,rock_smash_mons,TIME_DAY,table presence; access not verified
SPECIES_GRAVELER,KANTO,MAP_ROUTE5_HNS,rock_smash_mons,TIME_NIGHT,table presence; access not verified
SPECIES_GRAVELER,KANTO,MAP_ROUTE6_HNS,rock_smash_mons,TIME_DAY,table presence; access not verified
SPECIES_GRAVELER,KANTO,MAP_ROUTE6_HNS,rock_smash_mons,TIME_NIGHT,table presence; access not verified
SPECIES_GRAVELER,KANTO,MAP_ROUTE7_HNS,rock_smash_mons,TIME_DAY,table presence; access not verified
SPECIES_GRAVELER,KANTO,MAP_ROUTE7_HNS,rock_smash_mons,TIME_NIGHT,table presence; access not verified
SPECIES_GRAVELER,KANTO,MAP_ROUTE8_HNS,rock_smash_mons,TIME_DAY,table presence; access not verified
SPECIES_GRAVELER,KANTO,MAP_ROUTE8_HNS,rock_smash_mons,TIME_NIGHT,table presence; access not verified
SPECIES_GRAVELER,KANTO,MAP_ROUTE9_HNS,rock_smash_mons,TIME_DAY,table presence; access not verified
SPECIES_GRAVELER,KANTO,MAP_ROUTE9_HNS,rock_smash_mons,TIME_NIGHT,table presence; access not verified
SPECIES_GRAVELER,KANTO,MAP_SAFFRON_CITY_HNS,rock_smash_mons,TIME_DAY,table presence; access not verified
SPECIES_GRAVELER,KANTO,MAP_SAFFRON_CITY_HNS,rock_smash_mons,TIME_NIGHT,table presence; access not verified
SPECIES_GRAVELER,KANTO,MAP_VERMILION_CITY_HNS,rock_smash_mons,TIME_DAY,table presence; access not verified
SPECIES_GRAVELER,KANTO,MAP_VERMILION_CITY_HNS,rock_smash_mons,TIME_NIGHT,table presence; access not verified
SPECIES_GRAVELER,KANTO,MAP_VIRIDIAN_CITY_HNS,rock_smash_mons,TIME_DAY,table presence; access not verified
SPECIES_GRAVELER,KANTO,MAP_VIRIDIAN_CITY_HNS,rock_smash_mons,TIME_NIGHT,table presence; access not verified
SPECIES_GYARADOS,HNS_UNCLASSIFIED,MAP_AKALA_ISLE_HNS,fishing_mons,TIME_DAY,table presence; access not verified
SPECIES_GYARADOS,HNS_UNCLASSIFIED,MAP_ROUTE49_HNS,fishing_mons,TIME_DAY,table presence; access not verified
SPECIES_GYARADOS,HNS_UNCLASSIFIED,MAP_ROUTE49_HNS,water_mons,TIME_DAY,table presence; access not verified
SPECIES_GYARADOS,HOENN,MAP_SOOTOPOLIS_CITY,fishing_mons,TIME_DAY,table presence; access not verified
SPECIES_GYARADOS,JOHTO,MAP_LAKE_OF_RAGE_HNS,fishing_mons,TIME_DAY,table presence; access not verified
SPECIES_GYARADOS,JOHTO,MAP_LAKE_OF_RAGE_HNS,water_mons,TIME_DAY,table presence; access not verified
SPECIES_GYARADOS,JOHTO,MAP_SAFARI_ZONE_TOP_RIGHT_HNS,water_mons,TIME_DAY,table presence; access not verified
SPECIES_GYARADOS,KANTO,MAP_CERULEAN_CAVE_1F_HNS,fishing_mons,TIME_DAY,table presence; access not verified
SPECIES_GYARADOS,KANTO,MAP_CERULEAN_CAVE_1F_HNS,fishing_mons,TIME_NIGHT,table presence; access not verified
SPECIES_GYARADOS,KANTO,MAP_CERULEAN_CAVE_B1F_HNS,fishing_mons,TIME_DAY,table presence; access not verified
SPECIES_GYARADOS,KANTO,MAP_CERULEAN_CAVE_B1F_HNS,fishing_mons,TIME_NIGHT,table presence; access not verified
SPECIES_GYARADOS,KANTO,MAP_CERULEAN_CAVE_B2F_HNS,fishing_mons,TIME_DAY,table presence; access not verified
SPECIES_GYARADOS,KANTO,MAP_CERULEAN_CAVE_B2F_HNS,fishing_mons,TIME_NIGHT,table presence; access not verified
SPECIES_GYARADOS,KANTO,MAP_CERULEAN_CITY_HNS,fishing_mons,TIME_DAY,table presence; access not verified
SPECIES_GYARADOS,KANTO,MAP_CERULEAN_CITY_HNS,fishing_mons,TIME_NIGHT,table presence; access not verified
SPECIES_GYARADOS,KANTO,MAP_CINNABAR_ISLAND_HNS,fishing_mons,TIME_DAY,table presence; access not verified
SPECIES_GYARADOS,KANTO,MAP_CINNABAR_ISLAND_HNS,fishing_mons,TIME_NIGHT,table presence; access not verified
SPECIES_GYARADOS,KANTO,MAP_FUCHSIA_CITY_HNS,fishing_mons,TIME_DAY,table presence; access not verified
SPECIES_GYARADOS,KANTO,MAP_FUCHSIA_CITY_HNS,fishing_mons,TIME_NIGHT,table presence; access not verified
SPECIES_GYARADOS,KANTO,MAP_PALLET_TOWN_HNS,fishing_mons,TIME_DAY,table presence; access not verified
SPECIES_GYARADOS,KANTO,MAP_PALLET_TOWN_HNS,fishing_mons,TIME_NIGHT,table presence; access not verified
SPECIES_GYARADOS,KANTO,MAP_ROUTE10_HNS,fishing_mons,TIME_DAY,table presence; access not verified
SPECIES_GYARADOS,KANTO,MAP_ROUTE10_HNS,fishing_mons,TIME_NIGHT,table presence; access not verified
SPECIES_GYARADOS,KANTO,MAP_ROUTE12_HNS,fishing_mons,TIME_DAY,table presence; access not verified
SPECIES_GYARADOS,KANTO,MAP_ROUTE12_HNS,fishing_mons,TIME_NIGHT,table presence; access not verified
SPECIES_GYARADOS,KANTO,MAP_ROUTE13_HNS,fishing_mons,TIME_DAY,table presence; access not verified
SPECIES_GYARADOS,KANTO,MAP_ROUTE13_HNS,fishing_mons,TIME_NIGHT,table presence; access not verified
SPECIES_GYARADOS,KANTO,MAP_ROUTE14_HNS,fishing_mons,TIME_DAY,table presence; access not verified
SPECIES_GYARADOS,KANTO,MAP_ROUTE14_HNS,fishing_mons,TIME_NIGHT,table presence; access not verified
SPECIES_GYARADOS,KANTO,MAP_ROUTE15_HNS,fishing_mons,TIME_DAY,table presence; access not verified
SPECIES_GYARADOS,KANTO,MAP_ROUTE15_HNS,fishing_mons,TIME_NIGHT,table presence; access not verified
SPECIES_GYARADOS,KANTO,MAP_ROUTE19_HNS,fishing_mons,TIME_DAY,table presence; access not verified
SPECIES_GYARADOS,KANTO,MAP_ROUTE19_HNS,fishing_mons,TIME_NIGHT,table presence; access not verified
SPECIES_GYARADOS,KANTO,MAP_ROUTE1_HNS,fishing_mons,TIME_DAY,table presence; access not verified
SPECIES_GYARADOS,KANTO,MAP_ROUTE1_HNS,fishing_mons,TIME_NIGHT,table presence; access not verified
SPECIES_GYARADOS,KANTO,MAP_ROUTE20_HNS,fishing_mons,TIME_DAY,table presence; access not verified
SPECIES_GYARADOS,KANTO,MAP_ROUTE20_HNS,fishing_mons,TIME_NIGHT,table presence; access not verified
SPECIES_GYARADOS,KANTO,MAP_ROUTE21_HNS,fishing_mons,TIME_DAY,table presence; access not verified
SPECIES_GYARADOS,KANTO,MAP_ROUTE21_HNS,fishing_mons,TIME_NIGHT,table presence; access not verified
SPECIES_GYARADOS,KANTO,MAP_ROUTE22_HNS,fishing_mons,TIME_DAY,table presence; access not verified
SPECIES_GYARADOS,KANTO,MAP_ROUTE22_HNS,fishing_mons,TIME_NIGHT,table presence; access not verified
SPECIES_GYARADOS,KANTO,MAP_ROUTE23_HNS,fishing_mons,TIME_DAY,table presence; access not verified
SPECIES_GYARADOS,KANTO,MAP_ROUTE23_HNS,fishing_mons,TIME_NIGHT,table presence; access not verified
SPECIES_GYARADOS,KANTO,MAP_ROUTE24_HNS,fishing_mons,TIME_DAY,table presence; access not verified
SPECIES_GYARADOS,KANTO,MAP_ROUTE24_HNS,fishing_mons,TIME_NIGHT,table presence; access not verified
SPECIES_GYARADOS,KANTO,MAP_ROUTE25_HNS,fishing_mons,TIME_DAY,table presence; access not verified
SPECIES_GYARADOS,KANTO,MAP_ROUTE25_HNS,fishing_mons,TIME_NIGHT,table presence; access not verified
SPECIES_GYARADOS,KANTO,MAP_ROUTE2_HNS,fishing_mons,TIME_DAY,table presence; access not verified
SPECIES_GYARADOS,KANTO,MAP_ROUTE2_HNS,fishing_mons,TIME_NIGHT,table presence; access not verified
SPECIES_GYARADOS,KANTO,MAP_ROUTE4_HNS,fishing_mons,TIME_DAY,table presence; access not verified
SPECIES_GYARADOS,KANTO,MAP_ROUTE4_HNS,fishing_mons,TIME_NIGHT,table presence; access not verified
SPECIES_GYARADOS,KANTO,MAP_ROUTE6_HNS,fishing_mons,TIME_DAY,table presence; access not verified
SPECIES_GYARADOS,KANTO,MAP_ROUTE6_HNS,fishing_mons,TIME_NIGHT,table presence; access not verified
SPECIES_GYARADOS,KANTO,MAP_ROUTE9_HNS,fishing_mons,TIME_DAY,table presence; access not verified
SPECIES_GYARADOS,KANTO,MAP_ROUTE9_HNS,fishing_mons,TIME_NIGHT,table presence; access not verified
SPECIES_GYARADOS,KANTO,MAP_VERMILION_CITY_HNS,fishing_mons,TIME_DAY,table presence; access not verified
SPECIES_GYARADOS,KANTO,MAP_VERMILION_CITY_HNS,fishing_mons,TIME_NIGHT,table presence; access not verified
SPECIES_GYARADOS,KANTO,MAP_VERMILION_CITY_PORT_OUTSIDE_HNS,fishing_mons,TIME_DAY,table presence; access not verified
SPECIES_GYARADOS,KANTO,MAP_VERMILION_CITY_PORT_OUTSIDE_HNS,fishing_mons,TIME_NIGHT,table presence; access not verified
SPECIES_GYARADOS,KANTO,MAP_VICTORY_ROAD_KANTO_1F_HNS,fishing_mons,TIME_DAY,table presence; access not verified
SPECIES_GYARADOS,KANTO,MAP_VICTORY_ROAD_KANTO_1F_HNS,fishing_mons,TIME_NIGHT,table presence; access not verified
SPECIES_GYARADOS,KANTO,MAP_VICTORY_ROAD_KANTO_B1F_HNS,fishing_mons,TIME_DAY,table presence; access not verified
SPECIES_GYARADOS,KANTO,MAP_VICTORY_ROAD_KANTO_B1F_HNS,fishing_mons,TIME_NIGHT,table presence; access not verified
SPECIES_GYARADOS,KANTO,MAP_VIRIDIAN_CITY_HNS,fishing_mons,TIME_DAY,table presence; access not verified
SPECIES_GYARADOS,KANTO,MAP_VIRIDIAN_CITY_HNS,fishing_mons,TIME_NIGHT,table presence; access not verified
SPECIES_HARIYAMA,HOENN,MAP_VICTORY_ROAD_1F,land_mons,TIME_DAY,table presence; access not verified
SPECIES_HARIYAMA,HOENN,MAP_VICTORY_ROAD_B1F,land_mons,TIME_DAY,table presence; access not verified
SPECIES_HERACROSS,HNS_UNCLASSIFIED,MAP_AKALA_FOREST_HNS,land_mons,TIME_DAY,table presence; access not verified
SPECIES_HERACROSS,HNS_UNCLASSIFIED,MAP_ULAULA_ISLE_HNS,land_mons,TIME_DAY,table presence; access not verified
SPECIES_HERACROSS,HOENN,MAP_SAFARI_ZONE_NORTH,land_mons,TIME_DAY,table presence; access not verified
SPECIES_HERACROSS,JOHTO,MAP_AZALEA_TOWN_HNS,rock_smash_mons,TIME_DAY,table presence; access not verified
SPECIES_HERACROSS,JOHTO,MAP_BLACKTHORN_CITY_HNS,rock_smash_mons,TIME_DAY,table presence; access not verified
SPECIES_HERACROSS,JOHTO,MAP_BLACKTHORN_CITY_HNS,rock_smash_mons,TIME_NIGHT,table presence; access not verified
SPECIES_HERACROSS,JOHTO,MAP_MAHOGANYTOWN_HNS,rock_smash_mons,TIME_DAY,table presence; access not verified
SPECIES_HERACROSS,JOHTO,MAP_MT_SILVER_MOUNTAIN_SIDE_HNS,rock_smash_mons,TIME_DAY,table presence; access not verified
SPECIES_HERACROSS,JOHTO,MAP_MT_SILVER_MOUNTAIN_SIDE_HNS,rock_smash_mons,TIME_NIGHT,table presence; access not verified
SPECIES_HERACROSS,JOHTO,MAP_MT_SILVER_OUTSIDE_HNS,rock_smash_mons,TIME_DAY,table presence; access not verified
SPECIES_HERACROSS,JOHTO,MAP_MT_SILVER_OUTSIDE_HNS,rock_smash_mons,TIME_NIGHT,table presence; access not verified
SPECIES_HERACROSS,JOHTO,MAP_ROUTE26_HNS,rock_smash_mons,TIME_DAY,table presence; access not verified
SPECIES_HERACROSS,JOHTO,MAP_ROUTE28_HNS,rock_smash_mons,TIME_DAY,table presence; access not verified
SPECIES_HERACROSS,JOHTO,MAP_ROUTE28_HNS,rock_smash_mons,TIME_NIGHT,table presence; access not verified
SPECIES_HERACROSS,JOHTO,MAP_ROUTE42_HNS,rock_smash_mons,TIME_DAY,table presence; access not verified
SPECIES_HERACROSS,JOHTO,MAP_ROUTE42_HNS,rock_smash_mons,TIME_NIGHT,table presence; access not verified
SPECIES_HERACROSS,JOHTO,MAP_ROUTE44_HNS,rock_smash_mons,TIME_DAY,table presence; access not verified
SPECIES_HERACROSS,JOHTO,MAP_ROUTE44_HNS,rock_smash_mons,TIME_NIGHT,table presence; access not verified
SPECIES_HERACROSS,JOHTO,MAP_ROUTE45_HNS,rock_smash_mons,TIME_DAY,table presence; access not verified
SPECIES_HERACROSS,JOHTO,MAP_ROUTE46_HNS,rock_smash_mons,TIME_DAY,table presence; access not verified
SPECIES_HERACROSS,JOHTO,MAP_ROUTE46_HNS,rock_smash_mons,TIME_NIGHT,table presence; access not verified
SPECIES_HERACROSS,JOHTO,MAP_ROUTE47_HNS,rock_smash_mons,TIME_DAY,table presence; access not verified
SPECIES_HERACROSS,JOHTO,MAP_ROUTE48_HNS,rock_smash_mons,TIME_DAY,table presence; access not verified
SPECIES_HORSEA,HNS_UNCLASSIFIED,MAP_ALOLA_WATER_HNS,fishing_mons,TIME_DAY,table presence; access not verified
SPECIES_HORSEA,HNS_UNCLASSIFIED,MAP_MELEMELE_ISLE_HNS,fishing_mons,TIME_DAY,table presence; access not verified
SPECIES_HORSEA,HOENN,MAP_ROUTE132,fishing_mons,TIME_DAY,table presence; access not verified
SPECIES_HORSEA,HOENN,MAP_ROUTE133,fishing_mons,TIME_DAY,table presence; access not verified
SPECIES_HORSEA,HOENN,MAP_ROUTE134,fishing_mons,TIME_DAY,table presence; access not verified
SPECIES_HORSEA,JOHTO,MAP_DRAGONS_DEN_CAVERN_HNS,fishing_mons,TIME_DAY,table presence; access not verified
SPECIES_HORSEA,JOHTO,MAP_DRAGONS_DEN_CAVERN_HNS,water_mons,TIME_DAY,table presence; access not verified
SPECIES_HORSEA,JOHTO,MAP_ROUTE41_HNS,water_mons,TIME_DAY,table presence; access not verified
SPECIES_HORSEA,JOHTO,MAP_SAFARI_ZONE_TOP_RIGHT_HNS,fishing_mons,TIME_DAY,table presence; access not verified
SPECIES_HORSEA,JOHTO,MAP_SAFARI_ZONE_TOP_RIGHT_HNS,water_mons,TIME_DAY,table presence; access not verified
SPECIES_HORSEA,JOHTO,MAP_WHIRL_ISLANDS_1F_HNS,fishing_mons,TIME_DAY,table presence; access not verified
SPECIES_HORSEA,JOHTO,MAP_WHIRL_ISLANDS_1F_HNS,fishing_mons,TIME_NIGHT,table presence; access not verified
SPECIES_HORSEA,JOHTO,MAP_WHIRL_ISLANDS_1F_HNS,water_mons,TIME_DAY,table presence; access not verified
SPECIES_HORSEA,JOHTO,MAP_WHIRL_ISLANDS_1F_HNS,water_mons,TIME_NIGHT,table presence; access not verified
SPECIES_HORSEA,JOHTO,MAP_WHIRL_ISLANDS_B1F_HNS,fishing_mons,TIME_DAY,table presence; access not verified
SPECIES_HORSEA,JOHTO,MAP_WHIRL_ISLANDS_B1F_HNS,fishing_mons,TIME_NIGHT,table presence; access not verified
SPECIES_HORSEA,JOHTO,MAP_WHIRL_ISLANDS_B1F_HNS,water_mons,TIME_DAY,table presence; access not verified
SPECIES_HORSEA,JOHTO,MAP_WHIRL_ISLANDS_B1F_HNS,water_mons,TIME_NIGHT,table presence; access not verified
SPECIES_HORSEA,JOHTO,MAP_WHIRL_ISLANDS_B2F_HNS,fishing_mons,TIME_DAY,table presence; access not verified
SPECIES_HORSEA,JOHTO,MAP_WHIRL_ISLANDS_B2F_HNS,fishing_mons,TIME_NIGHT,table presence; access not verified
SPECIES_HORSEA,JOHTO,MAP_WHIRL_ISLANDS_B2F_HNS,water_mons,TIME_DAY,table presence; access not verified
SPECIES_HORSEA,JOHTO,MAP_WHIRL_ISLANDS_B2F_HNS,water_mons,TIME_NIGHT,table presence; access not verified
SPECIES_HORSEA,JOHTO,MAP_WHIRL_ISLANDS_B3F_HNS,fishing_mons,TIME_DAY,table presence; access not verified
SPECIES_HORSEA,JOHTO,MAP_WHIRL_ISLANDS_B3F_HNS,water_mons,TIME_DAY,table presence; access not verified
SPECIES_HORSEA,JOHTO,MAP_WHIRL_ISLANDS_DESCENT_HNS,fishing_mons,TIME_DAY,table presence; access not verified
SPECIES_HORSEA,JOHTO,MAP_WHIRL_ISLANDS_DESCENT_HNS,water_mons,TIME_DAY,table presence; access not verified
SPECIES_HORSEA,KANTO,MAP_CERULEAN_CITY_HNS,fishing_mons,TIME_DAY,table presence; access not verified
SPECIES_HORSEA,KANTO,MAP_CERULEAN_CITY_HNS,fishing_mons,TIME_NIGHT,table presence; access not verified
SPECIES_HORSEA,KANTO,MAP_CINNABAR_ISLAND_HNS,fishing_mons,TIME_DAY,table presence; access not verified
SPECIES_HORSEA,KANTO,MAP_CINNABAR_ISLAND_HNS,fishing_mons,TIME_NIGHT,table presence; access not verified
SPECIES_HORSEA,KANTO,MAP_PALLET_TOWN_HNS,fishing_mons,TIME_DAY,table presence; access not verified
SPECIES_HORSEA,KANTO,MAP_PALLET_TOWN_HNS,fishing_mons,TIME_NIGHT,table presence; access not verified
SPECIES_HORSEA,KANTO,MAP_ROUTE10_HNS,fishing_mons,TIME_DAY,table presence; access not verified
SPECIES_HORSEA,KANTO,MAP_ROUTE10_HNS,fishing_mons,TIME_NIGHT,table presence; access not verified
SPECIES_HORSEA,KANTO,MAP_ROUTE12_HNS,fishing_mons,TIME_DAY,table presence; access not verified
SPECIES_HORSEA,KANTO,MAP_ROUTE12_HNS,fishing_mons,TIME_NIGHT,table presence; access not verified
SPECIES_HORSEA,KANTO,MAP_ROUTE13_HNS,fishing_mons,TIME_DAY,table presence; access not verified
SPECIES_HORSEA,KANTO,MAP_ROUTE13_HNS,fishing_mons,TIME_NIGHT,table presence; access not verified
SPECIES_HORSEA,KANTO,MAP_ROUTE19_HNS,fishing_mons,TIME_DAY,table presence; access not verified
SPECIES_HORSEA,KANTO,MAP_ROUTE19_HNS,fishing_mons,TIME_NIGHT,table presence; access not verified
SPECIES_HORSEA,KANTO,MAP_ROUTE1_HNS,fishing_mons,TIME_DAY,table presence; access not verified
SPECIES_HORSEA,KANTO,MAP_ROUTE1_HNS,fishing_mons,TIME_NIGHT,table presence; access not verified
SPECIES_HORSEA,KANTO,MAP_ROUTE20_HNS,fishing_mons,TIME_DAY,table presence; access not verified
SPECIES_HORSEA,KANTO,MAP_ROUTE20_HNS,fishing_mons,TIME_NIGHT,table presence; access not verified
SPECIES_HORSEA,KANTO,MAP_ROUTE21_HNS,fishing_mons,TIME_DAY,table presence; access not verified
SPECIES_HORSEA,KANTO,MAP_ROUTE21_HNS,fishing_mons,TIME_NIGHT,table presence; access not verified
SPECIES_HORSEA,KANTO,MAP_ROUTE24_HNS,fishing_mons,TIME_DAY,table presence; access not verified
SPECIES_HORSEA,KANTO,MAP_ROUTE24_HNS,fishing_mons,TIME_NIGHT,table presence; access not verified
SPECIES_HORSEA,KANTO,MAP_ROUTE4_HNS,fishing_mons,TIME_DAY,table presence; access not verified
SPECIES_HORSEA,KANTO,MAP_ROUTE4_HNS,fishing_mons,TIME_NIGHT,table presence; access not verified
SPECIES_HORSEA,KANTO,MAP_ROUTE9_HNS,fishing_mons,TIME_DAY,table presence; access not verified
SPECIES_HORSEA,KANTO,MAP_ROUTE9_HNS,fishing_mons,TIME_NIGHT,table presence; access not verified
SPECIES_HORSEA,KANTO,MAP_VERMILION_CITY_HNS,fishing_mons,TIME_DAY,table presence; access not verified
SPECIES_HORSEA,KANTO,MAP_VERMILION_CITY_HNS,fishing_mons,TIME_NIGHT,table presence; access not verified
SPECIES_HORSEA,KANTO,MAP_VERMILION_CITY_PORT_OUTSIDE_HNS,fishing_mons,TIME_DAY,table presence; access not verified
SPECIES_HORSEA,KANTO,MAP_VERMILION_CITY_PORT_OUTSIDE_HNS,fishing_mons,TIME_NIGHT,table presence; access not verified
SPECIES_ILLUMISE,HOENN,MAP_ROUTE117,land_mons,TIME_DAY,table presence; access not verified
SPECIES_KADABRA,KANTO,MAP_CERULEAN_CAVE_B1F_HNS,land_mons,TIME_DAY,table presence; access not verified
SPECIES_KADABRA,KANTO,MAP_CERULEAN_CAVE_B1F_HNS,land_mons,TIME_NIGHT,table presence; access not verified
SPECIES_KADABRA,KANTO,MAP_CERULEAN_CAVE_B2F_HNS,land_mons,TIME_DAY,table presence; access not verified
SPECIES_KADABRA,KANTO,MAP_CERULEAN_CAVE_B2F_HNS,land_mons,TIME_NIGHT,table presence; access not verified
SPECIES_KECLEON,HOENN,MAP_ROUTE118,land_mons,TIME_DAY,table presence; access not verified
SPECIES_KECLEON,HOENN,MAP_ROUTE119,land_mons,TIME_DAY,table presence; access not verified
SPECIES_KECLEON,HOENN,MAP_ROUTE120,land_mons,TIME_DAY,table presence; access not verified
SPECIES_KECLEON,HOENN,MAP_ROUTE121,land_mons,TIME_DAY,table presence; access not verified
SPECIES_KECLEON,HOENN,MAP_ROUTE123,land_mons,TIME_DAY,table presence; access not verified
SPECIES_KINGLER,HNS_UNCLASSIFIED,MAP_PONI_CAVE_HNS,fishing_mons,TIME_DAY,table presence; access not verified
SPECIES_KINGLER,HNS_UNCLASSIFIED,MAP_PONI_ISLE_HNS,fishing_mons,TIME_DAY,table presence; access not verified
SPECIES_KINGLER,HNS_UNCLASSIFIED,MAP_ULAULA_ISLE_HNS,water_mons,TIME_DAY,table presence; access not verified
SPECIES_KINGLER,HOENN,MAP_MOSSDEEP_CITY,fishing_mons,TIME_DAY,table presence; access not verified
SPECIES_KINGLER,HOENN,MAP_PACIFIDLOG_TOWN,fishing_mons,TIME_DAY,table presence; access not verified
SPECIES_KINGLER,JOHTO,MAP_CHERRYGROVE_CITY_HNS,fishing_mons,TIME_DAY,table presence; access not verified
SPECIES_KINGLER,JOHTO,MAP_CHERRYGROVE_CITY_HNS,fishing_mons,TIME_NIGHT,table presence; access not verified
SPECIES_KINGLER,JOHTO,MAP_CIANWOOD_CITY_HNS,fishing_mons,TIME_DAY,table presence; access not verified
SPECIES_KINGLER,JOHTO,MAP_CIANWOOD_CITY_HNS,fishing_mons,TIME_NIGHT,table presence; access not verified
SPECIES_KINGLER,JOHTO,MAP_CLIFF_EDGE_CAVE_HNS,land_mons,TIME_DAY,table presence; access not verified
SPECIES_KINGLER,JOHTO,MAP_CLIFF_EDGE_CAVE_HNS,rock_smash_mons,TIME_DAY,table presence; access not verified
SPECIES_KINGLER,JOHTO,MAP_OLIVINE_CITY_HNS,fishing_mons,TIME_DAY,table presence; access not verified
SPECIES_KINGLER,JOHTO,MAP_OLIVINE_CITY_HNS,fishing_mons,TIME_NIGHT,table presence; access not verified
SPECIES_KINGLER,JOHTO,MAP_ROUTE34_HNS,fishing_mons,TIME_DAY,table presence; access not verified
SPECIES_KINGLER,JOHTO,MAP_ROUTE34_HNS,fishing_mons,TIME_NIGHT,table presence; access not verified
SPECIES_KINGLER,JOHTO,MAP_ROUTE40_HNS,fishing_mons,TIME_DAY,table presence; access not verified
SPECIES_KINGLER,JOHTO,MAP_SAFARI_ZONE_LOW_MID_HNS,fishing_mons,TIME_DAY,table presence; access not verified
SPECIES_KINGLER,JOHTO,MAP_SAFARI_ZONE_TOP_MID_HNS,fishing_mons,TIME_DAY,table presence; access not verified
SPECIES_KINGLER,JOHTO,MAP_SAFARI_ZONE_TOP_RIGHT_HNS,fishing_mons,TIME_DAY,table presence; access not verified
SPECIES_KINGLER,JOHTO,MAP_SAFARI_ZONE_TOP_RIGHT_HNS,land_mons,TIME_DAY,table presence; access not verified
SPECIES_KINGLER,JOHTO,MAP_WHIRL_ISLANDS_1F_HNS,fishing_mons,TIME_DAY,table presence; access not verified
SPECIES_KINGLER,JOHTO,MAP_WHIRL_ISLANDS_1F_HNS,fishing_mons,TIME_NIGHT,table presence; access not verified
SPECIES_KINGLER,JOHTO,MAP_WHIRL_ISLANDS_B1F_HNS,fishing_mons,TIME_DAY,table presence; access not verified
SPECIES_KINGLER,JOHTO,MAP_WHIRL_ISLANDS_B1F_HNS,fishing_mons,TIME_NIGHT,table presence; access not verified
SPECIES_KINGLER,JOHTO,MAP_WHIRL_ISLANDS_B2F_HNS,fishing_mons,TIME_DAY,table presence; access not verified
SPECIES_KINGLER,JOHTO,MAP_WHIRL_ISLANDS_B2F_HNS,fishing_mons,TIME_NIGHT,table presence; access not verified
SPECIES_KINGLER,JOHTO,MAP_WHIRL_ISLANDS_B3F_HNS,fishing_mons,TIME_DAY,table presence; access not verified
SPECIES_KINGLER,JOHTO,MAP_WHIRL_ISLANDS_DESCENT_HNS,fishing_mons,TIME_DAY,table presence; access not verified
SPECIES_KINGLER,KANTO,MAP_CINNABAR_ISLAND_HNS,fishing_mons,TIME_DAY,table presence; access not verified
SPECIES_KINGLER,KANTO,MAP_CINNABAR_ISLAND_HNS,fishing_mons,TIME_NIGHT,table presence; access not verified
SPECIES_KINGLER,KANTO,MAP_PALLET_TOWN_HNS,fishing_mons,TIME_DAY,table presence; access not verified
SPECIES_KINGLER,KANTO,MAP_PALLET_TOWN_HNS,fishing_mons,TIME_NIGHT,table presence; access not verified
SPECIES_KINGLER,KANTO,MAP_ROUTE19_HNS,fishing_mons,TIME_DAY,table presence; access not verified
SPECIES_KINGLER,KANTO,MAP_ROUTE1_HNS,fishing_mons,TIME_DAY,table presence; access not verified
SPECIES_KINGLER,KANTO,MAP_ROUTE1_HNS,fishing_mons,TIME_NIGHT,table presence; access not verified
SPECIES_KINGLER,KANTO,MAP_ROUTE20_HNS,fishing_mons,TIME_DAY,table presence; access not verified
SPECIES_KINGLER,KANTO,MAP_ROUTE21_HNS,fishing_mons,TIME_DAY,table presence; access not verified
SPECIES_KINGLER,KANTO,MAP_VERMILION_CITY_HNS,fishing_mons,TIME_DAY,table presence; access not verified
SPECIES_KINGLER,KANTO,MAP_VERMILION_CITY_HNS,fishing_mons,TIME_NIGHT,table presence; access not verified
SPECIES_KRABBY,HNS_UNCLASSIFIED,MAP_PONI_CAVE_HNS,fishing_mons,TIME_DAY,table presence; access not verified
SPECIES_KRABBY,HNS_UNCLASSIFIED,MAP_PONI_ISLE_HNS,fishing_mons,TIME_DAY,table presence; access not verified
SPECIES_KRABBY,HNS_UNCLASSIFIED,MAP_ULAULA_ISLE_HNS,water_mons,TIME_DAY,table presence; access not verified
SPECIES_KRABBY,HOENN,MAP_MOSSDEEP_CITY,fishing_mons,TIME_DAY,table presence; access not verified
SPECIES_KRABBY,HOENN,MAP_PACIFIDLOG_TOWN,fishing_mons,TIME_DAY,table presence; access not verified
SPECIES_KRABBY,JOHTO,MAP_CHERRYGROVE_CITY_HNS,fishing_mons,TIME_DAY,table presence; access not verified
SPECIES_KRABBY,JOHTO,MAP_CHERRYGROVE_CITY_HNS,fishing_mons,TIME_NIGHT,table presence; access not verified
SPECIES_KRABBY,JOHTO,MAP_CIANWOOD_CITY_HNS,fishing_mons,TIME_DAY,table presence; access not verified
SPECIES_KRABBY,JOHTO,MAP_CIANWOOD_CITY_HNS,fishing_mons,TIME_NIGHT,table presence; access not verified
SPECIES_KRABBY,JOHTO,MAP_CLIFF_EDGE_CAVE_HNS,land_mons,TIME_DAY,table presence; access not verified
SPECIES_KRABBY,JOHTO,MAP_CLIFF_EDGE_CAVE_HNS,rock_smash_mons,TIME_DAY,table presence; access not verified
SPECIES_KRABBY,JOHTO,MAP_OLIVINE_CITY_HNS,fishing_mons,TIME_DAY,table presence; access not verified
SPECIES_KRABBY,JOHTO,MAP_OLIVINE_CITY_HNS,fishing_mons,TIME_NIGHT,table presence; access not verified
SPECIES_KRABBY,JOHTO,MAP_ROUTE34_HNS,fishing_mons,TIME_DAY,table presence; access not verified
SPECIES_KRABBY,JOHTO,MAP_ROUTE34_HNS,fishing_mons,TIME_NIGHT,table presence; access not verified
SPECIES_KRABBY,JOHTO,MAP_ROUTE40_HNS,fishing_mons,TIME_DAY,table presence; access not verified
SPECIES_KRABBY,JOHTO,MAP_SAFARI_ZONE_LOW_MID_HNS,fishing_mons,TIME_DAY,table presence; access not verified
SPECIES_KRABBY,JOHTO,MAP_SAFARI_ZONE_TOP_MID_HNS,fishing_mons,TIME_DAY,table presence; access not verified
SPECIES_KRABBY,JOHTO,MAP_SAFARI_ZONE_TOP_RIGHT_HNS,fishing_mons,TIME_DAY,table presence; access not verified
SPECIES_KRABBY,JOHTO,MAP_SAFARI_ZONE_TOP_RIGHT_HNS,land_mons,TIME_DAY,table presence; access not verified
SPECIES_KRABBY,JOHTO,MAP_WHIRL_ISLANDS_1F_HNS,fishing_mons,TIME_DAY,table presence; access not verified
SPECIES_KRABBY,JOHTO,MAP_WHIRL_ISLANDS_1F_HNS,fishing_mons,TIME_NIGHT,table presence; access not verified
SPECIES_KRABBY,JOHTO,MAP_WHIRL_ISLANDS_1F_HNS,land_mons,TIME_DAY,table presence; access not verified
SPECIES_KRABBY,JOHTO,MAP_WHIRL_ISLANDS_1F_HNS,land_mons,TIME_NIGHT,table presence; access not verified
SPECIES_KRABBY,JOHTO,MAP_WHIRL_ISLANDS_B1F_HNS,fishing_mons,TIME_DAY,table presence; access not verified
SPECIES_KRABBY,JOHTO,MAP_WHIRL_ISLANDS_B1F_HNS,fishing_mons,TIME_NIGHT,table presence; access not verified
SPECIES_KRABBY,JOHTO,MAP_WHIRL_ISLANDS_B1F_HNS,land_mons,TIME_DAY,table presence; access not verified
SPECIES_KRABBY,JOHTO,MAP_WHIRL_ISLANDS_B1F_HNS,land_mons,TIME_NIGHT,table presence; access not verified
SPECIES_KRABBY,JOHTO,MAP_WHIRL_ISLANDS_B1F_INNER_HNS,land_mons,TIME_DAY,table presence; access not verified
SPECIES_KRABBY,JOHTO,MAP_WHIRL_ISLANDS_B2F_HNS,fishing_mons,TIME_DAY,table presence; access not verified
SPECIES_KRABBY,JOHTO,MAP_WHIRL_ISLANDS_B2F_HNS,fishing_mons,TIME_NIGHT,table presence; access not verified
SPECIES_KRABBY,JOHTO,MAP_WHIRL_ISLANDS_B3F_HNS,fishing_mons,TIME_DAY,table presence; access not verified
SPECIES_KRABBY,JOHTO,MAP_WHIRL_ISLANDS_DESCENT_HNS,fishing_mons,TIME_DAY,table presence; access not verified
SPECIES_KRABBY,KANTO,MAP_CERULEAN_CITY_HNS,fishing_mons,TIME_DAY,table presence; access not verified
SPECIES_KRABBY,KANTO,MAP_CERULEAN_CITY_HNS,fishing_mons,TIME_NIGHT,table presence; access not verified
SPECIES_KRABBY,KANTO,MAP_CINNABAR_ISLAND_HNS,fishing_mons,TIME_DAY,table presence; access not verified
SPECIES_KRABBY,KANTO,MAP_CINNABAR_ISLAND_HNS,fishing_mons,TIME_NIGHT,table presence; access not verified
SPECIES_KRABBY,KANTO,MAP_PALLET_TOWN_HNS,fishing_mons,TIME_DAY,table presence; access not verified
SPECIES_KRABBY,KANTO,MAP_PALLET_TOWN_HNS,fishing_mons,TIME_NIGHT,table presence; access not verified
SPECIES_KRABBY,KANTO,MAP_ROUTE10_HNS,fishing_mons,TIME_DAY,table presence; access not verified
SPECIES_KRABBY,KANTO,MAP_ROUTE10_HNS,fishing_mons,TIME_NIGHT,table presence; access not verified
SPECIES_KRABBY,KANTO,MAP_ROUTE12_HNS,fishing_mons,TIME_DAY,table presence; access not verified
SPECIES_KRABBY,KANTO,MAP_ROUTE12_HNS,fishing_mons,TIME_NIGHT,table presence; access not verified
SPECIES_KRABBY,KANTO,MAP_ROUTE13_HNS,fishing_mons,TIME_DAY,table presence; access not verified
SPECIES_KRABBY,KANTO,MAP_ROUTE13_HNS,fishing_mons,TIME_NIGHT,table presence; access not verified
SPECIES_KRABBY,KANTO,MAP_ROUTE19_HNS,fishing_mons,TIME_DAY,table presence; access not verified
SPECIES_KRABBY,KANTO,MAP_ROUTE19_HNS,fishing_mons,TIME_NIGHT,table presence; access not verified
SPECIES_KRABBY,KANTO,MAP_ROUTE1_HNS,fishing_mons,TIME_DAY,table presence; access not verified
SPECIES_KRABBY,KANTO,MAP_ROUTE1_HNS,fishing_mons,TIME_NIGHT,table presence; access not verified
SPECIES_KRABBY,KANTO,MAP_ROUTE20_HNS,fishing_mons,TIME_DAY,table presence; access not verified
SPECIES_KRABBY,KANTO,MAP_ROUTE20_HNS,fishing_mons,TIME_NIGHT,table presence; access not verified
SPECIES_KRABBY,KANTO,MAP_ROUTE21_HNS,fishing_mons,TIME_DAY,table presence; access not verified
SPECIES_KRABBY,KANTO,MAP_ROUTE21_HNS,fishing_mons,TIME_NIGHT,table presence; access not verified
SPECIES_KRABBY,KANTO,MAP_ROUTE24_HNS,fishing_mons,TIME_DAY,table presence; access not verified
SPECIES_KRABBY,KANTO,MAP_ROUTE24_HNS,fishing_mons,TIME_NIGHT,table presence; access not verified
SPECIES_KRABBY,KANTO,MAP_ROUTE4_HNS,fishing_mons,TIME_DAY,table presence; access not verified
SPECIES_KRABBY,KANTO,MAP_ROUTE4_HNS,fishing_mons,TIME_NIGHT,table presence; access not verified
SPECIES_KRABBY,KANTO,MAP_ROUTE9_HNS,fishing_mons,TIME_DAY,table presence; access not verified
SPECIES_KRABBY,KANTO,MAP_ROUTE9_HNS,fishing_mons,TIME_NIGHT,table presence; access not verified
SPECIES_KRABBY,KANTO,MAP_VERMILION_CITY_HNS,fishing_mons,TIME_DAY,table presence; access not verified
SPECIES_KRABBY,KANTO,MAP_VERMILION_CITY_HNS,fishing_mons,TIME_NIGHT,table presence; access not verified
SPECIES_KRABBY,KANTO,MAP_VERMILION_CITY_PORT_OUTSIDE_HNS,fishing_mons,TIME_DAY,table presence; access not verified
SPECIES_KRABBY,KANTO,MAP_VERMILION_CITY_PORT_OUTSIDE_HNS,fishing_mons,TIME_NIGHT,table presence; access not verified
SPECIES_LAIRON,HOENN,MAP_VICTORY_ROAD_1F,land_mons,TIME_DAY,table presence; access not verified
SPECIES_LAIRON,HOENN,MAP_VICTORY_ROAD_B1F,land_mons,TIME_DAY,table presence; access not verified
SPECIES_LAIRON,HOENN,MAP_VICTORY_ROAD_B2F,land_mons,TIME_DAY,table presence; access not verified
SPECIES_LANTURN,HNS_UNCLASSIFIED,MAP_AKALA_ISLE_HNS,fishing_mons,TIME_DAY,table presence; access not verified
SPECIES_LANTURN,JOHTO,MAP_CIANWOOD_CITY_HNS,fishing_mons,TIME_DAY,table presence; access not verified
SPECIES_LANTURN,JOHTO,MAP_NEW_BARK_TOWN_HNS,fishing_mons,TIME_DAY,table presence; access not verified
SPECIES_LANTURN,JOHTO,MAP_NEW_BARK_TOWN_HNS,fishing_mons,TIME_NIGHT,table presence; access not verified
SPECIES_LANTURN,JOHTO,MAP_OLIVINE_CITY_PORT_OUTSIDE_HNS,fishing_mons,TIME_DAY,table presence; access not verified
SPECIES_LANTURN,JOHTO,MAP_OLIVINE_CITY_PORT_OUTSIDE_HNS,fishing_mons,TIME_NIGHT,table presence; access not verified
SPECIES_LANTURN,JOHTO,MAP_ROUTE41_HNS,fishing_mons,TIME_DAY,table presence; access not verified
SPECIES_LANTURN,JOHTO,MAP_ROUTE47_HNS,fishing_mons,TIME_DAY,table presence; access not verified
SPECIES_LANTURN,JOHTO,MAP_UNION_CAVE_B2F_HNS,fishing_mons,TIME_DAY,table presence; access not verified
SPECIES_LARVITAR,JOHTO,MAP_DARK_CAVE_SOUTH_SIDE_HNS,land_mons,TIME_DAY,table presence; access not verified
SPECIES_LARVITAR,JOHTO,MAP_MT_SILVER_1F_ITEM_ROOM_HNS,land_mons,TIME_DAY,table presence; access not verified
SPECIES_LARVITAR,JOHTO,MAP_MT_SILVER_1F_MOLTRES_ROOM_HNS,land_mons,TIME_DAY,table presence; access not verified
SPECIES_LARVITAR,JOHTO,MAP_MT_SILVER_1F_WATERFALL_ROOM_HNS,land_mons,TIME_DAY,table presence; access not verified
SPECIES_LARVITAR,JOHTO,MAP_MT_SILVER_1F_WATERFALL_ROOM_HNS,land_mons,TIME_NIGHT,table presence; access not verified
SPECIES_LARVITAR,JOHTO,MAP_MT_SILVER_2F_HNS,land_mons,TIME_DAY,table presence; access not verified
SPECIES_LARVITAR,JOHTO,MAP_MT_SILVER_3F_HNS,land_mons,TIME_DAY,table presence; access not verified
SPECIES_LARVITAR,JOHTO,MAP_SAFARI_ZONE_LOW_LEFT_HNS,land_mons,TIME_DAY,table presence; access not verified
SPECIES_LARVITAR,JOHTO,MAP_SAFARI_ZONE_LOW_RIGHT_HNS,land_mons,TIME_DAY,table presence; access not verified
SPECIES_LARVITAR,KANTO,MAP_VICTORY_ROAD_KANTO_1F_HNS,land_mons,TIME_NIGHT,table presence; access not verified
SPECIES_LEDYBA,HOENN,MAP_SAFARI_ZONE_NORTHEAST,land_mons,TIME_DAY,table presence; access not verified
SPECIES_LEDYBA,JOHTO,MAP_CHERRYGROVE_CITY_HNS,rock_smash_mons,TIME_DAY,table presence; access not verified
SPECIES_LEDYBA,JOHTO,MAP_CHERRYGROVE_CITY_HNS,rock_smash_mons,TIME_NIGHT,table presence; access not verified
SPECIES_LEDYBA,JOHTO,MAP_ECRUTEAK_CITY_HNS,rock_smash_mons,TIME_DAY,table presence; access not verified
SPECIES_LEDYBA,JOHTO,MAP_ECRUTEAK_CITY_HNS,rock_smash_mons,TIME_NIGHT,table presence; access not verified
SPECIES_LEDYBA,JOHTO,MAP_GOLDENROD_CITY_HNS,rock_smash_mons,TIME_DAY,table presence; access not verified
SPECIES_LEDYBA,JOHTO,MAP_NEW_BARK_TOWN_HNS,rock_smash_mons,TIME_DAY,table presence; access not verified
SPECIES_LEDYBA,JOHTO,MAP_NEW_BARK_TOWN_HNS,rock_smash_mons,TIME_NIGHT,table presence; access not verified
SPECIES_LEDYBA,JOHTO,MAP_OLIVINE_CITY_HNS,rock_smash_mons,TIME_DAY,table presence; access not verified
SPECIES_LEDYBA,JOHTO,MAP_OLIVINE_CITY_HNS,rock_smash_mons,TIME_NIGHT,table presence; access not verified
SPECIES_LEDYBA,JOHTO,MAP_ROUTE29_HNS,rock_smash_mons,TIME_DAY,table presence; access not verified
SPECIES_LEDYBA,JOHTO,MAP_ROUTE29_HNS,rock_smash_mons,TIME_NIGHT,table presence; access not verified
SPECIES_LEDYBA,JOHTO,MAP_ROUTE30_HNS,land_mons,TIME_DAY,table presence; access not verified
SPECIES_LEDYBA,JOHTO,MAP_ROUTE30_HNS,rock_smash_mons,TIME_DAY,table presence; access not verified
SPECIES_LEDYBA,JOHTO,MAP_ROUTE30_HNS,rock_smash_mons,TIME_NIGHT,table presence; access not verified
SPECIES_LEDYBA,JOHTO,MAP_ROUTE31_HNS,land_mons,TIME_DAY,table presence; access not verified
SPECIES_LEDYBA,JOHTO,MAP_ROUTE31_HNS,rock_smash_mons,TIME_DAY,table presence; access not verified
SPECIES_LEDYBA,JOHTO,MAP_ROUTE31_HNS,rock_smash_mons,TIME_NIGHT,table presence; access not verified
SPECIES_LEDYBA,JOHTO,MAP_ROUTE34_HNS,rock_smash_mons,TIME_DAY,table presence; access not verified
SPECIES_LEDYBA,JOHTO,MAP_ROUTE34_HNS,rock_smash_mons,TIME_NIGHT,table presence; access not verified
SPECIES_LEDYBA,JOHTO,MAP_ROUTE35_HNS,rock_smash_mons,TIME_DAY,table presence; access not verified
SPECIES_LEDYBA,JOHTO,MAP_ROUTE35_HNS,rock_smash_mons,TIME_NIGHT,table presence; access not verified
SPECIES_LEDYBA,JOHTO,MAP_ROUTE36_HNS,rock_smash_mons,TIME_DAY,table presence; access not verified
SPECIES_LEDYBA,JOHTO,MAP_ROUTE36_HNS,rock_smash_mons,TIME_NIGHT,table presence; access not verified
SPECIES_LEDYBA,JOHTO,MAP_ROUTE37_HNS,land_mons,TIME_DAY,table presence; access not verified
SPECIES_LEDYBA,JOHTO,MAP_ROUTE37_HNS,rock_smash_mons,TIME_DAY,table presence; access not verified
SPECIES_LEDYBA,JOHTO,MAP_ROUTE37_HNS,rock_smash_mons,TIME_NIGHT,table presence; access not verified
SPECIES_LEDYBA,JOHTO,MAP_ROUTE38_HNS,rock_smash_mons,TIME_DAY,table presence; access not verified
SPECIES_LEDYBA,JOHTO,MAP_ROUTE38_HNS,rock_smash_mons,TIME_NIGHT,table presence; access not verified
SPECIES_LEDYBA,JOHTO,MAP_ROUTE39_HNS,rock_smash_mons,TIME_DAY,table presence; access not verified
SPECIES_LEDYBA,JOHTO,MAP_ROUTE39_HNS,rock_smash_mons,TIME_NIGHT,table presence; access not verified
SPECIES_LEDYBA,JOHTO,MAP_SAFARI_ZONE_GATE_HNS,rock_smash_mons,TIME_DAY,table presence; access not verified
SPECIES_LEDYBA,JOHTO,MAP_VIOLET_CITY_HNS,rock_smash_mons,TIME_DAY,table presence; access not verified
SPECIES_LEDYBA,JOHTO,MAP_VIOLET_CITY_HNS,rock_smash_mons,TIME_NIGHT,table presence; access not verified
SPECIES_LINOONE,HNS_UNCLASSIFIED,MAP_NEW_SINJOH_HNS,land_mons,TIME_DAY,table presence; access not verified
SPECIES_LINOONE,HOENN,MAP_ROUTE118,land_mons,TIME_DAY,table presence; access not verified
SPECIES_LINOONE,HOENN,MAP_ROUTE119,land_mons,TIME_DAY,table presence; access not verified
SPECIES_LOMBRE,HOENN,MAP_ROUTE114,land_mons,TIME_DAY,table presence; access not verified
SPECIES_LOTAD,HOENN,MAP_ROUTE102,land_mons,TIME_DAY,table presence; access not verified
SPECIES_LOTAD,HOENN,MAP_ROUTE114,land_mons,TIME_DAY,table presence; access not verified
SPECIES_LOUDRED,HNS_UNCLASSIFIED,MAP_ULA_ULA_CAVE_HNS,land_mons,TIME_DAY,table presence; access not verified
SPECIES_LOUDRED,HOENN,MAP_DESERT_UNDERPASS,land_mons,TIME_DAY,table presence; access not verified
SPECIES_LOUDRED,HOENN,MAP_VICTORY_ROAD_1F,land_mons,TIME_DAY,table presence; access not verified
SPECIES_LUVDISC,HNS_UNCLASSIFIED,MAP_AKALA_ISLE_HNS,fishing_mons,TIME_DAY,table presence; access not verified
SPECIES_LUVDISC,HNS_UNCLASSIFIED,MAP_ALOLA_WATER_HNS,fishing_mons,TIME_DAY,table presence; access not verified
SPECIES_LUVDISC,HNS_UNCLASSIFIED,MAP_MELEMELE_ISLE_HNS,fishing_mons,TIME_DAY,table presence; access not verified
SPECIES_LUVDISC,HOENN,MAP_EVER_GRANDE_CITY,fishing_mons,TIME_DAY,table presence; access not verified
SPECIES_LUVDISC,HOENN,MAP_ROUTE128,fishing_mons,TIME_DAY,table presence; access not verified
SPECIES_MACHOKE,HNS_UNCLASSIFIED,MAP_AKALA_CAVE_HNS,land_mons,TIME_DAY,table presence; access not verified
SPECIES_MACHOKE,JOHTO,MAP_CLIFF_EDGE_CAVE_HNS,land_mons,TIME_DAY,table presence; access not verified
SPECIES_MACHOKE,JOHTO,MAP_MT_MORTAR_2F_HNS,land_mons,TIME_DAY,table presence; access not verified
SPECIES_MACHOKE,JOHTO,MAP_MT_MORTAR_2F_HNS,land_mons,TIME_NIGHT,table presence; access not verified
SPECIES_MACHOKE,JOHTO,MAP_MT_SILVER_1F_MOLTRES_ROOM_HNS,land_mons,TIME_DAY,table presence; access not verified
SPECIES_MACHOKE,JOHTO,MAP_MT_SILVER_2F_HNS,land_mons,TIME_DAY,table presence; access not verified
SPECIES_MACHOKE,JOHTO,MAP_MT_SILVER_3F_HNS,land_mons,TIME_DAY,table presence; access not verified
SPECIES_MACHOKE,JOHTO,MAP_MT_SILVER_MOUNTAIN_SIDE_HNS,land_mons,TIME_DAY,table presence; access not verified
SPECIES_MACHOKE,JOHTO,MAP_MT_SILVER_SNOW_HNS,land_mons,TIME_DAY,table presence; access not verified
SPECIES_MACHOKE,JOHTO,MAP_MT_SILVER_SNOW_HNS,land_mons,TIME_NIGHT,table presence; access not verified
SPECIES_MACHOKE,KANTO,MAP_CERULEAN_CAVE_1F_HNS,land_mons,TIME_DAY,table presence; access not verified
SPECIES_MACHOKE,KANTO,MAP_CERULEAN_CAVE_1F_HNS,land_mons,TIME_NIGHT,table presence; access not verified
SPECIES_MACHOKE,KANTO,MAP_CERULEAN_CAVE_B1F_HNS,land_mons,TIME_DAY,table presence; access not verified
SPECIES_MACHOKE,KANTO,MAP_CERULEAN_CAVE_B1F_HNS,land_mons,TIME_NIGHT,table presence; access not verified
SPECIES_MACHOKE,KANTO,MAP_CERULEAN_CAVE_B2F_HNS,land_mons,TIME_DAY,table presence; access not verified
SPECIES_MACHOKE,KANTO,MAP_CERULEAN_CAVE_B2F_HNS,land_mons,TIME_NIGHT,table presence; access not verified
SPECIES_MACHOKE,KANTO,MAP_VICTORY_ROAD_KANTO_1F_HNS,land_mons,TIME_DAY,table presence; access not verified
SPECIES_MACHOKE,KANTO,MAP_VICTORY_ROAD_KANTO_1F_HNS,land_mons,TIME_NIGHT,table presence; access not verified
SPECIES_MACHOKE,KANTO,MAP_VICTORY_ROAD_KANTO_B1F_HNS,land_mons,TIME_DAY,table presence; access not verified
SPECIES_MACHOKE,KANTO,MAP_VICTORY_ROAD_KANTO_B1F_HNS,land_mons,TIME_NIGHT,table presence; access not verified
SPECIES_MACHOKE,KANTO,MAP_VICTORY_ROAD_KANTO_B2F_HNS,land_mons,TIME_DAY,table presence; access not verified
SPECIES_MACHOKE,KANTO,MAP_VICTORY_ROAD_KANTO_B2F_HNS,land_mons,TIME_NIGHT,table presence; access not verified
SPECIES_MACHOP,HNS_UNCLASSIFIED,MAP_AKALA_CAVE_HNS,land_mons,TIME_DAY,table presence; access not verified
SPECIES_MACHOP,HOENN,MAP_FIERY_PATH,land_mons,TIME_DAY,table presence; access not verified
SPECIES_MACHOP,HOENN,MAP_JAGGED_PASS,land_mons,TIME_DAY,table presence; access not verified
SPECIES_MACHOP,JOHTO,MAP_CLIFF_EDGE_CAVE_HNS,land_mons,TIME_DAY,table presence; access not verified
SPECIES_MACHOP,JOHTO,MAP_MT_MORTAR_1F_NORTH_HNS,land_mons,TIME_DAY,table presence; access not verified
SPECIES_MACHOP,JOHTO,MAP_MT_MORTAR_1F_SOUTH_HNS,land_mons,TIME_DAY,table presence; access not verified
SPECIES_MACHOP,JOHTO,MAP_MT_MORTAR_2F_HNS,land_mons,TIME_DAY,table presence; access not verified
SPECIES_MACHOP,JOHTO,MAP_MT_MORTAR_2F_HNS,land_mons,TIME_NIGHT,table presence; access not verified
SPECIES_MACHOP,JOHTO,MAP_MT_MORTAR_B1F_HNS,land_mons,TIME_DAY,table presence; access not verified
SPECIES_MACHOP,JOHTO,MAP_MT_SILVER_1F_MOLTRES_ROOM_HNS,land_mons,TIME_DAY,table presence; access not verified
SPECIES_MACHOP,JOHTO,MAP_MT_SILVER_2F_HNS,land_mons,TIME_DAY,table presence; access not verified
SPECIES_MACHOP,JOHTO,MAP_MT_SILVER_3F_HNS,land_mons,TIME_DAY,table presence; access not verified
SPECIES_MACHOP,JOHTO,MAP_MT_SILVER_MOUNTAIN_SIDE_HNS,land_mons,TIME_DAY,table presence; access not verified
SPECIES_MACHOP,JOHTO,MAP_MT_SILVER_SNOW_HNS,land_mons,TIME_DAY,table presence; access not verified
SPECIES_MACHOP,JOHTO,MAP_MT_SILVER_SNOW_HNS,land_mons,TIME_NIGHT,table presence; access not verified
SPECIES_MACHOP,JOHTO,MAP_ROUTE33_HNS,land_mons,TIME_DAY,table presence; access not verified
SPECIES_MACHOP,JOHTO,MAP_ROUTE33_HNS,land_mons,TIME_NIGHT,table presence; access not verified
SPECIES_MACHOP,JOHTO,MAP_SAFARI_ZONE_LOW_MID_HNS,land_mons,TIME_DAY,table presence; access not verified
SPECIES_MACHOP,KANTO,MAP_CERULEAN_CAVE_1F_HNS,land_mons,TIME_DAY,table presence; access not verified
SPECIES_MACHOP,KANTO,MAP_CERULEAN_CAVE_1F_HNS,land_mons,TIME_NIGHT,table presence; access not verified
SPECIES_MACHOP,KANTO,MAP_CERULEAN_CAVE_B1F_HNS,land_mons,TIME_DAY,table presence; access not verified
SPECIES_MACHOP,KANTO,MAP_CERULEAN_CAVE_B1F_HNS,land_mons,TIME_NIGHT,table presence; access not verified
SPECIES_MACHOP,KANTO,MAP_CERULEAN_CAVE_B2F_HNS,land_mons,TIME_DAY,table presence; access not verified
SPECIES_MACHOP,KANTO,MAP_CERULEAN_CAVE_B2F_HNS,land_mons,TIME_NIGHT,table presence; access not verified
SPECIES_MACHOP,KANTO,MAP_ROCK_TUNNEL_1F_HNS,land_mons,TIME_DAY,table presence; access not verified
SPECIES_MACHOP,KANTO,MAP_ROCK_TUNNEL_1F_HNS,land_mons,TIME_NIGHT,table presence; access not verified
SPECIES_MACHOP,KANTO,MAP_ROCK_TUNNEL_B1F_HNS,land_mons,TIME_DAY,table presence; access not verified
SPECIES_MACHOP,KANTO,MAP_ROCK_TUNNEL_B1F_HNS,land_mons,TIME_NIGHT,table presence; access not verified
SPECIES_MACHOP,KANTO,MAP_VICTORY_ROAD_KANTO_1F_HNS,land_mons,TIME_DAY,table presence; access not verified
SPECIES_MACHOP,KANTO,MAP_VICTORY_ROAD_KANTO_1F_HNS,land_mons,TIME_NIGHT,table presence; access not verified
SPECIES_MACHOP,KANTO,MAP_VICTORY_ROAD_KANTO_B1F_HNS,land_mons,TIME_DAY,table presence; access not verified
SPECIES_MACHOP,KANTO,MAP_VICTORY_ROAD_KANTO_B1F_HNS,land_mons,TIME_NIGHT,table presence; access not verified
SPECIES_MACHOP,KANTO,MAP_VICTORY_ROAD_KANTO_B2F_HNS,land_mons,TIME_DAY,table presence; access not verified
SPECIES_MACHOP,KANTO,MAP_VICTORY_ROAD_KANTO_B2F_HNS,land_mons,TIME_NIGHT,table presence; access not verified
SPECIES_MAGNEMITE,HOENN,MAP_NEW_MAUVILLE_ENTRANCE,land_mons,TIME_DAY,table presence; access not verified
SPECIES_MAGNEMITE,HOENN,MAP_NEW_MAUVILLE_INSIDE,land_mons,TIME_DAY,table presence; access not verified
SPECIES_MAGNEMITE,JOHTO,MAP_ROUTE38_HNS,land_mons,TIME_DAY,table presence; access not verified
SPECIES_MAGNEMITE,JOHTO,MAP_ROUTE38_HNS,land_mons,TIME_NIGHT,table presence; access not verified
SPECIES_MAGNEMITE,JOHTO,MAP_ROUTE39_HNS,land_mons,TIME_DAY,table presence; access not verified
SPECIES_MAGNEMITE,JOHTO,MAP_ROUTE39_HNS,land_mons,TIME_NIGHT,table presence; access not verified
SPECIES_MAGNEMITE,JOHTO,MAP_SAFARI_ZONE_LOW_MID_HNS,land_mons,TIME_DAY,table presence; access not verified
SPECIES_MAGNEMITE,KANTO,MAP_CERULEAN_CAVE_1F_HNS,land_mons,TIME_DAY,table presence; access not verified
SPECIES_MAGNEMITE,KANTO,MAP_CERULEAN_CAVE_1F_HNS,land_mons,TIME_NIGHT,table presence; access not verified
SPECIES_MAGNEMITE,KANTO,MAP_CERULEAN_CAVE_B1F_HNS,land_mons,TIME_DAY,table presence; access not verified
SPECIES_MAGNEMITE,KANTO,MAP_CERULEAN_CAVE_B1F_HNS,land_mons,TIME_NIGHT,table presence; access not verified
SPECIES_MAGNEMITE,KANTO,MAP_CERULEAN_CAVE_B2F_HNS,land_mons,TIME_DAY,table presence; access not verified
SPECIES_MAGNEMITE,KANTO,MAP_CERULEAN_CAVE_B2F_HNS,land_mons,TIME_NIGHT,table presence; access not verified
SPECIES_MAGNETON,HOENN,MAP_NEW_MAUVILLE_INSIDE,land_mons,TIME_DAY,table presence; access not verified
SPECIES_MAGNETON,JOHTO,MAP_SAFARI_ZONE_LOW_MID_HNS,land_mons,TIME_DAY,table presence; access not verified
SPECIES_MAGNETON,KANTO,MAP_CERULEAN_CAVE_1F_HNS,land_mons,TIME_DAY,table presence; access not verified
SPECIES_MAGNETON,KANTO,MAP_CERULEAN_CAVE_1F_HNS,land_mons,TIME_NIGHT,table presence; access not verified
SPECIES_MAGNETON,KANTO,MAP_CERULEAN_CAVE_B1F_HNS,land_mons,TIME_DAY,table presence; access not verified
SPECIES_MAGNETON,KANTO,MAP_CERULEAN_CAVE_B1F_HNS,land_mons,TIME_NIGHT,table presence; access not verified
SPECIES_MAGNETON,KANTO,MAP_CERULEAN_CAVE_B2F_HNS,land_mons,TIME_DAY,table presence; access not verified
SPECIES_MAGNETON,KANTO,MAP_CERULEAN_CAVE_B2F_HNS,land_mons,TIME_NIGHT,table presence; access not verified
SPECIES_MAKUHITA,HNS_UNCLASSIFIED,MAP_ULAULA_ISLE_HNS,land_mons,TIME_DAY,table presence; access not verified
SPECIES_MAKUHITA,HOENN,MAP_GRANITE_CAVE_1F,land_mons,TIME_DAY,table presence; access not verified
SPECIES_MAKUHITA,HOENN,MAP_GRANITE_CAVE_B1F,land_mons,TIME_DAY,table presence; access not verified
SPECIES_MAKUHITA,HOENN,MAP_GRANITE_CAVE_STEVENS_ROOM,land_mons,TIME_DAY,table presence; access not verified
SPECIES_MAKUHITA,HOENN,MAP_VICTORY_ROAD_1F,land_mons,TIME_DAY,table presence; access not verified
SPECIES_MAKUHITA,HOENN,MAP_VICTORY_ROAD_B1F,land_mons,TIME_DAY,table presence; access not verified
SPECIES_MANECTRIC,HOENN,MAP_ROUTE118,land_mons,TIME_DAY,table presence; access not verified
SPECIES_MANTINE,JOHTO,MAP_ROUTE41_HNS,water_mons,TIME_DAY,table presence; access not verified
SPECIES_MANTINE,JOHTO,MAP_WHIRL_ISLANDS_1F_HNS,water_mons,TIME_DAY,table presence; access not verified
SPECIES_MANTINE,JOHTO,MAP_WHIRL_ISLANDS_1F_HNS,water_mons,TIME_NIGHT,table presence; access not verified
SPECIES_MANTINE,JOHTO,MAP_WHIRL_ISLANDS_B1F_HNS,water_mons,TIME_DAY,table presence; access not verified
SPECIES_MANTINE,JOHTO,MAP_WHIRL_ISLANDS_B1F_HNS,water_mons,TIME_NIGHT,table presence; access not verified
SPECIES_MAREEP,HOENN,MAP_ALTERING_CAVE,land_mons,TIME_DAY,table presence; access not verified
SPECIES_MAREEP,HOENN,MAP_SAFARI_ZONE_SOUTHEAST,land_mons,TIME_DAY,table presence; access not verified
SPECIES_MAREEP,JOHTO,MAP_ROUTE31_HNS,land_mons,TIME_DAY,table presence; access not verified
SPECIES_MAREEP,JOHTO,MAP_ROUTE32_HNS,land_mons,TIME_DAY,table presence; access not verified
SPECIES_MAREEP,JOHTO,MAP_ROUTE32_HNS,land_mons,TIME_NIGHT,table presence; access not verified
SPECIES_MAREEP,JOHTO,MAP_ROUTE43_HNS,land_mons,TIME_DAY,table presence; access not verified
SPECIES_MAREEP,JOHTO,MAP_ROUTE43_HNS,land_mons,TIME_NIGHT,table presence; access not verified
SPECIES_MAREEP,KANTO,MAP_ROUTE17_HNS,land_mons,TIME_DAY,table presence; access not verified
SPECIES_MAREEP,KANTO,MAP_ROUTE17_HNS,land_mons,TIME_NIGHT,table presence; access not verified
SPECIES_MAREEP,KANTO,MAP_ROUTE4_HNS,land_mons,TIME_DAY,table presence; access not verified
SPECIES_MAREEP,KANTO,MAP_ROUTE4_HNS,land_mons,TIME_NIGHT,table presence; access not verified
SPECIES_MAREEP,KANTO,MAP_ROUTE7_HNS,land_mons,TIME_DAY,table presence; access not verified
SPECIES_MAREEP,KANTO,MAP_ROUTE7_HNS,land_mons,TIME_NIGHT,table presence; access not verified
SPECIES_MARILL,HOENN,MAP_PETALBURG_CITY,water_mons,TIME_DAY,table presence; access not verified
SPECIES_MARILL,HOENN,MAP_ROUTE102,water_mons,TIME_DAY,table presence; access not verified
SPECIES_MARILL,HOENN,MAP_ROUTE104,land_mons,TIME_DAY,table presence; access not verified
SPECIES_MARILL,HOENN,MAP_ROUTE111,water_mons,TIME_DAY,table presence; access not verified
SPECIES_MARILL,HOENN,MAP_ROUTE112,land_mons,TIME_DAY,table presence; access not verified
SPECIES_MARILL,HOENN,MAP_ROUTE114,water_mons,TIME_DAY,table presence; access not verified
SPECIES_MARILL,HOENN,MAP_ROUTE117,land_mons,TIME_DAY,table presence; access not verified
SPECIES_MARILL,HOENN,MAP_ROUTE117,water_mons,TIME_DAY,table presence; access not verified
SPECIES_MARILL,HOENN,MAP_ROUTE120,land_mons,TIME_DAY,table presence; access not verified
SPECIES_MARILL,HOENN,MAP_ROUTE120,water_mons,TIME_DAY,table presence; access not verified
SPECIES_MARILL,HOENN,MAP_SAFARI_ZONE_SOUTHEAST,water_mons,TIME_DAY,table presence; access not verified
SPECIES_MARILL,JOHTO,MAP_MT_MORTAR_1F_NORTH_HNS,land_mons,TIME_NIGHT,table presence; access not verified
SPECIES_MARILL,JOHTO,MAP_MT_MORTAR_1F_NORTH_HNS,water_mons,TIME_DAY,table presence; access not verified
SPECIES_MARILL,JOHTO,MAP_MT_MORTAR_1F_NORTH_HNS,water_mons,TIME_NIGHT,table presence; access not verified
SPECIES_MARILL,JOHTO,MAP_MT_MORTAR_1F_SOUTH_HNS,land_mons,TIME_NIGHT,table presence; access not verified
SPECIES_MARILL,JOHTO,MAP_MT_MORTAR_1F_SOUTH_HNS,water_mons,TIME_DAY,table presence; access not verified
SPECIES_MARILL,JOHTO,MAP_MT_MORTAR_1F_SOUTH_HNS,water_mons,TIME_NIGHT,table presence; access not verified
SPECIES_MARILL,JOHTO,MAP_MT_MORTAR_2F_HNS,land_mons,TIME_NIGHT,table presence; access not verified
SPECIES_MARILL,JOHTO,MAP_MT_MORTAR_2F_HNS,water_mons,TIME_DAY,table presence; access not verified
SPECIES_MARILL,JOHTO,MAP_MT_MORTAR_2F_HNS,water_mons,TIME_NIGHT,table presence; access not verified
SPECIES_MARILL,JOHTO,MAP_MT_MORTAR_B1F_HNS,land_mons,TIME_NIGHT,table presence; access not verified
SPECIES_MARILL,JOHTO,MAP_MT_MORTAR_B1F_HNS,water_mons,TIME_DAY,table presence; access not verified
SPECIES_MARILL,JOHTO,MAP_MT_MORTAR_B1F_HNS,water_mons,TIME_NIGHT,table presence; access not verified
SPECIES_MARILL,JOHTO,MAP_ROUTE42_HNS,land_mons,TIME_NIGHT,table presence; access not verified
SPECIES_MARILL,JOHTO,MAP_UNION_CAVE_B1F_HNS,land_mons,TIME_DAY,table presence; access not verified
SPECIES_MARILL,KANTO,MAP_CERULEAN_CAVE_B1F_HNS,fishing_mons,TIME_DAY,table presence; access not verified
SPECIES_MARILL,KANTO,MAP_CERULEAN_CAVE_B1F_HNS,fishing_mons,TIME_NIGHT,table presence; access not verified
SPECIES_MARILL,KANTO,MAP_CERULEAN_CAVE_B1F_HNS,land_mons,TIME_DAY,table presence; access not verified
SPECIES_MARILL,KANTO,MAP_CERULEAN_CAVE_B1F_HNS,land_mons,TIME_NIGHT,table presence; access not verified
SPECIES_MARILL,KANTO,MAP_CERULEAN_CITY_HNS,fishing_mons,TIME_NIGHT,table presence; access not verified
SPECIES_MARILL,KANTO,MAP_FUCHSIA_CITY_HNS,fishing_mons,TIME_DAY,table presence; access not verified
SPECIES_MARILL,KANTO,MAP_FUCHSIA_CITY_HNS,fishing_mons,TIME_NIGHT,table presence; access not verified
SPECIES_MARILL,KANTO,MAP_FUCHSIA_CITY_SAFARI_ZONE_CAVE_HNS,fishing_mons,TIME_NIGHT,table presence; access not verified
SPECIES_MARILL,KANTO,MAP_MT_MOON_CAVE_HNS,land_mons,TIME_DAY,table presence; access not verified
SPECIES_MARILL,KANTO,MAP_MT_MOON_CAVE_HNS,land_mons,TIME_NIGHT,table presence; access not verified
SPECIES_MARILL,KANTO,MAP_ROCK_TUNNEL_1F_HNS,land_mons,TIME_DAY,table presence; access not verified
SPECIES_MARILL,KANTO,MAP_ROCK_TUNNEL_1F_HNS,land_mons,TIME_NIGHT,table presence; access not verified
SPECIES_MARILL,KANTO,MAP_ROUTE14_HNS,fishing_mons,TIME_DAY,table presence; access not verified
SPECIES_MARILL,KANTO,MAP_ROUTE14_HNS,fishing_mons,TIME_NIGHT,table presence; access not verified
SPECIES_MARILL,KANTO,MAP_ROUTE19_HNS,fishing_mons,TIME_NIGHT,table presence; access not verified
SPECIES_MARILL,KANTO,MAP_ROUTE1_HNS,water_mons,TIME_DAY,table presence; access not verified
SPECIES_MARILL,KANTO,MAP_ROUTE1_HNS,water_mons,TIME_NIGHT,table presence; access not verified
SPECIES_MARILL,KANTO,MAP_ROUTE21_HNS,water_mons,TIME_DAY,table presence; access not verified
SPECIES_MARILL,KANTO,MAP_ROUTE21_HNS,water_mons,TIME_NIGHT,table presence; access not verified
SPECIES_MARILL,KANTO,MAP_ROUTE24_HNS,fishing_mons,TIME_NIGHT,table presence; access not verified
SPECIES_MARILL,KANTO,MAP_ROUTE4_HNS,fishing_mons,TIME_NIGHT,table presence; access not verified
SPECIES_MARILL,KANTO,MAP_ROUTE9_HNS,fishing_mons,TIME_NIGHT,table presence; access not verified
SPECIES_MARILL,KANTO,MAP_VERMILION_CITY_HNS,fishing_mons,TIME_DAY,table presence; access not verified
SPECIES_MARILL,KANTO,MAP_VERMILION_CITY_HNS,water_mons,TIME_DAY,table presence; access not verified
SPECIES_MARILL,KANTO,MAP_VERMILION_CITY_HNS,water_mons,TIME_NIGHT,table presence; access not verified
SPECIES_MAWILE,HNS_UNCLASSIFIED,MAP_PONI_CAVE_HNS,land_mons,TIME_DAY,table presence; access not verified
SPECIES_MAWILE,HOENN,MAP_VICTORY_ROAD_B1F,land_mons,TIME_DAY,table presence; access not verified
SPECIES_MAWILE,HOENN,MAP_VICTORY_ROAD_B2F,land_mons,TIME_DAY,table presence; access not verified
SPECIES_MIGHTYENA,HOENN,MAP_ROUTE120,land_mons,TIME_DAY,table presence; access not verified
SPECIES_MIGHTYENA,HOENN,MAP_ROUTE121,land_mons,TIME_DAY,table presence; access not verified
SPECIES_MIGHTYENA,HOENN,MAP_ROUTE123,land_mons,TIME_DAY,table presence; access not verified
SPECIES_MILTANK,HNS_UNCLASSIFIED,MAP_PONI_ISLE_HNS,land_mons,TIME_DAY,table presence; access not verified
SPECIES_MILTANK,HOENN,MAP_SAFARI_ZONE_NORTHEAST,land_mons,TIME_DAY,table presence; access not verified
SPECIES_MILTANK,JOHTO,MAP_ROUTE38_HNS,land_mons,TIME_DAY,table presence; access not verified
SPECIES_MILTANK,JOHTO,MAP_ROUTE39_HNS,land_mons,TIME_DAY,table presence; access not verified
SPECIES_MILTANK,JOHTO,MAP_ROUTE47_HNS,land_mons,TIME_DAY,table presence; access not verified
SPECIES_NINCADA,HNS_UNCLASSIFIED,MAP_ROUTE50_HNS,rock_smash_mons,TIME_DAY,table presence; access not verified
SPECIES_NINCADA,HOENN,MAP_ROUTE116,land_mons,TIME_DAY,table presence; access not verified
SPECIES_NOSEPASS,HNS_UNCLASSIFIED,MAP_AKALA_ISLE_HNS,land_mons,TIME_DAY,table presence; access not verified
SPECIES_NOSEPASS,HNS_UNCLASSIFIED,MAP_SINJOH_RUINS_HNS,land_mons,TIME_DAY,table presence; access not verified
SPECIES_NOSEPASS,HNS_UNCLASSIFIED,MAP_SINJOH_RUINS_HNS,rock_smash_mons,TIME_DAY,table presence; access not verified
SPECIES_NOSEPASS,HNS_UNCLASSIFIED,MAP_SINJOH_RUINS_HNS,rock_smash_mons,TIME_NIGHT,table presence; access not verified
SPECIES_NOSEPASS,HNS_UNCLASSIFIED,MAP_SNOWSWEPT_CAVERN_HNS,rock_smash_mons,TIME_DAY,table presence; access not verified
SPECIES_NOSEPASS,HOENN,MAP_GRANITE_CAVE_B2F,rock_smash_mons,TIME_DAY,table presence; access not verified
SPECIES_NUMEL,HOENN,MAP_FIERY_PATH,land_mons,TIME_DAY,table presence; access not verified
SPECIES_NUMEL,HOENN,MAP_JAGGED_PASS,land_mons,TIME_DAY,table presence; access not verified
SPECIES_NUMEL,HOENN,MAP_ROUTE112,land_mons,TIME_DAY,table presence; access not verified
SPECIES_ONIX,JOHTO,MAP_CLIFF_EDGE_CAVE_HNS,land_mons,TIME_DAY,table presence; access not verified
SPECIES_ONIX,JOHTO,MAP_MT_SILVER_1F_ITEM_ROOM_HNS,land_mons,TIME_DAY,table presence; access not verified
SPECIES_ONIX,JOHTO,MAP_MT_SILVER_1F_ITEM_ROOM_HNS,land_mons,TIME_NIGHT,table presence; access not verified
SPECIES_ONIX,JOHTO,MAP_MT_SILVER_1F_MOLTRES_ROOM_HNS,land_mons,TIME_DAY,table presence; access not verified
SPECIES_ONIX,JOHTO,MAP_MT_SILVER_1F_WATERFALL_ROOM_HNS,land_mons,TIME_DAY,table presence; access not verified
SPECIES_ONIX,JOHTO,MAP_MT_SILVER_1F_WATERFALL_ROOM_HNS,land_mons,TIME_NIGHT,table presence; access not verified
SPECIES_ONIX,JOHTO,MAP_MT_SILVER_3F_HNS,land_mons,TIME_DAY,table presence; access not verified
SPECIES_ONIX,JOHTO,MAP_MT_SILVER_MOUNTAIN_SIDE_HNS,land_mons,TIME_DAY,table presence; access not verified
SPECIES_ONIX,JOHTO,MAP_MT_SILVER_MOUNTAIN_SIDE_HNS,land_mons,TIME_NIGHT,table presence; access not verified
SPECIES_ONIX,JOHTO,MAP_SAFARI_ZONE_LOW_MID_HNS,land_mons,TIME_DAY,table presence; access not verified
SPECIES_ONIX,JOHTO,MAP_UNION_CAVE_1F_HNS,land_mons,TIME_DAY,table presence; access not verified
SPECIES_ONIX,JOHTO,MAP_UNION_CAVE_B1F_HNS,land_mons,TIME_DAY,table presence; access not verified
SPECIES_ONIX,JOHTO,MAP_UNION_CAVE_B2F_HNS,land_mons,TIME_DAY,table presence; access not verified
SPECIES_ONIX,KANTO,MAP_ROCK_TUNNEL_1F_HNS,land_mons,TIME_DAY,table presence; access not verified
SPECIES_ONIX,KANTO,MAP_ROCK_TUNNEL_1F_HNS,land_mons,TIME_NIGHT,table presence; access not verified
SPECIES_ONIX,KANTO,MAP_ROCK_TUNNEL_B1F_HNS,land_mons,TIME_DAY,table presence; access not verified
SPECIES_ONIX,KANTO,MAP_ROCK_TUNNEL_B1F_HNS,land_mons,TIME_NIGHT,table presence; access not verified
SPECIES_ONIX,KANTO,MAP_VICTORY_ROAD_KANTO_1F_HNS,land_mons,TIME_DAY,table presence; access not verified
SPECIES_ONIX,KANTO,MAP_VICTORY_ROAD_KANTO_1F_HNS,land_mons,TIME_NIGHT,table presence; access not verified
SPECIES_ONIX,KANTO,MAP_VICTORY_ROAD_KANTO_B1F_HNS,land_mons,TIME_DAY,table presence; access not verified
SPECIES_ONIX,KANTO,MAP_VICTORY_ROAD_KANTO_B1F_HNS,land_mons,TIME_NIGHT,table presence; access not verified
SPECIES_ONIX,KANTO,MAP_VICTORY_ROAD_KANTO_B2F_HNS,land_mons,TIME_DAY,table presence; access not verified
SPECIES_ONIX,KANTO,MAP_VICTORY_ROAD_KANTO_B2F_HNS,land_mons,TIME_NIGHT,table presence; access not verified
SPECIES_PARAS,HNS_UNCLASSIFIED,MAP_AKALA_FOREST_HNS,land_mons,TIME_DAY,table presence; access not verified
SPECIES_PARAS,JOHTO,MAP_ILEX_FOREST_HNS,land_mons,TIME_DAY,table presence; access not verified
SPECIES_PARAS,JOHTO,MAP_ILEX_FOREST_HNS,land_mons,TIME_NIGHT,table presence; access not verified
SPECIES_PARAS,JOHTO,MAP_NATIONAL_PARK_BUG_CONTEST_HNS,land_mons,TIME_DAY,table presence; access not verified
SPECIES_PARAS,KANTO,MAP_CERULEAN_CAVE_1F_HNS,land_mons,TIME_DAY,table presence; access not verified
SPECIES_PARAS,KANTO,MAP_FUCHSIA_CITY_SAFARI_ZONE_BEACH_HNS,land_mons,TIME_DAY,table presence; access not verified
SPECIES_PARAS,KANTO,MAP_FUCHSIA_CITY_SAFARI_ZONE_BEACH_HNS,land_mons,TIME_NIGHT,table presence; access not verified
SPECIES_PARAS,KANTO,MAP_FUCHSIA_CITY_SAFARI_ZONE_BRUSH_HNS,land_mons,TIME_DAY,table presence; access not verified
SPECIES_PARAS,KANTO,MAP_FUCHSIA_CITY_SAFARI_ZONE_BRUSH_HNS,land_mons,TIME_NIGHT,table presence; access not verified
SPECIES_PARAS,KANTO,MAP_FUCHSIA_CITY_SAFARI_ZONE_MOUNTAIN_HNS,land_mons,TIME_DAY,table presence; access not verified
SPECIES_PARAS,KANTO,MAP_FUCHSIA_CITY_SAFARI_ZONE_MOUNTAIN_HNS,land_mons,TIME_NIGHT,table presence; access not verified
SPECIES_PARAS,KANTO,MAP_MT_MOON_CAVE_HNS,land_mons,TIME_DAY,table presence; access not verified
SPECIES_PARAS,KANTO,MAP_MT_MOON_CAVE_HNS,land_mons,TIME_NIGHT,table presence; access not verified
SPECIES_PARASECT,HNS_UNCLASSIFIED,MAP_AKALA_FOREST_HNS,land_mons,TIME_DAY,table presence; access not verified
SPECIES_PARASECT,JOHTO,MAP_MT_SILVER_1F_MOLTRES_ROOM_HNS,land_mons,TIME_DAY,table presence; access not verified
SPECIES_PARASECT,JOHTO,MAP_MT_SILVER_1F_MOLTRES_ROOM_HNS,land_mons,TIME_NIGHT,table presence; access not verified
SPECIES_PARASECT,JOHTO,MAP_MT_SILVER_1F_WATERFALL_ROOM_HNS,land_mons,TIME_DAY,table presence; access not verified
SPECIES_PARASECT,JOHTO,MAP_MT_SILVER_1F_WATERFALL_ROOM_HNS,land_mons,TIME_NIGHT,table presence; access not verified
SPECIES_PARASECT,JOHTO,MAP_MT_SILVER_2F_HNS,land_mons,TIME_DAY,table presence; access not verified
SPECIES_PARASECT,KANTO,MAP_CERULEAN_CAVE_1F_HNS,land_mons,TIME_DAY,table presence; access not verified
SPECIES_PARASECT,KANTO,MAP_CERULEAN_CAVE_1F_HNS,land_mons,TIME_NIGHT,table presence; access not verified
SPECIES_PARASECT,KANTO,MAP_CERULEAN_CAVE_B1F_HNS,land_mons,TIME_DAY,table presence; access not verified
SPECIES_PARASECT,KANTO,MAP_CERULEAN_CAVE_B1F_HNS,land_mons,TIME_NIGHT,table presence; access not verified
SPECIES_PARASECT,KANTO,MAP_CERULEAN_CAVE_B2F_HNS,land_mons,TIME_DAY,table presence; access not verified
SPECIES_PARASECT,KANTO,MAP_CERULEAN_CAVE_B2F_HNS,land_mons,TIME_NIGHT,table presence; access not verified
SPECIES_PARASECT,KANTO,MAP_FUCHSIA_CITY_SAFARI_ZONE_BEACH_HNS,land_mons,TIME_DAY,table presence; access not verified
SPECIES_PARASECT,KANTO,MAP_FUCHSIA_CITY_SAFARI_ZONE_BEACH_HNS,land_mons,TIME_NIGHT,table presence; access not verified
SPECIES_PARASECT,KANTO,MAP_FUCHSIA_CITY_SAFARI_ZONE_BRUSH_HNS,land_mons,TIME_DAY,table presence; access not verified
SPECIES_PARASECT,KANTO,MAP_FUCHSIA_CITY_SAFARI_ZONE_BRUSH_HNS,land_mons,TIME_NIGHT,table presence; access not verified
SPECIES_PELIPPER,HNS_UNCLASSIFIED,MAP_PONI_ISLE_HNS,water_mons,TIME_DAY,table presence; access not verified
SPECIES_PELIPPER,HNS_UNCLASSIFIED,MAP_ULAULA_ISLE_HNS,water_mons,TIME_DAY,table presence; access not verified
SPECIES_PELIPPER,HOENN,MAP_DEWFORD_TOWN,water_mons,TIME_DAY,table presence; access not verified
SPECIES_PELIPPER,HOENN,MAP_EVER_GRANDE_CITY,water_mons,TIME_DAY,table presence; access not verified
SPECIES_PELIPPER,HOENN,MAP_LILYCOVE_CITY,water_mons,TIME_DAY,table presence; access not verified
SPECIES_PELIPPER,HOENN,MAP_MOSSDEEP_CITY,water_mons,TIME_DAY,table presence; access not verified
SPECIES_PELIPPER,HOENN,MAP_PACIFIDLOG_TOWN,water_mons,TIME_DAY,table presence; access not verified
SPECIES_PELIPPER,HOENN,MAP_ROUTE103,water_mons,TIME_DAY,table presence; access not verified
SPECIES_PELIPPER,HOENN,MAP_ROUTE104,water_mons,TIME_DAY,table presence; access not verified
SPECIES_PELIPPER,HOENN,MAP_ROUTE105,water_mons,TIME_DAY,table presence; access not verified
SPECIES_PELIPPER,HOENN,MAP_ROUTE106,water_mons,TIME_DAY,table presence; access not verified
SPECIES_PELIPPER,HOENN,MAP_ROUTE107,water_mons,TIME_DAY,table presence; access not verified
SPECIES_PELIPPER,HOENN,MAP_ROUTE108,water_mons,TIME_DAY,table presence; access not verified
SPECIES_PELIPPER,HOENN,MAP_ROUTE109,water_mons,TIME_DAY,table presence; access not verified
SPECIES_PELIPPER,HOENN,MAP_ROUTE110,water_mons,TIME_DAY,table presence; access not verified
SPECIES_PELIPPER,HOENN,MAP_ROUTE115,water_mons,TIME_DAY,table presence; access not verified
SPECIES_PELIPPER,HOENN,MAP_ROUTE118,land_mons,TIME_DAY,table presence; access not verified
SPECIES_PELIPPER,HOENN,MAP_ROUTE118,water_mons,TIME_DAY,table presence; access not verified
SPECIES_PELIPPER,HOENN,MAP_ROUTE119,water_mons,TIME_DAY,table presence; access not verified
SPECIES_PELIPPER,HOENN,MAP_ROUTE121,land_mons,TIME_DAY,table presence; access not verified
SPECIES_PELIPPER,HOENN,MAP_ROUTE121,water_mons,TIME_DAY,table presence; access not verified
SPECIES_PELIPPER,HOENN,MAP_ROUTE122,water_mons,TIME_DAY,table presence; access not verified
SPECIES_PELIPPER,HOENN,MAP_ROUTE123,water_mons,TIME_DAY,table presence; access not verified
SPECIES_PELIPPER,HOENN,MAP_ROUTE124,water_mons,TIME_DAY,table presence; access not verified
SPECIES_PELIPPER,HOENN,MAP_ROUTE125,water_mons,TIME_DAY,table presence; access not verified
SPECIES_PELIPPER,HOENN,MAP_ROUTE126,water_mons,TIME_DAY,table presence; access not verified
SPECIES_PELIPPER,HOENN,MAP_ROUTE127,water_mons,TIME_DAY,table presence; access not verified
SPECIES_PELIPPER,HOENN,MAP_ROUTE128,water_mons,TIME_DAY,table presence; access not verified
SPECIES_PELIPPER,HOENN,MAP_ROUTE129,water_mons,TIME_DAY,table presence; access not verified
SPECIES_PELIPPER,HOENN,MAP_ROUTE130,water_mons,TIME_DAY,table presence; access not verified
SPECIES_PELIPPER,HOENN,MAP_ROUTE131,water_mons,TIME_DAY,table presence; access not verified
SPECIES_PELIPPER,HOENN,MAP_ROUTE132,water_mons,TIME_DAY,table presence; access not verified
SPECIES_PELIPPER,HOENN,MAP_ROUTE133,water_mons,TIME_DAY,table presence; access not verified
SPECIES_PELIPPER,HOENN,MAP_ROUTE134,water_mons,TIME_DAY,table presence; access not verified
SPECIES_PELIPPER,HOENN,MAP_SLATEPORT_CITY,water_mons,TIME_DAY,table presence; access not verified
SPECIES_PHANPY,HOENN,MAP_SAFARI_ZONE_NORTH,land_mons,TIME_DAY,table presence; access not verified
SPECIES_PHANPY,JOHTO,MAP_MT_SILVER_OUTSIDE_HNS,land_mons,TIME_DAY,table presence; access not verified
SPECIES_PHANPY,JOHTO,MAP_ROUTE45_HNS,land_mons,TIME_DAY,table presence; access not verified
SPECIES_PHANPY,JOHTO,MAP_ROUTE46_HNS,land_mons,TIME_DAY,table presence; access not verified
SPECIES_PHANPY,KANTO,MAP_ROUTE10_HNS,land_mons,TIME_DAY,table presence; access not verified
SPECIES_PHANPY,KANTO,MAP_ROUTE10_HNS,land_mons,TIME_NIGHT,table presence; access not verified
SPECIES_PHANPY,KANTO,MAP_ROUTE17_HNS,land_mons,TIME_DAY,table presence; access not verified
SPECIES_PHANPY,KANTO,MAP_ROUTE17_HNS,land_mons,TIME_NIGHT,table presence; access not verified
SPECIES_PHANPY,KANTO,MAP_ROUTE7_HNS,land_mons,TIME_DAY,table presence; access not verified
SPECIES_PHANPY,KANTO,MAP_ROUTE7_HNS,land_mons,TIME_NIGHT,table presence; access not verified
SPECIES_PILOSWINE,HNS_UNCLASSIFIED,MAP_ROUTE49_HNS,land_mons,TIME_DAY,table presence; access not verified
SPECIES_PILOSWINE,HNS_UNCLASSIFIED,MAP_SNOWSWEPT_CAVERN_HNS,land_mons,TIME_DAY,table presence; access not verified
SPECIES_PILOSWINE,JOHTO,MAP_MT_SILVER_SNOW_HNS,land_mons,TIME_DAY,table presence; access not verified
SPECIES_PILOSWINE,JOHTO,MAP_MT_SILVER_SNOW_HNS,land_mons,TIME_NIGHT,table presence; access not verified
SPECIES_PINECO,HNS_UNCLASSIFIED,MAP_ROUTE50_HNS,rock_smash_mons,TIME_DAY,table presence; access not verified
SPECIES_PINECO,HOENN,MAP_ALTERING_CAVE,land_mons,TIME_DAY,table presence; access not verified
SPECIES_PINECO,HOENN,MAP_SAFARI_ZONE_NORTHEAST,land_mons,TIME_DAY,table presence; access not verified
SPECIES_PINECO,JOHTO,MAP_AZALEA_TOWN_HNS,rock_smash_mons,TIME_DAY,table presence; access not verified
SPECIES_PINECO,JOHTO,MAP_BLACKTHORN_CITY_HNS,rock_smash_mons,TIME_DAY,table presence; access not verified
SPECIES_PINECO,JOHTO,MAP_BLACKTHORN_CITY_HNS,rock_smash_mons,TIME_NIGHT,table presence; access not verified
SPECIES_PINECO,JOHTO,MAP_CHERRYGROVE_CITY_HNS,rock_smash_mons,TIME_DAY,table presence; access not verified
SPECIES_PINECO,JOHTO,MAP_CHERRYGROVE_CITY_HNS,rock_smash_mons,TIME_NIGHT,table presence; access not verified
SPECIES_PINECO,JOHTO,MAP_ECRUTEAK_CITY_HNS,rock_smash_mons,TIME_DAY,table presence; access not verified
SPECIES_PINECO,JOHTO,MAP_ECRUTEAK_CITY_HNS,rock_smash_mons,TIME_NIGHT,table presence; access not verified
SPECIES_PINECO,JOHTO,MAP_GOLDENROD_CITY_HNS,rock_smash_mons,TIME_DAY,table presence; access not verified
SPECIES_PINECO,JOHTO,MAP_ILEX_FOREST_HNS,rock_smash_mons,TIME_DAY,table presence; access not verified
SPECIES_PINECO,JOHTO,MAP_ILEX_FOREST_HNS,rock_smash_mons,TIME_NIGHT,table presence; access not verified
SPECIES_PINECO,JOHTO,MAP_LAKE_OF_RAGE_HNS,rock_smash_mons,TIME_DAY,table presence; access not verified
SPECIES_PINECO,JOHTO,MAP_MAHOGANYTOWN_HNS,rock_smash_mons,TIME_DAY,table presence; access not verified
SPECIES_PINECO,JOHTO,MAP_MT_SILVER_MOUNTAIN_SIDE_HNS,rock_smash_mons,TIME_DAY,table presence; access not verified
SPECIES_PINECO,JOHTO,MAP_MT_SILVER_MOUNTAIN_SIDE_HNS,rock_smash_mons,TIME_NIGHT,table presence; access not verified
SPECIES_PINECO,JOHTO,MAP_MT_SILVER_OUTSIDE_HNS,rock_smash_mons,TIME_DAY,table presence; access not verified
SPECIES_PINECO,JOHTO,MAP_MT_SILVER_OUTSIDE_HNS,rock_smash_mons,TIME_NIGHT,table presence; access not verified
SPECIES_PINECO,JOHTO,MAP_NEW_BARK_TOWN_HNS,rock_smash_mons,TIME_DAY,table presence; access not verified
SPECIES_PINECO,JOHTO,MAP_NEW_BARK_TOWN_HNS,rock_smash_mons,TIME_NIGHT,table presence; access not verified
SPECIES_PINECO,JOHTO,MAP_OLIVINE_CITY_HNS,rock_smash_mons,TIME_DAY,table presence; access not verified
SPECIES_PINECO,JOHTO,MAP_OLIVINE_CITY_HNS,rock_smash_mons,TIME_NIGHT,table presence; access not verified
SPECIES_PINECO,JOHTO,MAP_ROUTE26_HNS,rock_smash_mons,TIME_DAY,table presence; access not verified
SPECIES_PINECO,JOHTO,MAP_ROUTE27_HNS,rock_smash_mons,TIME_DAY,table presence; access not verified
SPECIES_PINECO,JOHTO,MAP_ROUTE27_HNS,rock_smash_mons,TIME_NIGHT,table presence; access not verified
SPECIES_PINECO,JOHTO,MAP_ROUTE28_HNS,rock_smash_mons,TIME_DAY,table presence; access not verified
SPECIES_PINECO,JOHTO,MAP_ROUTE28_HNS,rock_smash_mons,TIME_NIGHT,table presence; access not verified
SPECIES_PINECO,JOHTO,MAP_ROUTE29_HNS,rock_smash_mons,TIME_DAY,table presence; access not verified
SPECIES_PINECO,JOHTO,MAP_ROUTE29_HNS,rock_smash_mons,TIME_NIGHT,table presence; access not verified
SPECIES_PINECO,JOHTO,MAP_ROUTE30_HNS,rock_smash_mons,TIME_DAY,table presence; access not verified
SPECIES_PINECO,JOHTO,MAP_ROUTE30_HNS,rock_smash_mons,TIME_NIGHT,table presence; access not verified
SPECIES_PINECO,JOHTO,MAP_ROUTE31_HNS,rock_smash_mons,TIME_DAY,table presence; access not verified
SPECIES_PINECO,JOHTO,MAP_ROUTE31_HNS,rock_smash_mons,TIME_NIGHT,table presence; access not verified
SPECIES_PINECO,JOHTO,MAP_ROUTE32_HNS,rock_smash_mons,TIME_DAY,table presence; access not verified
SPECIES_PINECO,JOHTO,MAP_ROUTE32_HNS,rock_smash_mons,TIME_NIGHT,table presence; access not verified
SPECIES_PINECO,JOHTO,MAP_ROUTE33_HNS,rock_smash_mons,TIME_DAY,table presence; access not verified
SPECIES_PINECO,JOHTO,MAP_ROUTE33_HNS,rock_smash_mons,TIME_NIGHT,table presence; access not verified
SPECIES_PINECO,JOHTO,MAP_ROUTE34_HNS,rock_smash_mons,TIME_DAY,table presence; access not verified
SPECIES_PINECO,JOHTO,MAP_ROUTE34_HNS,rock_smash_mons,TIME_NIGHT,table presence; access not verified
SPECIES_PINECO,JOHTO,MAP_ROUTE35_HNS,rock_smash_mons,TIME_DAY,table presence; access not verified
SPECIES_PINECO,JOHTO,MAP_ROUTE35_HNS,rock_smash_mons,TIME_NIGHT,table presence; access not verified
SPECIES_PINECO,JOHTO,MAP_ROUTE36_HNS,rock_smash_mons,TIME_DAY,table presence; access not verified
SPECIES_PINECO,JOHTO,MAP_ROUTE36_HNS,rock_smash_mons,TIME_NIGHT,table presence; access not verified
SPECIES_PINECO,JOHTO,MAP_ROUTE37_HNS,rock_smash_mons,TIME_DAY,table presence; access not verified
SPECIES_PINECO,JOHTO,MAP_ROUTE37_HNS,rock_smash_mons,TIME_NIGHT,table presence; access not verified
SPECIES_PINECO,JOHTO,MAP_ROUTE38_HNS,rock_smash_mons,TIME_DAY,table presence; access not verified
SPECIES_PINECO,JOHTO,MAP_ROUTE38_HNS,rock_smash_mons,TIME_NIGHT,table presence; access not verified
SPECIES_PINECO,JOHTO,MAP_ROUTE39_HNS,rock_smash_mons,TIME_DAY,table presence; access not verified
SPECIES_PINECO,JOHTO,MAP_ROUTE39_HNS,rock_smash_mons,TIME_NIGHT,table presence; access not verified
SPECIES_PINECO,JOHTO,MAP_ROUTE42_HNS,rock_smash_mons,TIME_DAY,table presence; access not verified
SPECIES_PINECO,JOHTO,MAP_ROUTE42_HNS,rock_smash_mons,TIME_NIGHT,table presence; access not verified
SPECIES_PINECO,JOHTO,MAP_ROUTE43_HNS,rock_smash_mons,TIME_DAY,table presence; access not verified
SPECIES_PINECO,JOHTO,MAP_ROUTE43_HNS,rock_smash_mons,TIME_NIGHT,table presence; access not verified
SPECIES_PINECO,JOHTO,MAP_ROUTE44_HNS,rock_smash_mons,TIME_DAY,table presence; access not verified
SPECIES_PINECO,JOHTO,MAP_ROUTE44_HNS,rock_smash_mons,TIME_NIGHT,table presence; access not verified
SPECIES_PINECO,JOHTO,MAP_ROUTE45_HNS,rock_smash_mons,TIME_DAY,table presence; access not verified
SPECIES_PINECO,JOHTO,MAP_ROUTE46_HNS,rock_smash_mons,TIME_DAY,table presence; access not verified
SPECIES_PINECO,JOHTO,MAP_ROUTE46_HNS,rock_smash_mons,TIME_NIGHT,table presence; access not verified
SPECIES_PINECO,JOHTO,MAP_ROUTE47_HNS,rock_smash_mons,TIME_DAY,table presence; access not verified
SPECIES_PINECO,JOHTO,MAP_ROUTE48_HNS,rock_smash_mons,TIME_DAY,table presence; access not verified
SPECIES_PINECO,JOHTO,MAP_SAFARI_ZONE_GATE_HNS,rock_smash_mons,TIME_DAY,table presence; access not verified
SPECIES_PINECO,KANTO,MAP_CELADON_CITY_HNS,rock_smash_mons,TIME_DAY,table presence; access not verified
SPECIES_PINECO,KANTO,MAP_CELADON_CITY_HNS,rock_smash_mons,TIME_NIGHT,table presence; access not verified
SPECIES_PINECO,KANTO,MAP_CERULEAN_CAVE_B1F_HNS,rock_smash_mons,TIME_DAY,table presence; access not verified
SPECIES_PINECO,KANTO,MAP_CERULEAN_CAVE_B1F_HNS,rock_smash_mons,TIME_NIGHT,table presence; access not verified
SPECIES_PINECO,KANTO,MAP_CERULEAN_CITY_HNS,rock_smash_mons,TIME_DAY,table presence; access not verified
SPECIES_PINECO,KANTO,MAP_CERULEAN_CITY_HNS,rock_smash_mons,TIME_NIGHT,table presence; access not verified
SPECIES_PINECO,KANTO,MAP_ROUTE13_HNS,rock_smash_mons,TIME_DAY,table presence; access not verified
SPECIES_PINECO,KANTO,MAP_ROUTE13_HNS,rock_smash_mons,TIME_NIGHT,table presence; access not verified
SPECIES_PINECO,KANTO,MAP_ROUTE1_HNS,rock_smash_mons,TIME_DAY,table presence; access not verified
SPECIES_PINECO,KANTO,MAP_ROUTE1_HNS,rock_smash_mons,TIME_NIGHT,table presence; access not verified
SPECIES_PINECO,KANTO,MAP_ROUTE5_HNS,rock_smash_mons,TIME_DAY,table presence; access not verified
SPECIES_PINECO,KANTO,MAP_ROUTE5_HNS,rock_smash_mons,TIME_NIGHT,table presence; access not verified
SPECIES_PINECO,KANTO,MAP_ROUTE9_HNS,rock_smash_mons,TIME_DAY,table presence; access not verified
SPECIES_PINECO,KANTO,MAP_ROUTE9_HNS,rock_smash_mons,TIME_NIGHT,table presence; access not verified
SPECIES_POLIWAG,JOHTO,MAP_BLACKTHORN_CITY_HNS,fishing_mons,TIME_DAY,table presence; access not verified
SPECIES_POLIWAG,JOHTO,MAP_BLACKTHORN_CITY_HNS,fishing_mons,TIME_NIGHT,table presence; access not verified
SPECIES_POLIWAG,JOHTO,MAP_ECRUTEAK_CITY_HNS,fishing_mons,TIME_DAY,table presence; access not verified
SPECIES_POLIWAG,JOHTO,MAP_ECRUTEAK_CITY_HNS,fishing_mons,TIME_NIGHT,table presence; access not verified
SPECIES_POLIWAG,JOHTO,MAP_ECRUTEAK_CITY_HNS,water_mons,TIME_DAY,table presence; access not verified
SPECIES_POLIWAG,JOHTO,MAP_ECRUTEAK_CITY_HNS,water_mons,TIME_NIGHT,table presence; access not verified
SPECIES_POLIWAG,JOHTO,MAP_ILEX_FOREST_HNS,fishing_mons,TIME_DAY,table presence; access not verified
SPECIES_POLIWAG,JOHTO,MAP_ILEX_FOREST_HNS,fishing_mons,TIME_NIGHT,table presence; access not verified
SPECIES_POLIWAG,JOHTO,MAP_MT_SILVER_1F_ITEM_ROOM_HNS,fishing_mons,TIME_DAY,table presence; access not verified
SPECIES_POLIWAG,JOHTO,MAP_MT_SILVER_1F_ITEM_ROOM_HNS,fishing_mons,TIME_NIGHT,table presence; access not verified
SPECIES_POLIWAG,JOHTO,MAP_MT_SILVER_1F_MOLTRES_ROOM_HNS,fishing_mons,TIME_DAY,table presence; access not verified
SPECIES_POLIWAG,JOHTO,MAP_MT_SILVER_1F_MOLTRES_ROOM_HNS,fishing_mons,TIME_NIGHT,table presence; access not verified
SPECIES_POLIWAG,JOHTO,MAP_MT_SILVER_1F_WATERFALL_ROOM_HNS,fishing_mons,TIME_DAY,table presence; access not verified
SPECIES_POLIWAG,JOHTO,MAP_MT_SILVER_1F_WATERFALL_ROOM_HNS,fishing_mons,TIME_NIGHT,table presence; access not verified
SPECIES_POLIWAG,JOHTO,MAP_MT_SILVER_2F_HNS,fishing_mons,TIME_DAY,table presence; access not verified
SPECIES_POLIWAG,JOHTO,MAP_MT_SILVER_MOUNTAIN_SIDE_HNS,fishing_mons,TIME_DAY,table presence; access not verified
SPECIES_POLIWAG,JOHTO,MAP_MT_SILVER_OUTSIDE_HNS,fishing_mons,TIME_DAY,table presence; access not verified
SPECIES_POLIWAG,JOHTO,MAP_MT_SILVER_OUTSIDE_HNS,fishing_mons,TIME_NIGHT,table presence; access not verified
SPECIES_POLIWAG,JOHTO,MAP_MT_SILVER_OUTSIDE_HNS,water_mons,TIME_DAY,table presence; access not verified
SPECIES_POLIWAG,JOHTO,MAP_MT_SILVER_OUTSIDE_HNS,water_mons,TIME_NIGHT,table presence; access not verified
SPECIES_POLIWAG,JOHTO,MAP_ROUTE28_HNS,fishing_mons,TIME_DAY,table presence; access not verified
SPECIES_POLIWAG,JOHTO,MAP_ROUTE28_HNS,fishing_mons,TIME_NIGHT,table presence; access not verified
SPECIES_POLIWAG,JOHTO,MAP_ROUTE28_HNS,land_mons,TIME_NIGHT,table presence; access not verified
SPECIES_POLIWAG,JOHTO,MAP_ROUTE28_HNS,water_mons,TIME_DAY,table presence; access not verified
SPECIES_POLIWAG,JOHTO,MAP_ROUTE28_HNS,water_mons,TIME_NIGHT,table presence; access not verified
SPECIES_POLIWAG,JOHTO,MAP_ROUTE30_HNS,fishing_mons,TIME_DAY,table presence; access not verified
SPECIES_POLIWAG,JOHTO,MAP_ROUTE30_HNS,fishing_mons,TIME_NIGHT,table presence; access not verified
SPECIES_POLIWAG,JOHTO,MAP_ROUTE30_HNS,land_mons,TIME_NIGHT,table presence; access not verified
SPECIES_POLIWAG,JOHTO,MAP_ROUTE30_HNS,water_mons,TIME_DAY,table presence; access not verified
SPECIES_POLIWAG,JOHTO,MAP_ROUTE30_HNS,water_mons,TIME_NIGHT,table presence; access not verified
SPECIES_POLIWAG,JOHTO,MAP_ROUTE31_HNS,fishing_mons,TIME_DAY,table presence; access not verified
SPECIES_POLIWAG,JOHTO,MAP_ROUTE31_HNS,fishing_mons,TIME_NIGHT,table presence; access not verified
SPECIES_POLIWAG,JOHTO,MAP_ROUTE31_HNS,land_mons,TIME_NIGHT,table presence; access not verified
SPECIES_POLIWAG,JOHTO,MAP_ROUTE31_HNS,water_mons,TIME_DAY,table presence; access not verified
SPECIES_POLIWAG,JOHTO,MAP_ROUTE31_HNS,water_mons,TIME_NIGHT,table presence; access not verified
SPECIES_POLIWAG,JOHTO,MAP_ROUTE35_HNS,fishing_mons,TIME_DAY,table presence; access not verified
SPECIES_POLIWAG,JOHTO,MAP_ROUTE35_HNS,fishing_mons,TIME_NIGHT,table presence; access not verified
SPECIES_POLIWAG,JOHTO,MAP_ROUTE43_HNS,fishing_mons,TIME_DAY,table presence; access not verified
SPECIES_POLIWAG,JOHTO,MAP_ROUTE43_HNS,fishing_mons,TIME_NIGHT,table presence; access not verified
SPECIES_POLIWAG,JOHTO,MAP_ROUTE44_HNS,fishing_mons,TIME_DAY,table presence; access not verified
SPECIES_POLIWAG,JOHTO,MAP_ROUTE44_HNS,fishing_mons,TIME_NIGHT,table presence; access not verified
SPECIES_POLIWAG,JOHTO,MAP_ROUTE44_HNS,land_mons,TIME_NIGHT,table presence; access not verified
SPECIES_POLIWAG,JOHTO,MAP_ROUTE44_HNS,water_mons,TIME_DAY,table presence; access not verified
SPECIES_POLIWAG,JOHTO,MAP_ROUTE44_HNS,water_mons,TIME_NIGHT,table presence; access not verified
SPECIES_POLIWAG,JOHTO,MAP_RUINS_OF_ALPH_OUTSIDE_HNS,fishing_mons,TIME_DAY,table presence; access not verified
SPECIES_POLIWAG,JOHTO,MAP_RUINS_OF_ALPH_OUTSIDE_HNS,fishing_mons,TIME_NIGHT,table presence; access not verified
SPECIES_POLIWAG,JOHTO,MAP_SAFARI_ZONE_LOW_MID_HNS,water_mons,TIME_DAY,table presence; access not verified
SPECIES_POLIWAG,JOHTO,MAP_SAFARI_ZONE_LOW_RIGHT_HNS,water_mons,TIME_DAY,table presence; access not verified
SPECIES_POLIWAG,JOHTO,MAP_SAFARI_ZONE_TOP_MID_HNS,water_mons,TIME_DAY,table presence; access not verified
SPECIES_POLIWAG,JOHTO,MAP_VIOLET_CITY_HNS,fishing_mons,TIME_DAY,table presence; access not verified
SPECIES_POLIWAG,JOHTO,MAP_VIOLET_CITY_HNS,fishing_mons,TIME_NIGHT,table presence; access not verified
SPECIES_POLIWAG,JOHTO,MAP_VIOLET_CITY_HNS,water_mons,TIME_DAY,table presence; access not verified
SPECIES_POLIWAG,JOHTO,MAP_VIOLET_CITY_HNS,water_mons,TIME_NIGHT,table presence; access not verified
SPECIES_POLIWAG,KANTO,MAP_CERULEAN_CAVE_1F_HNS,fishing_mons,TIME_DAY,table presence; access not verified
SPECIES_POLIWAG,KANTO,MAP_CERULEAN_CAVE_1F_HNS,fishing_mons,TIME_NIGHT,table presence; access not verified
SPECIES_POLIWAG,KANTO,MAP_CERULEAN_CAVE_B1F_HNS,fishing_mons,TIME_DAY,table presence; access not verified
SPECIES_POLIWAG,KANTO,MAP_CERULEAN_CAVE_B1F_HNS,fishing_mons,TIME_NIGHT,table presence; access not verified
SPECIES_POLIWAG,KANTO,MAP_CERULEAN_CAVE_B2F_HNS,fishing_mons,TIME_DAY,table presence; access not verified
SPECIES_POLIWAG,KANTO,MAP_CERULEAN_CAVE_B2F_HNS,fishing_mons,TIME_NIGHT,table presence; access not verified
SPECIES_POLIWAG,KANTO,MAP_FUCHSIA_CITY_HNS,fishing_mons,TIME_DAY,table presence; access not verified
SPECIES_POLIWAG,KANTO,MAP_FUCHSIA_CITY_HNS,fishing_mons,TIME_NIGHT,table presence; access not verified
SPECIES_POLIWAG,KANTO,MAP_FUCHSIA_CITY_SAFARI_ZONE_BEACH_HNS,fishing_mons,TIME_DAY,table presence; access not verified
SPECIES_POLIWAG,KANTO,MAP_FUCHSIA_CITY_SAFARI_ZONE_BEACH_HNS,fishing_mons,TIME_NIGHT,table presence; access not verified
SPECIES_POLIWAG,KANTO,MAP_FUCHSIA_CITY_SAFARI_ZONE_CAVE_HNS,fishing_mons,TIME_DAY,table presence; access not verified
SPECIES_POLIWAG,KANTO,MAP_FUCHSIA_CITY_SAFARI_ZONE_CAVE_HNS,fishing_mons,TIME_NIGHT,table presence; access not verified
SPECIES_POLIWAG,KANTO,MAP_FUCHSIA_CITY_SAFARI_ZONE_MOUNTAIN_HNS,fishing_mons,TIME_DAY,table presence; access not verified
SPECIES_POLIWAG,KANTO,MAP_FUCHSIA_CITY_SAFARI_ZONE_MOUNTAIN_HNS,fishing_mons,TIME_NIGHT,table presence; access not verified
SPECIES_POLIWAG,KANTO,MAP_ROUTE14_HNS,fishing_mons,TIME_DAY,table presence; access not verified
SPECIES_POLIWAG,KANTO,MAP_ROUTE14_HNS,fishing_mons,TIME_NIGHT,table presence; access not verified
SPECIES_POLIWAG,KANTO,MAP_ROUTE15_HNS,fishing_mons,TIME_DAY,table presence; access not verified
SPECIES_POLIWAG,KANTO,MAP_ROUTE15_HNS,fishing_mons,TIME_NIGHT,table presence; access not verified
SPECIES_POLIWAG,KANTO,MAP_ROUTE22_HNS,fishing_mons,TIME_DAY,table presence; access not verified
SPECIES_POLIWAG,KANTO,MAP_ROUTE22_HNS,fishing_mons,TIME_NIGHT,table presence; access not verified
SPECIES_POLIWAG,KANTO,MAP_ROUTE23_HNS,fishing_mons,TIME_DAY,table presence; access not verified
SPECIES_POLIWAG,KANTO,MAP_ROUTE23_HNS,fishing_mons,TIME_NIGHT,table presence; access not verified
SPECIES_POLIWAG,KANTO,MAP_ROUTE25_HNS,fishing_mons,TIME_DAY,table presence; access not verified
SPECIES_POLIWAG,KANTO,MAP_ROUTE25_HNS,fishing_mons,TIME_NIGHT,table presence; access not verified
SPECIES_POLIWAG,KANTO,MAP_ROUTE2_HNS,fishing_mons,TIME_DAY,table presence; access not verified
SPECIES_POLIWAG,KANTO,MAP_ROUTE2_HNS,fishing_mons,TIME_NIGHT,table presence; access not verified
SPECIES_POLIWAG,KANTO,MAP_ROUTE6_HNS,fishing_mons,TIME_DAY,table presence; access not verified
SPECIES_POLIWAG,KANTO,MAP_ROUTE6_HNS,fishing_mons,TIME_NIGHT,table presence; access not verified
SPECIES_POLIWAG,KANTO,MAP_VICTORY_ROAD_KANTO_1F_HNS,fishing_mons,TIME_DAY,table presence; access not verified
SPECIES_POLIWAG,KANTO,MAP_VICTORY_ROAD_KANTO_1F_HNS,fishing_mons,TIME_NIGHT,table presence; access not verified
SPECIES_POLIWAG,KANTO,MAP_VICTORY_ROAD_KANTO_B1F_HNS,fishing_mons,TIME_DAY,table presence; access not verified
SPECIES_POLIWAG,KANTO,MAP_VICTORY_ROAD_KANTO_B1F_HNS,fishing_mons,TIME_NIGHT,table presence; access not verified
SPECIES_POLIWAG,KANTO,MAP_VIRIDIAN_CITY_HNS,fishing_mons,TIME_DAY,table presence; access not verified
SPECIES_POLIWAG,KANTO,MAP_VIRIDIAN_CITY_HNS,fishing_mons,TIME_NIGHT,table presence; access not verified
SPECIES_POLIWHIRL,JOHTO,MAP_BLACKTHORN_CITY_HNS,fishing_mons,TIME_DAY,table presence; access not verified
SPECIES_POLIWHIRL,JOHTO,MAP_BLACKTHORN_CITY_HNS,fishing_mons,TIME_NIGHT,table presence; access not verified
SPECIES_POLIWHIRL,JOHTO,MAP_ECRUTEAK_CITY_HNS,fishing_mons,TIME_DAY,table presence; access not verified
SPECIES_POLIWHIRL,JOHTO,MAP_ECRUTEAK_CITY_HNS,fishing_mons,TIME_NIGHT,table presence; access not verified
SPECIES_POLIWHIRL,JOHTO,MAP_ECRUTEAK_CITY_HNS,water_mons,TIME_DAY,table presence; access not verified
SPECIES_POLIWHIRL,JOHTO,MAP_ECRUTEAK_CITY_HNS,water_mons,TIME_NIGHT,table presence; access not verified
SPECIES_POLIWHIRL,JOHTO,MAP_ILEX_FOREST_HNS,fishing_mons,TIME_DAY,table presence; access not verified
SPECIES_POLIWHIRL,JOHTO,MAP_ILEX_FOREST_HNS,fishing_mons,TIME_NIGHT,table presence; access not verified
SPECIES_POLIWHIRL,JOHTO,MAP_MT_SILVER_1F_ITEM_ROOM_HNS,fishing_mons,TIME_DAY,table presence; access not verified
SPECIES_POLIWHIRL,JOHTO,MAP_MT_SILVER_1F_ITEM_ROOM_HNS,fishing_mons,TIME_NIGHT,table presence; access not verified
SPECIES_POLIWHIRL,JOHTO,MAP_MT_SILVER_1F_MOLTRES_ROOM_HNS,fishing_mons,TIME_DAY,table presence; access not verified
SPECIES_POLIWHIRL,JOHTO,MAP_MT_SILVER_1F_MOLTRES_ROOM_HNS,fishing_mons,TIME_NIGHT,table presence; access not verified
SPECIES_POLIWHIRL,JOHTO,MAP_MT_SILVER_1F_WATERFALL_ROOM_HNS,fishing_mons,TIME_DAY,table presence; access not verified
SPECIES_POLIWHIRL,JOHTO,MAP_MT_SILVER_1F_WATERFALL_ROOM_HNS,fishing_mons,TIME_NIGHT,table presence; access not verified
SPECIES_POLIWHIRL,JOHTO,MAP_MT_SILVER_2F_HNS,fishing_mons,TIME_DAY,table presence; access not verified
SPECIES_POLIWHIRL,JOHTO,MAP_MT_SILVER_MOUNTAIN_SIDE_HNS,fishing_mons,TIME_DAY,table presence; access not verified
SPECIES_POLIWHIRL,JOHTO,MAP_MT_SILVER_OUTSIDE_HNS,fishing_mons,TIME_DAY,table presence; access not verified
SPECIES_POLIWHIRL,JOHTO,MAP_MT_SILVER_OUTSIDE_HNS,fishing_mons,TIME_NIGHT,table presence; access not verified
SPECIES_POLIWHIRL,JOHTO,MAP_MT_SILVER_OUTSIDE_HNS,water_mons,TIME_DAY,table presence; access not verified
SPECIES_POLIWHIRL,JOHTO,MAP_MT_SILVER_OUTSIDE_HNS,water_mons,TIME_NIGHT,table presence; access not verified
SPECIES_POLIWHIRL,JOHTO,MAP_ROUTE28_HNS,fishing_mons,TIME_DAY,table presence; access not verified
SPECIES_POLIWHIRL,JOHTO,MAP_ROUTE28_HNS,fishing_mons,TIME_NIGHT,table presence; access not verified
SPECIES_POLIWHIRL,JOHTO,MAP_ROUTE28_HNS,land_mons,TIME_NIGHT,table presence; access not verified
SPECIES_POLIWHIRL,JOHTO,MAP_ROUTE28_HNS,water_mons,TIME_DAY,table presence; access not verified
SPECIES_POLIWHIRL,JOHTO,MAP_ROUTE28_HNS,water_mons,TIME_NIGHT,table presence; access not verified
SPECIES_POLIWHIRL,JOHTO,MAP_ROUTE30_HNS,fishing_mons,TIME_DAY,table presence; access not verified
SPECIES_POLIWHIRL,JOHTO,MAP_ROUTE30_HNS,fishing_mons,TIME_NIGHT,table presence; access not verified
SPECIES_POLIWHIRL,JOHTO,MAP_ROUTE30_HNS,water_mons,TIME_DAY,table presence; access not verified
SPECIES_POLIWHIRL,JOHTO,MAP_ROUTE30_HNS,water_mons,TIME_NIGHT,table presence; access not verified
SPECIES_POLIWHIRL,JOHTO,MAP_ROUTE31_HNS,fishing_mons,TIME_DAY,table presence; access not verified
SPECIES_POLIWHIRL,JOHTO,MAP_ROUTE31_HNS,fishing_mons,TIME_NIGHT,table presence; access not verified
SPECIES_POLIWHIRL,JOHTO,MAP_ROUTE31_HNS,water_mons,TIME_DAY,table presence; access not verified
SPECIES_POLIWHIRL,JOHTO,MAP_ROUTE31_HNS,water_mons,TIME_NIGHT,table presence; access not verified
SPECIES_POLIWHIRL,JOHTO,MAP_ROUTE35_HNS,fishing_mons,TIME_DAY,table presence; access not verified
SPECIES_POLIWHIRL,JOHTO,MAP_ROUTE35_HNS,fishing_mons,TIME_NIGHT,table presence; access not verified
SPECIES_POLIWHIRL,JOHTO,MAP_ROUTE44_HNS,land_mons,TIME_NIGHT,table presence; access not verified
SPECIES_POLIWHIRL,JOHTO,MAP_ROUTE44_HNS,water_mons,TIME_DAY,table presence; access not verified
SPECIES_POLIWHIRL,JOHTO,MAP_ROUTE44_HNS,water_mons,TIME_NIGHT,table presence; access not verified
SPECIES_POLIWHIRL,JOHTO,MAP_RUINS_OF_ALPH_OUTSIDE_HNS,fishing_mons,TIME_DAY,table presence; access not verified
SPECIES_POLIWHIRL,JOHTO,MAP_RUINS_OF_ALPH_OUTSIDE_HNS,fishing_mons,TIME_NIGHT,table presence; access not verified
SPECIES_POLIWHIRL,JOHTO,MAP_SAFARI_ZONE_LOW_MID_HNS,water_mons,TIME_DAY,table presence; access not verified
SPECIES_POLIWHIRL,JOHTO,MAP_SAFARI_ZONE_LOW_RIGHT_HNS,water_mons,TIME_DAY,table presence; access not verified
SPECIES_POLIWHIRL,JOHTO,MAP_SAFARI_ZONE_TOP_MID_HNS,water_mons,TIME_DAY,table presence; access not verified
SPECIES_POLIWHIRL,JOHTO,MAP_VIOLET_CITY_HNS,fishing_mons,TIME_DAY,table presence; access not verified
SPECIES_POLIWHIRL,JOHTO,MAP_VIOLET_CITY_HNS,fishing_mons,TIME_NIGHT,table presence; access not verified
SPECIES_POLIWHIRL,JOHTO,MAP_VIOLET_CITY_HNS,water_mons,TIME_DAY,table presence; access not verified
SPECIES_POLIWHIRL,JOHTO,MAP_VIOLET_CITY_HNS,water_mons,TIME_NIGHT,table presence; access not verified
SPECIES_POLIWHIRL,KANTO,MAP_CERULEAN_CAVE_1F_HNS,fishing_mons,TIME_DAY,table presence; access not verified
SPECIES_POLIWHIRL,KANTO,MAP_CERULEAN_CAVE_1F_HNS,fishing_mons,TIME_NIGHT,table presence; access not verified
SPECIES_POLIWHIRL,KANTO,MAP_CERULEAN_CAVE_B1F_HNS,fishing_mons,TIME_DAY,table presence; access not verified
SPECIES_POLIWHIRL,KANTO,MAP_CERULEAN_CAVE_B1F_HNS,fishing_mons,TIME_NIGHT,table presence; access not verified
SPECIES_POLIWHIRL,KANTO,MAP_CERULEAN_CAVE_B2F_HNS,fishing_mons,TIME_DAY,table presence; access not verified
SPECIES_POLIWHIRL,KANTO,MAP_CERULEAN_CAVE_B2F_HNS,fishing_mons,TIME_NIGHT,table presence; access not verified
SPECIES_POLIWHIRL,KANTO,MAP_ROUTE22_HNS,fishing_mons,TIME_DAY,table presence; access not verified
SPECIES_POLIWHIRL,KANTO,MAP_ROUTE22_HNS,fishing_mons,TIME_NIGHT,table presence; access not verified
SPECIES_POLIWHIRL,KANTO,MAP_ROUTE23_HNS,fishing_mons,TIME_DAY,table presence; access not verified
SPECIES_POLIWHIRL,KANTO,MAP_ROUTE23_HNS,fishing_mons,TIME_NIGHT,table presence; access not verified
SPECIES_POLIWHIRL,KANTO,MAP_ROUTE25_HNS,fishing_mons,TIME_DAY,table presence; access not verified
SPECIES_POLIWHIRL,KANTO,MAP_ROUTE25_HNS,fishing_mons,TIME_NIGHT,table presence; access not verified
SPECIES_POLIWHIRL,KANTO,MAP_ROUTE2_HNS,fishing_mons,TIME_DAY,table presence; access not verified
SPECIES_POLIWHIRL,KANTO,MAP_ROUTE2_HNS,fishing_mons,TIME_NIGHT,table presence; access not verified
SPECIES_POLIWHIRL,KANTO,MAP_ROUTE6_HNS,fishing_mons,TIME_DAY,table presence; access not verified
SPECIES_POLIWHIRL,KANTO,MAP_ROUTE6_HNS,fishing_mons,TIME_NIGHT,table presence; access not verified
SPECIES_POLIWHIRL,KANTO,MAP_VICTORY_ROAD_KANTO_1F_HNS,fishing_mons,TIME_DAY,table presence; access not verified
SPECIES_POLIWHIRL,KANTO,MAP_VICTORY_ROAD_KANTO_1F_HNS,fishing_mons,TIME_NIGHT,table presence; access not verified
SPECIES_POLIWHIRL,KANTO,MAP_VICTORY_ROAD_KANTO_B1F_HNS,fishing_mons,TIME_DAY,table presence; access not verified
SPECIES_POLIWHIRL,KANTO,MAP_VICTORY_ROAD_KANTO_B1F_HNS,fishing_mons,TIME_NIGHT,table presence; access not verified
SPECIES_POLIWHIRL,KANTO,MAP_VIRIDIAN_CITY_HNS,fishing_mons,TIME_DAY,table presence; access not verified
SPECIES_POLIWHIRL,KANTO,MAP_VIRIDIAN_CITY_HNS,fishing_mons,TIME_NIGHT,table presence; access not verified
SPECIES_POOCHYENA,HOENN,MAP_PETALBURG_WOODS,land_mons,TIME_DAY,table presence; access not verified
SPECIES_POOCHYENA,HOENN,MAP_ROUTE101,land_mons,TIME_DAY,table presence; access not verified
SPECIES_POOCHYENA,HOENN,MAP_ROUTE102,land_mons,TIME_DAY,table presence; access not verified
SPECIES_POOCHYENA,HOENN,MAP_ROUTE103,land_mons,TIME_DAY,table presence; access not verified
SPECIES_POOCHYENA,HOENN,MAP_ROUTE104,land_mons,TIME_DAY,table presence; access not verified
SPECIES_POOCHYENA,HOENN,MAP_ROUTE110,land_mons,TIME_DAY,table presence; access not verified
SPECIES_POOCHYENA,HOENN,MAP_ROUTE116,land_mons,TIME_DAY,table presence; access not verified
SPECIES_POOCHYENA,HOENN,MAP_ROUTE117,land_mons,TIME_DAY,table presence; access not verified
SPECIES_POOCHYENA,HOENN,MAP_ROUTE120,land_mons,TIME_DAY,table presence; access not verified
SPECIES_POOCHYENA,HOENN,MAP_ROUTE121,land_mons,TIME_DAY,table presence; access not verified
SPECIES_POOCHYENA,HOENN,MAP_ROUTE123,land_mons,TIME_DAY,table presence; access not verified
SPECIES_PSYDUCK,HNS_UNCLASSIFIED,MAP_PONI_CAVE_HNS,water_mons,TIME_DAY,table presence; access not verified
SPECIES_PSYDUCK,HNS_UNCLASSIFIED,MAP_PONI_ISLE_HNS,water_mons,TIME_DAY,table presence; access not verified
SPECIES_PSYDUCK,HOENN,MAP_SAFARI_ZONE_NORTHWEST,water_mons,TIME_DAY,table presence; access not verified
SPECIES_PSYDUCK,HOENN,MAP_SAFARI_ZONE_SOUTHWEST,water_mons,TIME_DAY,table presence; access not verified
SPECIES_PSYDUCK,JOHTO,MAP_ILEX_FOREST_HNS,land_mons,TIME_NIGHT,table presence; access not verified
SPECIES_PSYDUCK,JOHTO,MAP_ILEX_FOREST_HNS,water_mons,TIME_DAY,table presence; access not verified
SPECIES_PSYDUCK,JOHTO,MAP_ILEX_FOREST_HNS,water_mons,TIME_NIGHT,table presence; access not verified
SPECIES_PSYDUCK,JOHTO,MAP_MT_SILVER_1F_ITEM_ROOM_HNS,land_mons,TIME_NIGHT,table presence; access not verified
SPECIES_PSYDUCK,JOHTO,MAP_MT_SILVER_1F_MOLTRES_ROOM_HNS,land_mons,TIME_NIGHT,table presence; access not verified
SPECIES_PSYDUCK,JOHTO,MAP_MT_SILVER_1F_MOLTRES_ROOM_HNS,water_mons,TIME_DAY,table presence; access not verified
SPECIES_PSYDUCK,JOHTO,MAP_MT_SILVER_1F_MOLTRES_ROOM_HNS,water_mons,TIME_NIGHT,table presence; access not verified
SPECIES_PSYDUCK,JOHTO,MAP_MT_SILVER_1F_WATERFALL_ROOM_HNS,land_mons,TIME_NIGHT,table presence; access not verified
SPECIES_PSYDUCK,JOHTO,MAP_MT_SILVER_1F_WATERFALL_ROOM_HNS,water_mons,TIME_DAY,table presence; access not verified
SPECIES_PSYDUCK,JOHTO,MAP_MT_SILVER_1F_WATERFALL_ROOM_HNS,water_mons,TIME_NIGHT,table presence; access not verified
SPECIES_PSYDUCK,JOHTO,MAP_MT_SILVER_2F_HNS,land_mons,TIME_DAY,table presence; access not verified
SPECIES_PSYDUCK,JOHTO,MAP_MT_SILVER_2F_HNS,water_mons,TIME_DAY,table presence; access not verified
SPECIES_PSYDUCK,JOHTO,MAP_NATIONAL_PARK_NORMAL_HNS,land_mons,TIME_NIGHT,table presence; access not verified
SPECIES_PSYDUCK,JOHTO,MAP_ROUTE35_HNS,land_mons,TIME_NIGHT,table presence; access not verified
SPECIES_PSYDUCK,JOHTO,MAP_ROUTE35_HNS,water_mons,TIME_DAY,table presence; access not verified
SPECIES_PSYDUCK,JOHTO,MAP_ROUTE35_HNS,water_mons,TIME_NIGHT,table presence; access not verified
SPECIES_PSYDUCK,JOHTO,MAP_SAFARI_ZONE_LOW_RIGHT_HNS,land_mons,TIME_DAY,table presence; access not verified
SPECIES_PSYDUCK,JOHTO,MAP_SAFARI_ZONE_TOP_RIGHT_HNS,land_mons,TIME_DAY,table presence; access not verified
SPECIES_PSYDUCK,JOHTO,MAP_WHIRL_ISLANDS_B2F_HNS,land_mons,TIME_DAY,table presence; access not verified
SPECIES_PSYDUCK,JOHTO,MAP_WHIRL_ISLANDS_B2F_HNS,land_mons,TIME_NIGHT,table presence; access not verified
SPECIES_PSYDUCK,JOHTO,MAP_WHIRL_ISLANDS_B3F_HNS,land_mons,TIME_DAY,table presence; access not verified
SPECIES_PSYDUCK,KANTO,MAP_CELADON_CITY_HNS,water_mons,TIME_DAY,table presence; access not verified
SPECIES_PSYDUCK,KANTO,MAP_CELADON_CITY_HNS,water_mons,TIME_NIGHT,table presence; access not verified
SPECIES_PSYDUCK,KANTO,MAP_CERULEAN_CAVE_1F_HNS,fishing_mons,TIME_DAY,table presence; access not verified
SPECIES_PSYDUCK,KANTO,MAP_CERULEAN_CAVE_1F_HNS,fishing_mons,TIME_NIGHT,table presence; access not verified
SPECIES_PSYDUCK,KANTO,MAP_CERULEAN_CAVE_1F_HNS,water_mons,TIME_DAY,table presence; access not verified
SPECIES_PSYDUCK,KANTO,MAP_CERULEAN_CAVE_1F_HNS,water_mons,TIME_NIGHT,table presence; access not verified
SPECIES_PSYDUCK,KANTO,MAP_CERULEAN_CAVE_B1F_HNS,fishing_mons,TIME_DAY,table presence; access not verified
SPECIES_PSYDUCK,KANTO,MAP_CERULEAN_CAVE_B1F_HNS,fishing_mons,TIME_NIGHT,table presence; access not verified
SPECIES_PSYDUCK,KANTO,MAP_CERULEAN_CAVE_B1F_HNS,water_mons,TIME_DAY,table presence; access not verified
SPECIES_PSYDUCK,KANTO,MAP_CERULEAN_CAVE_B1F_HNS,water_mons,TIME_NIGHT,table presence; access not verified
SPECIES_PSYDUCK,KANTO,MAP_CERULEAN_CAVE_B2F_HNS,fishing_mons,TIME_DAY,table presence; access not verified
SPECIES_PSYDUCK,KANTO,MAP_CERULEAN_CAVE_B2F_HNS,water_mons,TIME_DAY,table presence; access not verified
SPECIES_PSYDUCK,KANTO,MAP_CERULEAN_CAVE_B2F_HNS,water_mons,TIME_NIGHT,table presence; access not verified
SPECIES_PSYDUCK,KANTO,MAP_CERULEAN_CITY_HNS,fishing_mons,TIME_DAY,table presence; access not verified
SPECIES_PSYDUCK,KANTO,MAP_CINNABAR_ISLAND_HNS,fishing_mons,TIME_DAY,table presence; access not verified
SPECIES_PSYDUCK,KANTO,MAP_FUCHSIA_CITY_HNS,fishing_mons,TIME_DAY,table presence; access not verified
SPECIES_PSYDUCK,KANTO,MAP_FUCHSIA_CITY_HNS,fishing_mons,TIME_NIGHT,table presence; access not verified
SPECIES_PSYDUCK,KANTO,MAP_FUCHSIA_CITY_HNS,water_mons,TIME_DAY,table presence; access not verified
SPECIES_PSYDUCK,KANTO,MAP_FUCHSIA_CITY_HNS,water_mons,TIME_NIGHT,table presence; access not verified
SPECIES_PSYDUCK,KANTO,MAP_FUCHSIA_CITY_SAFARI_ZONE_BEACH_HNS,fishing_mons,TIME_DAY,table presence; access not verified
SPECIES_PSYDUCK,KANTO,MAP_FUCHSIA_CITY_SAFARI_ZONE_BEACH_HNS,water_mons,TIME_DAY,table presence; access not verified
SPECIES_PSYDUCK,KANTO,MAP_FUCHSIA_CITY_SAFARI_ZONE_BEACH_HNS,water_mons,TIME_NIGHT,table presence; access not verified
SPECIES_PSYDUCK,KANTO,MAP_FUCHSIA_CITY_SAFARI_ZONE_CAVE_HNS,fishing_mons,TIME_DAY,table presence; access not verified
SPECIES_PSYDUCK,KANTO,MAP_FUCHSIA_CITY_SAFARI_ZONE_CAVE_HNS,water_mons,TIME_DAY,table presence; access not verified
SPECIES_PSYDUCK,KANTO,MAP_FUCHSIA_CITY_SAFARI_ZONE_CAVE_HNS,water_mons,TIME_NIGHT,table presence; access not verified
SPECIES_PSYDUCK,KANTO,MAP_FUCHSIA_CITY_SAFARI_ZONE_MOUNTAIN_HNS,fishing_mons,TIME_DAY,table presence; access not verified
SPECIES_PSYDUCK,KANTO,MAP_FUCHSIA_CITY_SAFARI_ZONE_MOUNTAIN_HNS,water_mons,TIME_DAY,table presence; access not verified
SPECIES_PSYDUCK,KANTO,MAP_FUCHSIA_CITY_SAFARI_ZONE_MOUNTAIN_HNS,water_mons,TIME_NIGHT,table presence; access not verified
SPECIES_PSYDUCK,KANTO,MAP_PALLET_TOWN_HNS,fishing_mons,TIME_DAY,table presence; access not verified
SPECIES_PSYDUCK,KANTO,MAP_PALLET_TOWN_HNS,fishing_mons,TIME_NIGHT,table presence; access not verified
SPECIES_PSYDUCK,KANTO,MAP_ROUTE10_HNS,fishing_mons,TIME_DAY,table presence; access not verified
SPECIES_PSYDUCK,KANTO,MAP_ROUTE12_HNS,fishing_mons,TIME_DAY,table presence; access not verified
SPECIES_PSYDUCK,KANTO,MAP_ROUTE13_HNS,fishing_mons,TIME_DAY,table presence; access not verified
SPECIES_PSYDUCK,KANTO,MAP_ROUTE14_HNS,fishing_mons,TIME_DAY,table presence; access not verified
SPECIES_PSYDUCK,KANTO,MAP_ROUTE14_HNS,fishing_mons,TIME_NIGHT,table presence; access not verified
SPECIES_PSYDUCK,KANTO,MAP_ROUTE14_HNS,water_mons,TIME_DAY,table presence; access not verified
SPECIES_PSYDUCK,KANTO,MAP_ROUTE14_HNS,water_mons,TIME_NIGHT,table presence; access not verified
SPECIES_PSYDUCK,KANTO,MAP_ROUTE15_HNS,fishing_mons,TIME_DAY,table presence; access not verified
SPECIES_PSYDUCK,KANTO,MAP_ROUTE15_HNS,fishing_mons,TIME_NIGHT,table presence; access not verified
SPECIES_PSYDUCK,KANTO,MAP_ROUTE15_HNS,water_mons,TIME_DAY,table presence; access not verified
SPECIES_PSYDUCK,KANTO,MAP_ROUTE15_HNS,water_mons,TIME_NIGHT,table presence; access not verified
SPECIES_PSYDUCK,KANTO,MAP_ROUTE19_HNS,fishing_mons,TIME_DAY,table presence; access not verified
SPECIES_PSYDUCK,KANTO,MAP_ROUTE1_HNS,fishing_mons,TIME_DAY,table presence; access not verified
SPECIES_PSYDUCK,KANTO,MAP_ROUTE1_HNS,fishing_mons,TIME_NIGHT,table presence; access not verified
SPECIES_PSYDUCK,KANTO,MAP_ROUTE20_HNS,fishing_mons,TIME_DAY,table presence; access not verified
SPECIES_PSYDUCK,KANTO,MAP_ROUTE21_HNS,fishing_mons,TIME_DAY,table presence; access not verified
SPECIES_PSYDUCK,KANTO,MAP_ROUTE22_HNS,fishing_mons,TIME_DAY,table presence; access not verified
SPECIES_PSYDUCK,KANTO,MAP_ROUTE22_HNS,fishing_mons,TIME_NIGHT,table presence; access not verified
SPECIES_PSYDUCK,KANTO,MAP_ROUTE22_HNS,water_mons,TIME_DAY,table presence; access not verified
SPECIES_PSYDUCK,KANTO,MAP_ROUTE22_HNS,water_mons,TIME_NIGHT,table presence; access not verified
SPECIES_PSYDUCK,KANTO,MAP_ROUTE23_HNS,fishing_mons,TIME_DAY,table presence; access not verified
SPECIES_PSYDUCK,KANTO,MAP_ROUTE23_HNS,fishing_mons,TIME_NIGHT,table presence; access not verified
SPECIES_PSYDUCK,KANTO,MAP_ROUTE23_HNS,water_mons,TIME_DAY,table presence; access not verified
SPECIES_PSYDUCK,KANTO,MAP_ROUTE23_HNS,water_mons,TIME_NIGHT,table presence; access not verified
SPECIES_PSYDUCK,KANTO,MAP_ROUTE24_HNS,fishing_mons,TIME_DAY,table presence; access not verified
SPECIES_PSYDUCK,KANTO,MAP_ROUTE25_HNS,fishing_mons,TIME_DAY,table presence; access not verified
SPECIES_PSYDUCK,KANTO,MAP_ROUTE25_HNS,fishing_mons,TIME_NIGHT,table presence; access not verified
SPECIES_PSYDUCK,KANTO,MAP_ROUTE25_HNS,water_mons,TIME_DAY,table presence; access not verified
SPECIES_PSYDUCK,KANTO,MAP_ROUTE25_HNS,water_mons,TIME_NIGHT,table presence; access not verified
SPECIES_PSYDUCK,KANTO,MAP_ROUTE2_HNS,fishing_mons,TIME_DAY,table presence; access not verified
SPECIES_PSYDUCK,KANTO,MAP_ROUTE2_HNS,fishing_mons,TIME_NIGHT,table presence; access not verified
SPECIES_PSYDUCK,KANTO,MAP_ROUTE2_HNS,water_mons,TIME_DAY,table presence; access not verified
SPECIES_PSYDUCK,KANTO,MAP_ROUTE2_HNS,water_mons,TIME_NIGHT,table presence; access not verified
SPECIES_PSYDUCK,KANTO,MAP_ROUTE4_HNS,fishing_mons,TIME_DAY,table presence; access not verified
SPECIES_PSYDUCK,KANTO,MAP_ROUTE6_HNS,fishing_mons,TIME_DAY,table presence; access not verified
SPECIES_PSYDUCK,KANTO,MAP_ROUTE6_HNS,fishing_mons,TIME_NIGHT,table presence; access not verified
SPECIES_PSYDUCK,KANTO,MAP_ROUTE6_HNS,water_mons,TIME_DAY,table presence; access not verified
SPECIES_PSYDUCK,KANTO,MAP_ROUTE6_HNS,water_mons,TIME_NIGHT,table presence; access not verified
SPECIES_PSYDUCK,KANTO,MAP_ROUTE9_HNS,fishing_mons,TIME_DAY,table presence; access not verified
SPECIES_PSYDUCK,KANTO,MAP_SEAFOAM_ISLANDS_1F_HNS,land_mons,TIME_DAY,table presence; access not verified
SPECIES_PSYDUCK,KANTO,MAP_SEAFOAM_ISLANDS_1F_HNS,land_mons,TIME_NIGHT,table presence; access not verified
SPECIES_PSYDUCK,KANTO,MAP_SEAFOAM_ISLANDS_B1F_HNS,land_mons,TIME_DAY,table presence; access not verified
SPECIES_PSYDUCK,KANTO,MAP_SEAFOAM_ISLANDS_B1F_HNS,land_mons,TIME_NIGHT,table presence; access not verified
SPECIES_PSYDUCK,KANTO,MAP_VERMILION_CITY_HNS,fishing_mons,TIME_DAY,table presence; access not verified
SPECIES_PSYDUCK,KANTO,MAP_VERMILION_CITY_PORT_OUTSIDE_HNS,fishing_mons,TIME_DAY,table presence; access not verified
SPECIES_PSYDUCK,KANTO,MAP_VICTORY_ROAD_KANTO_1F_HNS,fishing_mons,TIME_DAY,table presence; access not verified
SPECIES_PSYDUCK,KANTO,MAP_VICTORY_ROAD_KANTO_1F_HNS,fishing_mons,TIME_NIGHT,table presence; access not verified
SPECIES_PSYDUCK,KANTO,MAP_VICTORY_ROAD_KANTO_B1F_HNS,fishing_mons,TIME_DAY,table presence; access not verified
SPECIES_PSYDUCK,KANTO,MAP_VICTORY_ROAD_KANTO_B1F_HNS,fishing_mons,TIME_NIGHT,table presence; access not verified
SPECIES_PSYDUCK,KANTO,MAP_VICTORY_ROAD_KANTO_B1F_HNS,water_mons,TIME_DAY,table presence; access not verified
SPECIES_PSYDUCK,KANTO,MAP_VICTORY_ROAD_KANTO_B1F_HNS,water_mons,TIME_NIGHT,table presence; access not verified
SPECIES_PSYDUCK,KANTO,MAP_VIRIDIAN_CITY_HNS,fishing_mons,TIME_DAY,table presence; access not verified
SPECIES_PSYDUCK,KANTO,MAP_VIRIDIAN_CITY_HNS,fishing_mons,TIME_NIGHT,table presence; access not verified
SPECIES_PSYDUCK,KANTO,MAP_VIRIDIAN_CITY_HNS,water_mons,TIME_DAY,table presence; access not verified
SPECIES_PSYDUCK,KANTO,MAP_VIRIDIAN_CITY_HNS,water_mons,TIME_NIGHT,table presence; access not verified
SPECIES_QUAGSIRE,HOENN,MAP_SAFARI_ZONE_SOUTHEAST,water_mons,TIME_DAY,table presence; access not verified
SPECIES_QUAGSIRE,JOHTO,MAP_CLIFF_EDGE_CAVE_HNS,land_mons,TIME_DAY,table presence; access not verified
SPECIES_QUAGSIRE,JOHTO,MAP_CLIFF_EDGE_GATE_HNS,water_mons,TIME_DAY,table presence; access not verified
SPECIES_QUAGSIRE,JOHTO,MAP_MT_SILVER_2F_HNS,land_mons,TIME_DAY,table presence; access not verified
SPECIES_QUAGSIRE,JOHTO,MAP_MT_SILVER_2F_HNS,water_mons,TIME_DAY,table presence; access not verified
SPECIES_QUAGSIRE,JOHTO,MAP_MT_SILVER_OUTSIDE_HNS,land_mons,TIME_NIGHT,table presence; access not verified
SPECIES_QUAGSIRE,JOHTO,MAP_ROUTE32_HNS,water_mons,TIME_DAY,table presence; access not verified
SPECIES_QUAGSIRE,JOHTO,MAP_ROUTE32_HNS,water_mons,TIME_NIGHT,table presence; access not verified
SPECIES_QUAGSIRE,JOHTO,MAP_RUINS_OF_ALPH_OUTSIDE_HNS,water_mons,TIME_DAY,table presence; access not verified
SPECIES_QUAGSIRE,JOHTO,MAP_RUINS_OF_ALPH_OUTSIDE_HNS,water_mons,TIME_NIGHT,table presence; access not verified
SPECIES_QUAGSIRE,JOHTO,MAP_SAFARI_ZONE_LOW_RIGHT_HNS,fishing_mons,TIME_DAY,table presence; access not verified
SPECIES_QUAGSIRE,JOHTO,MAP_SAFARI_ZONE_LOW_RIGHT_HNS,land_mons,TIME_DAY,table presence; access not verified
SPECIES_QUAGSIRE,JOHTO,MAP_UNION_CAVE_1F_HNS,water_mons,TIME_DAY,table presence; access not verified
SPECIES_QUAGSIRE,JOHTO,MAP_UNION_CAVE_B1F_HNS,water_mons,TIME_DAY,table presence; access not verified
SPECIES_QUAGSIRE,JOHTO,MAP_UNION_CAVE_B2F_HNS,land_mons,TIME_DAY,table presence; access not verified
SPECIES_QUAGSIRE,JOHTO,MAP_UNION_CAVE_B2F_HNS,water_mons,TIME_DAY,table presence; access not verified
SPECIES_QWILFISH,JOHTO,MAP_ROUTE32_HNS,fishing_mons,TIME_DAY,table presence; access not verified
SPECIES_QWILFISH,JOHTO,MAP_ROUTE32_HNS,fishing_mons,TIME_NIGHT,table presence; access not verified
SPECIES_QWILFISH,KANTO,MAP_ROUTE13_HNS,water_mons,TIME_DAY,table presence; access not verified
SPECIES_QWILFISH,KANTO,MAP_ROUTE13_HNS,water_mons,TIME_NIGHT,table presence; access not verified
SPECIES_QWILFISH,KANTO,MAP_ROUTE21_HNS,fishing_mons,TIME_NIGHT,table presence; access not verified
SPECIES_QWILFISH,KANTO,MAP_ROUTE6_HNS,fishing_mons,TIME_DAY,table presence; access not verified
SPECIES_QWILFISH,KANTO,MAP_ROUTE6_HNS,fishing_mons,TIME_NIGHT,table presence; access not verified
SPECIES_QWILFISH,KANTO,MAP_VERMILION_CITY_HNS,fishing_mons,TIME_NIGHT,table presence; access not verified
SPECIES_QWILFISH,KANTO,MAP_VICTORY_ROAD_KANTO_1F_HNS,fishing_mons,TIME_DAY,table presence; access not verified
SPECIES_QWILFISH,KANTO,MAP_VICTORY_ROAD_KANTO_1F_HNS,fishing_mons,TIME_NIGHT,table presence; access not verified
SPECIES_RALTS,HOENN,MAP_ROUTE102,land_mons,TIME_DAY,table presence; access not verified
SPECIES_RATICATE,JOHTO,MAP_BURNED_TOWER_1F_HNS,land_mons,TIME_DAY,table presence; access not verified
SPECIES_RATICATE,JOHTO,MAP_BURNED_TOWER_1F_HNS,land_mons,TIME_NIGHT,table presence; access not verified
SPECIES_RATICATE,JOHTO,MAP_MT_MORTAR_2F_HNS,land_mons,TIME_DAY,table presence; access not verified
SPECIES_RATICATE,JOHTO,MAP_MT_MORTAR_2F_HNS,land_mons,TIME_NIGHT,table presence; access not verified
SPECIES_RATICATE,JOHTO,MAP_ROUTE38_HNS,land_mons,TIME_DAY,table presence; access not verified
SPECIES_RATICATE,JOHTO,MAP_ROUTE38_HNS,land_mons,TIME_NIGHT,table presence; access not verified
SPECIES_RATICATE,JOHTO,MAP_ROUTE39_HNS,land_mons,TIME_DAY,table presence; access not verified
SPECIES_RATICATE,JOHTO,MAP_ROUTE39_HNS,land_mons,TIME_NIGHT,table presence; access not verified
SPECIES_RATICATE,JOHTO,MAP_ROUTE42_HNS,land_mons,TIME_DAY,table presence; access not verified
SPECIES_RATICATE,JOHTO,MAP_ROUTE42_HNS,land_mons,TIME_NIGHT,table presence; access not verified
SPECIES_RATICATE,JOHTO,MAP_ROUTE43_HNS,land_mons,TIME_DAY,table presence; access not verified
SPECIES_RATICATE,JOHTO,MAP_ROUTE43_HNS,land_mons,TIME_NIGHT,table presence; access not verified
SPECIES_RATICATE,JOHTO,MAP_ROUTE47_HNS,land_mons,TIME_DAY,table presence; access not verified
SPECIES_RATICATE,JOHTO,MAP_SAFARI_ZONE_TOP_RIGHT_HNS,land_mons,TIME_DAY,table presence; access not verified
SPECIES_RATICATE,JOHTO,MAP_TIN_TOWER_3F_HNS,land_mons,TIME_DAY,table presence; access not verified
SPECIES_RATICATE,JOHTO,MAP_TIN_TOWER_4F_HNS,land_mons,TIME_DAY,table presence; access not verified
SPECIES_RATICATE,JOHTO,MAP_TIN_TOWER_5F_HNS,land_mons,TIME_DAY,table presence; access not verified
SPECIES_RATICATE,JOHTO,MAP_TIN_TOWER_6F_HNS,land_mons,TIME_DAY,table presence; access not verified
SPECIES_RATICATE,JOHTO,MAP_TIN_TOWER_7F_HNS,land_mons,TIME_DAY,table presence; access not verified
SPECIES_RATICATE,JOHTO,MAP_TOHJO_FALLS_CAVERN_HNS,land_mons,TIME_DAY,table presence; access not verified
SPECIES_RATICATE,JOHTO,MAP_TOHJO_FALLS_CAVERN_HNS,land_mons,TIME_NIGHT,table presence; access not verified
SPECIES_RATICATE,JOHTO,MAP_UNION_CAVE_B2F_HNS,land_mons,TIME_DAY,table presence; access not verified
SPECIES_RATICATE,KANTO,MAP_ROUTE16_HNS,land_mons,TIME_DAY,table presence; access not verified
SPECIES_RATICATE,KANTO,MAP_ROUTE16_HNS,land_mons,TIME_NIGHT,table presence; access not verified
SPECIES_RATICATE,KANTO,MAP_ROUTE17_HNS,land_mons,TIME_DAY,table presence; access not verified
SPECIES_RATICATE,KANTO,MAP_ROUTE17_HNS,land_mons,TIME_NIGHT,table presence; access not verified
SPECIES_RATICATE,KANTO,MAP_ROUTE18_HNS,land_mons,TIME_DAY,table presence; access not verified
SPECIES_RATICATE,KANTO,MAP_ROUTE18_HNS,land_mons,TIME_NIGHT,table presence; access not verified
SPECIES_RATTATA,JOHTO,MAP_BURNED_TOWER_1F_HNS,land_mons,TIME_DAY,table presence; access not verified
SPECIES_RATTATA,JOHTO,MAP_BURNED_TOWER_1F_HNS,land_mons,TIME_NIGHT,table presence; access not verified
SPECIES_RATTATA,JOHTO,MAP_MT_MORTAR_2F_HNS,land_mons,TIME_DAY,table presence; access not verified
SPECIES_RATTATA,JOHTO,MAP_MT_MORTAR_2F_HNS,land_mons,TIME_NIGHT,table presence; access not verified
SPECIES_RATTATA,JOHTO,MAP_ROUTE29_HNS,land_mons,TIME_DAY,table presence; access not verified
SPECIES_RATTATA,JOHTO,MAP_ROUTE29_HNS,land_mons,TIME_NIGHT,table presence; access not verified
SPECIES_RATTATA,JOHTO,MAP_ROUTE33_HNS,land_mons,TIME_DAY,table presence; access not verified
SPECIES_RATTATA,JOHTO,MAP_ROUTE33_HNS,land_mons,TIME_NIGHT,table presence; access not verified
SPECIES_RATTATA,JOHTO,MAP_ROUTE36_HNS,land_mons,TIME_DAY,table presence; access not verified
SPECIES_RATTATA,JOHTO,MAP_ROUTE36_HNS,land_mons,TIME_NIGHT,table presence; access not verified
SPECIES_RATTATA,JOHTO,MAP_ROUTE38_HNS,land_mons,TIME_DAY,table presence; access not verified
SPECIES_RATTATA,JOHTO,MAP_ROUTE38_HNS,land_mons,TIME_NIGHT,table presence; access not verified
SPECIES_RATTATA,JOHTO,MAP_ROUTE39_HNS,land_mons,TIME_DAY,table presence; access not verified
SPECIES_RATTATA,JOHTO,MAP_ROUTE39_HNS,land_mons,TIME_NIGHT,table presence; access not verified
SPECIES_RATTATA,JOHTO,MAP_ROUTE42_HNS,land_mons,TIME_DAY,table presence; access not verified
SPECIES_RATTATA,JOHTO,MAP_ROUTE42_HNS,land_mons,TIME_NIGHT,table presence; access not verified
SPECIES_RATTATA,JOHTO,MAP_ROUTE43_HNS,land_mons,TIME_DAY,table presence; access not verified
SPECIES_RATTATA,JOHTO,MAP_ROUTE43_HNS,land_mons,TIME_NIGHT,table presence; access not verified
SPECIES_RATTATA,JOHTO,MAP_ROUTE46_HNS,land_mons,TIME_DAY,table presence; access not verified
SPECIES_RATTATA,JOHTO,MAP_ROUTE46_HNS,land_mons,TIME_NIGHT,table presence; access not verified
SPECIES_RATTATA,JOHTO,MAP_ROUTE47_HNS,land_mons,TIME_DAY,table presence; access not verified
SPECIES_RATTATA,JOHTO,MAP_SAFARI_ZONE_TOP_RIGHT_HNS,land_mons,TIME_DAY,table presence; access not verified
SPECIES_RATTATA,JOHTO,MAP_SPROUT_TOWER_2F_HNS,land_mons,TIME_DAY,table presence; access not verified
SPECIES_RATTATA,JOHTO,MAP_SPROUT_TOWER_2F_HNS,land_mons,TIME_NIGHT,table presence; access not verified
SPECIES_RATTATA,JOHTO,MAP_SPROUT_TOWER_3F_HNS,land_mons,TIME_DAY,table presence; access not verified
SPECIES_RATTATA,JOHTO,MAP_SPROUT_TOWER_3F_HNS,land_mons,TIME_NIGHT,table presence; access not verified
SPECIES_RATTATA,JOHTO,MAP_TIN_TOWER_3F_HNS,land_mons,TIME_DAY,table presence; access not verified
SPECIES_RATTATA,JOHTO,MAP_TIN_TOWER_4F_HNS,land_mons,TIME_DAY,table presence; access not verified
SPECIES_RATTATA,JOHTO,MAP_TIN_TOWER_5F_HNS,land_mons,TIME_DAY,table presence; access not verified
SPECIES_RATTATA,JOHTO,MAP_TIN_TOWER_6F_HNS,land_mons,TIME_DAY,table presence; access not verified
SPECIES_RATTATA,JOHTO,MAP_TIN_TOWER_7F_HNS,land_mons,TIME_DAY,table presence; access not verified
SPECIES_RATTATA,JOHTO,MAP_TOHJO_FALLS_CAVERN_HNS,land_mons,TIME_DAY,table presence; access not verified
SPECIES_RATTATA,JOHTO,MAP_TOHJO_FALLS_CAVERN_HNS,land_mons,TIME_NIGHT,table presence; access not verified
SPECIES_RATTATA,JOHTO,MAP_UNION_CAVE_B2F_HNS,land_mons,TIME_DAY,table presence; access not verified
SPECIES_RATTATA,JOHTO,MAP_VIOLET_CITY_HNS,rock_smash_mons,TIME_DAY,table presence; access not verified
SPECIES_RATTATA,JOHTO,MAP_VIOLET_CITY_HNS,rock_smash_mons,TIME_NIGHT,table presence; access not verified
SPECIES_RATTATA,KANTO,MAP_ROUTE16_HNS,land_mons,TIME_DAY,table presence; access not verified
SPECIES_RATTATA,KANTO,MAP_ROUTE16_HNS,land_mons,TIME_NIGHT,table presence; access not verified
SPECIES_RATTATA,KANTO,MAP_ROUTE17_HNS,land_mons,TIME_DAY,table presence; access not verified
SPECIES_RATTATA,KANTO,MAP_ROUTE17_HNS,land_mons,TIME_NIGHT,table presence; access not verified
SPECIES_RATTATA,KANTO,MAP_ROUTE18_HNS,land_mons,TIME_DAY,table presence; access not verified
SPECIES_RATTATA,KANTO,MAP_ROUTE18_HNS,land_mons,TIME_NIGHT,table presence; access not verified
SPECIES_RATTATA,KANTO,MAP_ROUTE1_HNS,land_mons,TIME_DAY,table presence; access not verified
SPECIES_RATTATA,KANTO,MAP_ROUTE1_HNS,land_mons,TIME_NIGHT,table presence; access not verified
SPECIES_RATTATA,KANTO,MAP_ROUTE22_HNS,land_mons,TIME_DAY,table presence; access not verified
SPECIES_RATTATA,KANTO,MAP_ROUTE22_HNS,land_mons,TIME_NIGHT,table presence; access not verified
SPECIES_RATTATA,KANTO,MAP_ROUTE2_HNS,land_mons,TIME_DAY,table presence; access not verified
SPECIES_RATTATA,KANTO,MAP_ROUTE2_HNS,land_mons,TIME_NIGHT,table presence; access not verified
SPECIES_RATTATA,KANTO,MAP_ROUTE4_HNS,land_mons,TIME_DAY,table presence; access not verified
SPECIES_RATTATA,KANTO,MAP_ROUTE4_HNS,land_mons,TIME_NIGHT,table presence; access not verified
SPECIES_RATTATA,KANTO,MAP_ROUTE9_HNS,land_mons,TIME_DAY,table presence; access not verified
SPECIES_RATTATA,KANTO,MAP_ROUTE9_HNS,land_mons,TIME_NIGHT,table presence; access not verified
SPECIES_RELICANTH,HNS_UNCLASSIFIED,MAP_ROUTE49_HNS,fishing_mons,TIME_DAY,table presence; access not verified
SPECIES_RELICANTH,HNS_UNCLASSIFIED,MAP_ROUTE49_HNS,water_mons,TIME_DAY,table presence; access not verified
SPECIES_RELICANTH,HOENN,MAP_UNDERWATER_ROUTE124,water_mons,TIME_DAY,table presence; access not verified
SPECIES_RELICANTH,HOENN,MAP_UNDERWATER_ROUTE126,water_mons,TIME_DAY,table presence; access not verified
SPECIES_REMORAID,HNS_UNCLASSIFIED,MAP_ALOLA_WATER_HNS,fishing_mons,TIME_DAY,table presence; access not verified
SPECIES_REMORAID,HNS_UNCLASSIFIED,MAP_MELEMELE_ISLE_HNS,fishing_mons,TIME_DAY,table presence; access not verified
SPECIES_REMORAID,HNS_UNCLASSIFIED,MAP_ULAULA_ISLE_HNS,fishing_mons,TIME_DAY,table presence; access not verified
SPECIES_REMORAID,HOENN,MAP_SAFARI_ZONE_SOUTHEAST,fishing_mons,TIME_DAY,table presence; access not verified
SPECIES_REMORAID,JOHTO,MAP_ROUTE42_HNS,water_mons,TIME_DAY,table presence; access not verified
SPECIES_REMORAID,JOHTO,MAP_ROUTE42_HNS,water_mons,TIME_NIGHT,table presence; access not verified
SPECIES_REMORAID,JOHTO,MAP_SAFARI_ZONE_LOW_MID_HNS,fishing_mons,TIME_DAY,table presence; access not verified
SPECIES_REMORAID,JOHTO,MAP_SAFARI_ZONE_LOW_MID_HNS,water_mons,TIME_DAY,table presence; access not verified
SPECIES_REMORAID,JOHTO,MAP_SAFARI_ZONE_LOW_RIGHT_HNS,water_mons,TIME_DAY,table presence; access not verified
SPECIES_REMORAID,JOHTO,MAP_SAFARI_ZONE_TOP_MID_HNS,fishing_mons,TIME_DAY,table presence; access not verified
SPECIES_REMORAID,JOHTO,MAP_SAFARI_ZONE_TOP_MID_HNS,water_mons,TIME_DAY,table presence; access not verified
SPECIES_REMORAID,KANTO,MAP_CERULEAN_CITY_HNS,water_mons,TIME_DAY,table presence; access not verified
SPECIES_REMORAID,KANTO,MAP_CERULEAN_CITY_HNS,water_mons,TIME_NIGHT,table presence; access not verified
SPECIES_REMORAID,KANTO,MAP_FUCHSIA_CITY_SAFARI_ZONE_BEACH_HNS,fishing_mons,TIME_NIGHT,table presence; access not verified
SPECIES_REMORAID,KANTO,MAP_ROUTE12_HNS,fishing_mons,TIME_NIGHT,table presence; access not verified
SPECIES_REMORAID,KANTO,MAP_ROUTE19_HNS,water_mons,TIME_DAY,table presence; access not verified
SPECIES_REMORAID,KANTO,MAP_ROUTE19_HNS,water_mons,TIME_NIGHT,table presence; access not verified
SPECIES_REMORAID,KANTO,MAP_ROUTE22_HNS,fishing_mons,TIME_DAY,table presence; access not verified
SPECIES_REMORAID,KANTO,MAP_ROUTE22_HNS,fishing_mons,TIME_NIGHT,table presence; access not verified
SPECIES_REMORAID,KANTO,MAP_ROUTE24_HNS,water_mons,TIME_DAY,table presence; access not verified
SPECIES_REMORAID,KANTO,MAP_ROUTE24_HNS,water_mons,TIME_NIGHT,table presence; access not verified
SPECIES_REMORAID,KANTO,MAP_ROUTE2_HNS,fishing_mons,TIME_DAY,table presence; access not verified
SPECIES_REMORAID,KANTO,MAP_ROUTE2_HNS,fishing_mons,TIME_NIGHT,table presence; access not verified
SPECIES_REMORAID,KANTO,MAP_ROUTE4_HNS,water_mons,TIME_DAY,table presence; access not verified
SPECIES_REMORAID,KANTO,MAP_ROUTE4_HNS,water_mons,TIME_NIGHT,table presence; access not verified
SPECIES_REMORAID,KANTO,MAP_ROUTE9_HNS,water_mons,TIME_DAY,table presence; access not verified
SPECIES_REMORAID,KANTO,MAP_ROUTE9_HNS,water_mons,TIME_NIGHT,table presence; access not verified
SPECIES_REMORAID,KANTO,MAP_VERMILION_CITY_PORT_OUTSIDE_HNS,fishing_mons,TIME_NIGHT,table presence; access not verified
SPECIES_REMORAID,KANTO,MAP_VICTORY_ROAD_KANTO_B1F_HNS,fishing_mons,TIME_DAY,table presence; access not verified
SPECIES_REMORAID,KANTO,MAP_VICTORY_ROAD_KANTO_B1F_HNS,fishing_mons,TIME_NIGHT,table presence; access not verified
SPECIES_REMORAID,KANTO,MAP_VIRIDIAN_CITY_HNS,fishing_mons,TIME_DAY,table presence; access not verified
SPECIES_REMORAID,KANTO,MAP_VIRIDIAN_CITY_HNS,fishing_mons,TIME_NIGHT,table presence; access not verified
SPECIES_SABLEYE,HNS_UNCLASSIFIED,MAP_SNOWSWEPT_CAVERN_HNS,land_mons,TIME_DAY,table presence; access not verified
SPECIES_SABLEYE,HOENN,MAP_CAVE_OF_ORIGIN_1F,land_mons,TIME_DAY,table presence; access not verified
SPECIES_SABLEYE,HOENN,MAP_CAVE_OF_ORIGIN_UNUSED_RUBY_SAPPHIRE_MAP1,land_mons,TIME_DAY,table presence; access not verified
SPECIES_SABLEYE,HOENN,MAP_CAVE_OF_ORIGIN_UNUSED_RUBY_SAPPHIRE_MAP2,land_mons,TIME_DAY,table presence; access not verified
SPECIES_SABLEYE,HOENN,MAP_CAVE_OF_ORIGIN_UNUSED_RUBY_SAPPHIRE_MAP3,land_mons,TIME_DAY,table presence; access not verified
SPECIES_SABLEYE,HOENN,MAP_GRANITE_CAVE_B1F,land_mons,TIME_DAY,table presence; access not verified
SPECIES_SABLEYE,HOENN,MAP_GRANITE_CAVE_B2F,land_mons,TIME_DAY,table presence; access not verified
SPECIES_SABLEYE,HOENN,MAP_SKY_PILLAR_1F,land_mons,TIME_DAY,table presence; access not verified
SPECIES_SABLEYE,HOENN,MAP_SKY_PILLAR_3F,land_mons,TIME_DAY,table presence; access not verified
SPECIES_SABLEYE,HOENN,MAP_SKY_PILLAR_5F,land_mons,TIME_DAY,table presence; access not verified
SPECIES_SABLEYE,HOENN,MAP_VICTORY_ROAD_B2F,land_mons,TIME_DAY,table presence; access not verified
SPECIES_SANDSHREW,HOENN,MAP_MIRAGE_TOWER_1F,land_mons,TIME_DAY,table presence; access not verified
SPECIES_SANDSHREW,HOENN,MAP_MIRAGE_TOWER_2F,land_mons,TIME_DAY,table presence; access not verified
SPECIES_SANDSHREW,HOENN,MAP_MIRAGE_TOWER_3F,land_mons,TIME_DAY,table presence; access not verified
SPECIES_SANDSHREW,HOENN,MAP_MIRAGE_TOWER_4F,land_mons,TIME_DAY,table presence; access not verified
SPECIES_SANDSHREW,HOENN,MAP_ROUTE111,land_mons,TIME_DAY,table presence; access not verified
SPECIES_SANDSHREW,JOHTO,MAP_SAFARI_ZONE_LOW_LEFT_HNS,land_mons,TIME_DAY,table presence; access not verified
SPECIES_SANDSHREW,JOHTO,MAP_UNION_CAVE_1F_HNS,land_mons,TIME_DAY,table presence; access not verified
SPECIES_SANDSHREW,KANTO,MAP_ROUTE10_HNS,land_mons,TIME_DAY,table presence; access not verified
SPECIES_SANDSHREW,KANTO,MAP_ROUTE10_HNS,land_mons,TIME_NIGHT,table presence; access not verified
SPECIES_SANDSHREW,KANTO,MAP_ROUTE11_HNS,land_mons,TIME_DAY,table presence; access not verified
SPECIES_SANDSHREW,KANTO,MAP_ROUTE11_HNS,land_mons,TIME_NIGHT,table presence; access not verified
SPECIES_SANDSHREW,KANTO,MAP_ROUTE23_HNS,land_mons,TIME_DAY,table presence; access not verified
SPECIES_SANDSHREW,KANTO,MAP_ROUTE23_HNS,land_mons,TIME_NIGHT,table presence; access not verified
SPECIES_SANDSHREW,KANTO,MAP_ROUTE4_HNS,land_mons,TIME_DAY,table presence; access not verified
SPECIES_SANDSHREW,KANTO,MAP_ROUTE4_HNS,land_mons,TIME_NIGHT,table presence; access not verified
SPECIES_SANDSHREW,KANTO,MAP_ROUTE8_HNS,land_mons,TIME_DAY,table presence; access not verified
SPECIES_SANDSHREW,KANTO,MAP_ROUTE8_HNS,land_mons,TIME_NIGHT,table presence; access not verified
SPECIES_SANDSHREW,KANTO,MAP_ROUTE9_HNS,land_mons,TIME_DAY,table presence; access not verified
SPECIES_SANDSHREW,KANTO,MAP_ROUTE9_HNS,land_mons,TIME_NIGHT,table presence; access not verified
SPECIES_SANDSHREW,KANTO,MAP_VICTORY_ROAD_KANTO_1F_HNS,land_mons,TIME_DAY,table presence; access not verified
SPECIES_SANDSHREW,KANTO,MAP_VICTORY_ROAD_KANTO_1F_HNS,land_mons,TIME_NIGHT,table presence; access not verified
SPECIES_SANDSHREW,KANTO,MAP_VICTORY_ROAD_KANTO_B1F_HNS,land_mons,TIME_DAY,table presence; access not verified
SPECIES_SANDSHREW,KANTO,MAP_VICTORY_ROAD_KANTO_B1F_HNS,land_mons,TIME_NIGHT,table presence; access not verified
SPECIES_SANDSHREW,KANTO,MAP_VICTORY_ROAD_KANTO_B2F_HNS,land_mons,TIME_DAY,table presence; access not verified
SPECIES_SANDSHREW,KANTO,MAP_VICTORY_ROAD_KANTO_B2F_HNS,land_mons,TIME_NIGHT,table presence; access not verified
SPECIES_SANDSLASH,JOHTO,MAP_SAFARI_ZONE_LOW_LEFT_HNS,land_mons,TIME_DAY,table presence; access not verified
SPECIES_SANDSLASH,KANTO,MAP_ROUTE23_HNS,land_mons,TIME_DAY,table presence; access not verified
SPECIES_SANDSLASH,KANTO,MAP_ROUTE23_HNS,land_mons,TIME_NIGHT,table presence; access not verified
SPECIES_SANDSLASH,KANTO,MAP_VICTORY_ROAD_KANTO_1F_HNS,land_mons,TIME_DAY,table presence; access not verified
SPECIES_SANDSLASH,KANTO,MAP_VICTORY_ROAD_KANTO_1F_HNS,land_mons,TIME_NIGHT,table presence; access not verified
SPECIES_SANDSLASH,KANTO,MAP_VICTORY_ROAD_KANTO_B1F_HNS,land_mons,TIME_DAY,table presence; access not verified
SPECIES_SANDSLASH,KANTO,MAP_VICTORY_ROAD_KANTO_B1F_HNS,land_mons,TIME_NIGHT,table presence; access not verified
SPECIES_SANDSLASH,KANTO,MAP_VICTORY_ROAD_KANTO_B2F_HNS,land_mons,TIME_DAY,table presence; access not verified
SPECIES_SANDSLASH,KANTO,MAP_VICTORY_ROAD_KANTO_B2F_HNS,land_mons,TIME_NIGHT,table presence; access not verified
SPECIES_SCYTHER,HNS_UNCLASSIFIED,MAP_AKALA_FOREST_HNS,land_mons,TIME_DAY,table presence; access not verified
SPECIES_SCYTHER,HNS_UNCLASSIFIED,MAP_ROUTE50_HNS,land_mons,TIME_DAY,table presence; access not verified
SPECIES_SCYTHER,HNS_UNCLASSIFIED,MAP_ROUTE50_HNS,rock_smash_mons,TIME_DAY,table presence; access not verified
SPECIES_SCYTHER,HNS_UNCLASSIFIED,MAP_ULAULA_ISLE_HNS,land_mons,TIME_DAY,table presence; access not verified
SPECIES_SCYTHER,JOHTO,MAP_MT_SILVER_MOUNTAIN_SIDE_HNS,rock_smash_mons,TIME_DAY,table presence; access not verified
SPECIES_SCYTHER,JOHTO,MAP_MT_SILVER_MOUNTAIN_SIDE_HNS,rock_smash_mons,TIME_NIGHT,table presence; access not verified
SPECIES_SCYTHER,JOHTO,MAP_MT_SILVER_OUTSIDE_HNS,rock_smash_mons,TIME_DAY,table presence; access not verified
SPECIES_SCYTHER,JOHTO,MAP_MT_SILVER_OUTSIDE_HNS,rock_smash_mons,TIME_NIGHT,table presence; access not verified
SPECIES_SCYTHER,JOHTO,MAP_NATIONAL_PARK_BUG_CONTEST_HNS,land_mons,TIME_DAY,table presence; access not verified
SPECIES_SCYTHER,JOHTO,MAP_NATIONAL_PARK_NORMAL_HNS,land_mons,TIME_DAY,table presence; access not verified
SPECIES_SCYTHER,JOHTO,MAP_NATIONAL_PARK_NORMAL_HNS,land_mons,TIME_NIGHT,table presence; access not verified
SPECIES_SCYTHER,JOHTO,MAP_ROUTE28_HNS,rock_smash_mons,TIME_DAY,table presence; access not verified
SPECIES_SCYTHER,JOHTO,MAP_ROUTE28_HNS,rock_smash_mons,TIME_NIGHT,table presence; access not verified
SPECIES_SCYTHER,JOHTO,MAP_SAFARI_ZONE_TOP_LEFT_HNS,land_mons,TIME_DAY,table presence; access not verified
SPECIES_SCYTHER,KANTO,MAP_FUCHSIA_CITY_SAFARI_ZONE_BEACH_HNS,land_mons,TIME_DAY,table presence; access not verified
SPECIES_SCYTHER,KANTO,MAP_FUCHSIA_CITY_SAFARI_ZONE_BEACH_HNS,land_mons,TIME_NIGHT,table presence; access not verified
SPECIES_SCYTHER,KANTO,MAP_FUCHSIA_CITY_SAFARI_ZONE_BRUSH_HNS,land_mons,TIME_DAY,table presence; access not verified
SPECIES_SCYTHER,KANTO,MAP_FUCHSIA_CITY_SAFARI_ZONE_BRUSH_HNS,land_mons,TIME_NIGHT,table presence; access not verified
SPECIES_SEADRA,HNS_UNCLASSIFIED,MAP_ALOLA_WATER_HNS,fishing_mons,TIME_DAY,table presence; access not verified
SPECIES_SEADRA,HNS_UNCLASSIFIED,MAP_MELEMELE_ISLE_HNS,fishing_mons,TIME_DAY,table presence; access not verified
SPECIES_SEADRA,JOHTO,MAP_DRAGONS_DEN_CAVERN_HNS,fishing_mons,TIME_DAY,table presence; access not verified
SPECIES_SEADRA,JOHTO,MAP_SAFARI_ZONE_TOP_RIGHT_HNS,fishing_mons,TIME_DAY,table presence; access not verified
SPECIES_SEADRA,JOHTO,MAP_SAFARI_ZONE_TOP_RIGHT_HNS,water_mons,TIME_DAY,table presence; access not verified
SPECIES_SEADRA,JOHTO,MAP_WHIRL_ISLANDS_1F_HNS,fishing_mons,TIME_DAY,table presence; access not verified
SPECIES_SEADRA,JOHTO,MAP_WHIRL_ISLANDS_1F_HNS,fishing_mons,TIME_NIGHT,table presence; access not verified
SPECIES_SEADRA,JOHTO,MAP_WHIRL_ISLANDS_B1F_HNS,fishing_mons,TIME_DAY,table presence; access not verified
SPECIES_SEADRA,JOHTO,MAP_WHIRL_ISLANDS_B1F_HNS,fishing_mons,TIME_NIGHT,table presence; access not verified
SPECIES_SEADRA,JOHTO,MAP_WHIRL_ISLANDS_B2F_HNS,fishing_mons,TIME_DAY,table presence; access not verified
SPECIES_SEADRA,JOHTO,MAP_WHIRL_ISLANDS_B2F_HNS,fishing_mons,TIME_NIGHT,table presence; access not verified
SPECIES_SEADRA,JOHTO,MAP_WHIRL_ISLANDS_B3F_HNS,fishing_mons,TIME_DAY,table presence; access not verified
SPECIES_SEADRA,JOHTO,MAP_WHIRL_ISLANDS_DESCENT_HNS,fishing_mons,TIME_DAY,table presence; access not verified
SPECIES_SEADRA,KANTO,MAP_CINNABAR_ISLAND_HNS,fishing_mons,TIME_DAY,table presence; access not verified
SPECIES_SEADRA,KANTO,MAP_ROUTE19_HNS,fishing_mons,TIME_NIGHT,table presence; access not verified
SPECIES_SEADRA,KANTO,MAP_ROUTE20_HNS,fishing_mons,TIME_NIGHT,table presence; access not verified
SPECIES_SEADRA,KANTO,MAP_ROUTE21_HNS,fishing_mons,TIME_NIGHT,table presence; access not verified
SPECIES_SEAKING,HNS_UNCLASSIFIED,MAP_AKALA_ISLE_HNS,fishing_mons,TIME_DAY,table presence; access not verified
SPECIES_SEAKING,HOENN,MAP_SAFARI_ZONE_NORTHWEST,fishing_mons,TIME_DAY,table presence; access not verified
SPECIES_SEAKING,HOENN,MAP_SAFARI_ZONE_SOUTHWEST,fishing_mons,TIME_DAY,table presence; access not verified
SPECIES_SEAKING,JOHTO,MAP_DARK_CAVE_NORTH_SIDE_HNS,fishing_mons,TIME_DAY,table presence; access not verified
SPECIES_SEAKING,JOHTO,MAP_DARK_CAVE_NORTH_SIDE_HNS,fishing_mons,TIME_NIGHT,table presence; access not verified
SPECIES_SEAKING,JOHTO,MAP_DARK_CAVE_SOUTH_SIDE_HNS,fishing_mons,TIME_DAY,table presence; access not verified
SPECIES_SEAKING,JOHTO,MAP_MT_MORTAR_1F_NORTH_HNS,fishing_mons,TIME_DAY,table presence; access not verified
SPECIES_SEAKING,JOHTO,MAP_MT_MORTAR_1F_NORTH_HNS,fishing_mons,TIME_NIGHT,table presence; access not verified
SPECIES_SEAKING,JOHTO,MAP_MT_MORTAR_1F_NORTH_HNS,water_mons,TIME_DAY,table presence; access not verified
SPECIES_SEAKING,JOHTO,MAP_MT_MORTAR_1F_NORTH_HNS,water_mons,TIME_NIGHT,table presence; access not verified
SPECIES_SEAKING,JOHTO,MAP_MT_MORTAR_1F_SOUTH_HNS,fishing_mons,TIME_DAY,table presence; access not verified
SPECIES_SEAKING,JOHTO,MAP_MT_MORTAR_1F_SOUTH_HNS,fishing_mons,TIME_NIGHT,table presence; access not verified
SPECIES_SEAKING,JOHTO,MAP_MT_MORTAR_1F_SOUTH_HNS,water_mons,TIME_DAY,table presence; access not verified
SPECIES_SEAKING,JOHTO,MAP_MT_MORTAR_1F_SOUTH_HNS,water_mons,TIME_NIGHT,table presence; access not verified
SPECIES_SEAKING,JOHTO,MAP_MT_MORTAR_2F_HNS,fishing_mons,TIME_DAY,table presence; access not verified
SPECIES_SEAKING,JOHTO,MAP_MT_MORTAR_2F_HNS,fishing_mons,TIME_NIGHT,table presence; access not verified
SPECIES_SEAKING,JOHTO,MAP_MT_MORTAR_2F_HNS,water_mons,TIME_DAY,table presence; access not verified
SPECIES_SEAKING,JOHTO,MAP_MT_MORTAR_2F_HNS,water_mons,TIME_NIGHT,table presence; access not verified
SPECIES_SEAKING,JOHTO,MAP_MT_MORTAR_B1F_HNS,fishing_mons,TIME_DAY,table presence; access not verified
SPECIES_SEAKING,JOHTO,MAP_MT_MORTAR_B1F_HNS,fishing_mons,TIME_NIGHT,table presence; access not verified
SPECIES_SEAKING,JOHTO,MAP_MT_MORTAR_B1F_HNS,water_mons,TIME_DAY,table presence; access not verified
SPECIES_SEAKING,JOHTO,MAP_MT_MORTAR_B1F_HNS,water_mons,TIME_NIGHT,table presence; access not verified
SPECIES_SEAKING,JOHTO,MAP_MT_SILVER_1F_MOLTRES_ROOM_HNS,water_mons,TIME_DAY,table presence; access not verified
SPECIES_SEAKING,JOHTO,MAP_MT_SILVER_1F_MOLTRES_ROOM_HNS,water_mons,TIME_NIGHT,table presence; access not verified
SPECIES_SEAKING,JOHTO,MAP_MT_SILVER_1F_WATERFALL_ROOM_HNS,water_mons,TIME_DAY,table presence; access not verified
SPECIES_SEAKING,JOHTO,MAP_MT_SILVER_1F_WATERFALL_ROOM_HNS,water_mons,TIME_NIGHT,table presence; access not verified
SPECIES_SEAKING,JOHTO,MAP_ROUTE42_HNS,fishing_mons,TIME_DAY,table presence; access not verified
SPECIES_SEAKING,JOHTO,MAP_ROUTE42_HNS,fishing_mons,TIME_NIGHT,table presence; access not verified
SPECIES_SEAKING,JOHTO,MAP_ROUTE42_HNS,water_mons,TIME_DAY,table presence; access not verified
SPECIES_SEAKING,JOHTO,MAP_ROUTE42_HNS,water_mons,TIME_NIGHT,table presence; access not verified
SPECIES_SEAKING,JOHTO,MAP_SAFARI_ZONE_LOW_MID_HNS,fishing_mons,TIME_DAY,table presence; access not verified
SPECIES_SEAKING,JOHTO,MAP_SAFARI_ZONE_TOP_MID_HNS,fishing_mons,TIME_DAY,table presence; access not verified
SPECIES_SEAKING,JOHTO,MAP_SLOWPOKE_WELL_B1F_HNS,fishing_mons,TIME_DAY,table presence; access not verified
SPECIES_SEAKING,JOHTO,MAP_SLOWPOKE_WELL_B2F_HNS,fishing_mons,TIME_DAY,table presence; access not verified
SPECIES_SEAKING,JOHTO,MAP_TOHJO_FALLS_CAVERN_HNS,fishing_mons,TIME_DAY,table presence; access not verified
SPECIES_SEAKING,JOHTO,MAP_TOHJO_FALLS_CAVERN_HNS,fishing_mons,TIME_NIGHT,table presence; access not verified
SPECIES_SEAKING,JOHTO,MAP_TOHJO_FALLS_CAVERN_HNS,water_mons,TIME_DAY,table presence; access not verified
SPECIES_SEAKING,JOHTO,MAP_TOHJO_FALLS_CAVERN_HNS,water_mons,TIME_NIGHT,table presence; access not verified
SPECIES_SEAKING,JOHTO,MAP_UNION_CAVE_1F_HNS,fishing_mons,TIME_DAY,table presence; access not verified
SPECIES_SEAKING,JOHTO,MAP_UNION_CAVE_B1F_HNS,fishing_mons,TIME_DAY,table presence; access not verified
SPECIES_SEAKING,KANTO,MAP_FUCHSIA_CITY_HNS,fishing_mons,TIME_DAY,table presence; access not verified
SPECIES_SEAKING,KANTO,MAP_FUCHSIA_CITY_HNS,fishing_mons,TIME_NIGHT,table presence; access not verified
SPECIES_SEAKING,KANTO,MAP_FUCHSIA_CITY_SAFARI_ZONE_BEACH_HNS,fishing_mons,TIME_DAY,table presence; access not verified
SPECIES_SEAKING,KANTO,MAP_FUCHSIA_CITY_SAFARI_ZONE_BEACH_HNS,fishing_mons,TIME_NIGHT,table presence; access not verified
SPECIES_SEAKING,KANTO,MAP_FUCHSIA_CITY_SAFARI_ZONE_CAVE_HNS,fishing_mons,TIME_DAY,table presence; access not verified
SPECIES_SEAKING,KANTO,MAP_FUCHSIA_CITY_SAFARI_ZONE_CAVE_HNS,fishing_mons,TIME_NIGHT,table presence; access not verified
SPECIES_SEAKING,KANTO,MAP_FUCHSIA_CITY_SAFARI_ZONE_MOUNTAIN_HNS,fishing_mons,TIME_DAY,table presence; access not verified
SPECIES_SEAKING,KANTO,MAP_FUCHSIA_CITY_SAFARI_ZONE_MOUNTAIN_HNS,fishing_mons,TIME_NIGHT,table presence; access not verified
SPECIES_SEAKING,KANTO,MAP_ROUTE14_HNS,fishing_mons,TIME_DAY,table presence; access not verified
SPECIES_SEAKING,KANTO,MAP_ROUTE14_HNS,fishing_mons,TIME_NIGHT,table presence; access not verified
SPECIES_SEAKING,KANTO,MAP_ROUTE15_HNS,fishing_mons,TIME_DAY,table presence; access not verified
SPECIES_SEAKING,KANTO,MAP_ROUTE15_HNS,fishing_mons,TIME_NIGHT,table presence; access not verified
SPECIES_SEEL,JOHTO,MAP_ROUTE47_HNS,water_mons,TIME_DAY,table presence; access not verified
SPECIES_SEEL,JOHTO,MAP_WHIRL_ISLANDS_1F_HNS,land_mons,TIME_DAY,table presence; access not verified
SPECIES_SEEL,JOHTO,MAP_WHIRL_ISLANDS_1F_HNS,land_mons,TIME_NIGHT,table presence; access not verified
SPECIES_SEEL,JOHTO,MAP_WHIRL_ISLANDS_B1F_HNS,land_mons,TIME_DAY,table presence; access not verified
SPECIES_SEEL,JOHTO,MAP_WHIRL_ISLANDS_B1F_HNS,land_mons,TIME_NIGHT,table presence; access not verified
SPECIES_SEEL,JOHTO,MAP_WHIRL_ISLANDS_B1F_INNER_HNS,land_mons,TIME_DAY,table presence; access not verified
SPECIES_SEEL,JOHTO,MAP_WHIRL_ISLANDS_B2F_HNS,land_mons,TIME_DAY,table presence; access not verified
SPECIES_SEEL,JOHTO,MAP_WHIRL_ISLANDS_B2F_HNS,land_mons,TIME_NIGHT,table presence; access not verified
SPECIES_SEEL,JOHTO,MAP_WHIRL_ISLANDS_B3F_HNS,land_mons,TIME_DAY,table presence; access not verified
SPECIES_SEEL,JOHTO,MAP_WHIRL_ISLANDS_DESCENT_HNS,land_mons,TIME_DAY,table presence; access not verified
SPECIES_SEEL,KANTO,MAP_SEAFOAM_ISLANDS_B1F_HNS,land_mons,TIME_DAY,table presence; access not verified
SPECIES_SEEL,KANTO,MAP_SEAFOAM_ISLANDS_B1F_HNS,land_mons,TIME_NIGHT,table presence; access not verified
SPECIES_SHARPEDO,HOENN,MAP_MOSSDEEP_CITY,fishing_mons,TIME_DAY,table presence; access not verified
SPECIES_SHARPEDO,HOENN,MAP_PACIFIDLOG_TOWN,fishing_mons,TIME_DAY,table presence; access not verified
SPECIES_SHARPEDO,HOENN,MAP_ROUTE103,fishing_mons,TIME_DAY,table presence; access not verified
SPECIES_SHARPEDO,HOENN,MAP_ROUTE118,fishing_mons,TIME_DAY,table presence; access not verified
SPECIES_SHARPEDO,HOENN,MAP_ROUTE122,fishing_mons,TIME_DAY,table presence; access not verified
SPECIES_SHARPEDO,HOENN,MAP_ROUTE124,fishing_mons,TIME_DAY,table presence; access not verified
SPECIES_SHARPEDO,HOENN,MAP_ROUTE125,fishing_mons,TIME_DAY,table presence; access not verified
SPECIES_SHARPEDO,HOENN,MAP_ROUTE126,fishing_mons,TIME_DAY,table presence; access not verified
SPECIES_SHARPEDO,HOENN,MAP_ROUTE127,fishing_mons,TIME_DAY,table presence; access not verified
SPECIES_SHARPEDO,HOENN,MAP_ROUTE129,fishing_mons,TIME_DAY,table presence; access not verified
SPECIES_SHARPEDO,HOENN,MAP_ROUTE130,fishing_mons,TIME_DAY,table presence; access not verified
SPECIES_SHARPEDO,HOENN,MAP_ROUTE131,fishing_mons,TIME_DAY,table presence; access not verified
SPECIES_SHARPEDO,HOENN,MAP_ROUTE132,fishing_mons,TIME_DAY,table presence; access not verified
SPECIES_SHARPEDO,HOENN,MAP_ROUTE133,fishing_mons,TIME_DAY,table presence; access not verified
SPECIES_SHARPEDO,HOENN,MAP_ROUTE134,fishing_mons,TIME_DAY,table presence; access not verified
SPECIES_SHELLDER,HNS_UNCLASSIFIED,MAP_ULAULA_ISLE_HNS,fishing_mons,TIME_DAY,table presence; access not verified
SPECIES_SHELLDER,JOHTO,MAP_CIANWOOD_CITY_HNS,fishing_mons,TIME_DAY,table presence; access not verified
SPECIES_SHELLDER,JOHTO,MAP_NEW_BARK_TOWN_HNS,fishing_mons,TIME_DAY,table presence; access not verified
SPECIES_SHELLDER,JOHTO,MAP_NEW_BARK_TOWN_HNS,fishing_mons,TIME_NIGHT,table presence; access not verified
SPECIES_SHELLDER,JOHTO,MAP_OLIVINE_CITY_PORT_OUTSIDE_HNS,fishing_mons,TIME_DAY,table presence; access not verified
SPECIES_SHELLDER,JOHTO,MAP_OLIVINE_CITY_PORT_OUTSIDE_HNS,fishing_mons,TIME_NIGHT,table presence; access not verified
SPECIES_SHELLDER,JOHTO,MAP_ROUTE40_HNS,water_mons,TIME_DAY,table presence; access not verified
SPECIES_SHELLDER,JOHTO,MAP_ROUTE41_HNS,fishing_mons,TIME_DAY,table presence; access not verified
SPECIES_SHELLDER,JOHTO,MAP_ROUTE47_HNS,fishing_mons,TIME_DAY,table presence; access not verified
SPECIES_SHELLDER,JOHTO,MAP_UNION_CAVE_B2F_HNS,fishing_mons,TIME_DAY,table presence; access not verified
SPECIES_SHELLDER,KANTO,MAP_CINNABAR_ISLAND_HNS,fishing_mons,TIME_DAY,table presence; access not verified
SPECIES_SHELLDER,KANTO,MAP_PALLET_TOWN_HNS,fishing_mons,TIME_DAY,table presence; access not verified
SPECIES_SHELLDER,KANTO,MAP_PALLET_TOWN_HNS,fishing_mons,TIME_NIGHT,table presence; access not verified
SPECIES_SHELLDER,KANTO,MAP_ROUTE1_HNS,fishing_mons,TIME_DAY,table presence; access not verified
SPECIES_SHELLDER,KANTO,MAP_ROUTE1_HNS,fishing_mons,TIME_NIGHT,table presence; access not verified
SPECIES_SHELLDER,KANTO,MAP_VERMILION_CITY_HNS,fishing_mons,TIME_DAY,table presence; access not verified
SPECIES_SHELLDER,KANTO,MAP_VERMILION_CITY_PORT_OUTSIDE_HNS,fishing_mons,TIME_DAY,table presence; access not verified
SPECIES_SLAKOTH,HOENN,MAP_PETALBURG_WOODS,land_mons,TIME_DAY,table presence; access not verified
SPECIES_SLOWBRO,JOHTO,MAP_SLOWPOKE_WELL_B1F_HNS,water_mons,TIME_DAY,table presence; access not verified
SPECIES_SLOWBRO,JOHTO,MAP_SLOWPOKE_WELL_B2F_HNS,water_mons,TIME_DAY,table presence; access not verified
SPECIES_SLOWBRO,JOHTO,MAP_WHIRL_ISLANDS_B2F_HNS,land_mons,TIME_DAY,table presence; access not verified
SPECIES_SLOWBRO,JOHTO,MAP_WHIRL_ISLANDS_B2F_HNS,land_mons,TIME_NIGHT,table presence; access not verified
SPECIES_SLOWBRO,JOHTO,MAP_WHIRL_ISLANDS_B3F_HNS,land_mons,TIME_DAY,table presence; access not verified
SPECIES_SLOWBRO,KANTO,MAP_CERULEAN_CAVE_1F_HNS,water_mons,TIME_DAY,table presence; access not verified
SPECIES_SLOWBRO,KANTO,MAP_CERULEAN_CAVE_1F_HNS,water_mons,TIME_NIGHT,table presence; access not verified
SPECIES_SLOWBRO,KANTO,MAP_CERULEAN_CAVE_B1F_HNS,water_mons,TIME_DAY,table presence; access not verified
SPECIES_SLOWBRO,KANTO,MAP_CERULEAN_CAVE_B1F_HNS,water_mons,TIME_NIGHT,table presence; access not verified
SPECIES_SLOWBRO,KANTO,MAP_CERULEAN_CAVE_B2F_HNS,water_mons,TIME_DAY,table presence; access not verified
SPECIES_SLOWBRO,KANTO,MAP_CERULEAN_CAVE_B2F_HNS,water_mons,TIME_NIGHT,table presence; access not verified
SPECIES_SLOWBRO,KANTO,MAP_CINNABAR_ISLAND_HNS,fishing_mons,TIME_NIGHT,table presence; access not verified
SPECIES_SLOWBRO,KANTO,MAP_SEAFOAM_ISLANDS_B1F_HNS,land_mons,TIME_DAY,table presence; access not verified
SPECIES_SLOWBRO,KANTO,MAP_SEAFOAM_ISLANDS_B1F_HNS,land_mons,TIME_NIGHT,table presence; access not verified
SPECIES_SLOWBRO,KANTO,MAP_VICTORY_ROAD_KANTO_B1F_HNS,water_mons,TIME_DAY,table presence; access not verified
SPECIES_SLOWBRO,KANTO,MAP_VICTORY_ROAD_KANTO_B1F_HNS,water_mons,TIME_NIGHT,table presence; access not verified
SPECIES_SLOWPOKE,JOHTO,MAP_SLOWPOKE_WELL_B1F_HNS,land_mons,TIME_DAY,table presence; access not verified
SPECIES_SLOWPOKE,JOHTO,MAP_SLOWPOKE_WELL_B1F_HNS,water_mons,TIME_DAY,table presence; access not verified
SPECIES_SLOWPOKE,JOHTO,MAP_SLOWPOKE_WELL_B2F_HNS,land_mons,TIME_DAY,table presence; access not verified
SPECIES_SLOWPOKE,JOHTO,MAP_SLOWPOKE_WELL_B2F_HNS,water_mons,TIME_DAY,table presence; access not verified
SPECIES_SLOWPOKE,JOHTO,MAP_TOHJO_FALLS_CAVERN_HNS,fishing_mons,TIME_DAY,table presence; access not verified
SPECIES_SLOWPOKE,JOHTO,MAP_TOHJO_FALLS_CAVERN_HNS,fishing_mons,TIME_NIGHT,table presence; access not verified
SPECIES_SLOWPOKE,JOHTO,MAP_TOHJO_FALLS_CAVERN_HNS,land_mons,TIME_DAY,table presence; access not verified
SPECIES_SLOWPOKE,JOHTO,MAP_TOHJO_FALLS_CAVERN_HNS,land_mons,TIME_NIGHT,table presence; access not verified
SPECIES_SLOWPOKE,JOHTO,MAP_TOHJO_FALLS_CAVERN_HNS,water_mons,TIME_DAY,table presence; access not verified
SPECIES_SLOWPOKE,JOHTO,MAP_TOHJO_FALLS_CAVERN_HNS,water_mons,TIME_NIGHT,table presence; access not verified
SPECIES_SLOWPOKE,JOHTO,MAP_WHIRL_ISLANDS_B2F_HNS,land_mons,TIME_DAY,table presence; access not verified
SPECIES_SLOWPOKE,JOHTO,MAP_WHIRL_ISLANDS_B2F_HNS,land_mons,TIME_NIGHT,table presence; access not verified
SPECIES_SLOWPOKE,JOHTO,MAP_WHIRL_ISLANDS_B3F_HNS,land_mons,TIME_DAY,table presence; access not verified
SPECIES_SLOWPOKE,KANTO,MAP_CELADON_CITY_HNS,water_mons,TIME_DAY,table presence; access not verified
SPECIES_SLOWPOKE,KANTO,MAP_CELADON_CITY_HNS,water_mons,TIME_NIGHT,table presence; access not verified
SPECIES_SLOWPOKE,KANTO,MAP_CERULEAN_CAVE_1F_HNS,fishing_mons,TIME_DAY,table presence; access not verified
SPECIES_SLOWPOKE,KANTO,MAP_CERULEAN_CAVE_1F_HNS,fishing_mons,TIME_NIGHT,table presence; access not verified
SPECIES_SLOWPOKE,KANTO,MAP_CERULEAN_CAVE_1F_HNS,water_mons,TIME_DAY,table presence; access not verified
SPECIES_SLOWPOKE,KANTO,MAP_CERULEAN_CAVE_1F_HNS,water_mons,TIME_NIGHT,table presence; access not verified
SPECIES_SLOWPOKE,KANTO,MAP_CERULEAN_CAVE_B1F_HNS,fishing_mons,TIME_DAY,table presence; access not verified
SPECIES_SLOWPOKE,KANTO,MAP_CERULEAN_CAVE_B1F_HNS,fishing_mons,TIME_NIGHT,table presence; access not verified
SPECIES_SLOWPOKE,KANTO,MAP_CERULEAN_CAVE_B1F_HNS,water_mons,TIME_DAY,table presence; access not verified
SPECIES_SLOWPOKE,KANTO,MAP_CERULEAN_CAVE_B1F_HNS,water_mons,TIME_NIGHT,table presence; access not verified
SPECIES_SLOWPOKE,KANTO,MAP_CERULEAN_CAVE_B2F_HNS,fishing_mons,TIME_NIGHT,table presence; access not verified
SPECIES_SLOWPOKE,KANTO,MAP_CERULEAN_CAVE_B2F_HNS,water_mons,TIME_DAY,table presence; access not verified
SPECIES_SLOWPOKE,KANTO,MAP_CERULEAN_CAVE_B2F_HNS,water_mons,TIME_NIGHT,table presence; access not verified
SPECIES_SLOWPOKE,KANTO,MAP_CERULEAN_CITY_HNS,fishing_mons,TIME_NIGHT,table presence; access not verified
SPECIES_SLOWPOKE,KANTO,MAP_CINNABAR_ISLAND_HNS,fishing_mons,TIME_NIGHT,table presence; access not verified
SPECIES_SLOWPOKE,KANTO,MAP_FUCHSIA_CITY_HNS,fishing_mons,TIME_DAY,table presence; access not verified
SPECIES_SLOWPOKE,KANTO,MAP_FUCHSIA_CITY_HNS,fishing_mons,TIME_NIGHT,table presence; access not verified
SPECIES_SLOWPOKE,KANTO,MAP_FUCHSIA_CITY_HNS,water_mons,TIME_DAY,table presence; access not verified
SPECIES_SLOWPOKE,KANTO,MAP_FUCHSIA_CITY_HNS,water_mons,TIME_NIGHT,table presence; access not verified
SPECIES_SLOWPOKE,KANTO,MAP_FUCHSIA_CITY_SAFARI_ZONE_BEACH_HNS,fishing_mons,TIME_NIGHT,table presence; access not verified
SPECIES_SLOWPOKE,KANTO,MAP_FUCHSIA_CITY_SAFARI_ZONE_BEACH_HNS,water_mons,TIME_DAY,table presence; access not verified
SPECIES_SLOWPOKE,KANTO,MAP_FUCHSIA_CITY_SAFARI_ZONE_BEACH_HNS,water_mons,TIME_NIGHT,table presence; access not verified
SPECIES_SLOWPOKE,KANTO,MAP_FUCHSIA_CITY_SAFARI_ZONE_CAVE_HNS,fishing_mons,TIME_NIGHT,table presence; access not verified
SPECIES_SLOWPOKE,KANTO,MAP_FUCHSIA_CITY_SAFARI_ZONE_CAVE_HNS,water_mons,TIME_DAY,table presence; access not verified
SPECIES_SLOWPOKE,KANTO,MAP_FUCHSIA_CITY_SAFARI_ZONE_CAVE_HNS,water_mons,TIME_NIGHT,table presence; access not verified
SPECIES_SLOWPOKE,KANTO,MAP_FUCHSIA_CITY_SAFARI_ZONE_MOUNTAIN_HNS,fishing_mons,TIME_NIGHT,table presence; access not verified
SPECIES_SLOWPOKE,KANTO,MAP_FUCHSIA_CITY_SAFARI_ZONE_MOUNTAIN_HNS,water_mons,TIME_DAY,table presence; access not verified
SPECIES_SLOWPOKE,KANTO,MAP_FUCHSIA_CITY_SAFARI_ZONE_MOUNTAIN_HNS,water_mons,TIME_NIGHT,table presence; access not verified
SPECIES_SLOWPOKE,KANTO,MAP_ROUTE10_HNS,fishing_mons,TIME_NIGHT,table presence; access not verified
SPECIES_SLOWPOKE,KANTO,MAP_ROUTE12_HNS,fishing_mons,TIME_NIGHT,table presence; access not verified
SPECIES_SLOWPOKE,KANTO,MAP_ROUTE13_HNS,fishing_mons,TIME_NIGHT,table presence; access not verified
SPECIES_SLOWPOKE,KANTO,MAP_ROUTE14_HNS,fishing_mons,TIME_DAY,table presence; access not verified
SPECIES_SLOWPOKE,KANTO,MAP_ROUTE14_HNS,fishing_mons,TIME_NIGHT,table presence; access not verified
SPECIES_SLOWPOKE,KANTO,MAP_ROUTE14_HNS,water_mons,TIME_DAY,table presence; access not verified
SPECIES_SLOWPOKE,KANTO,MAP_ROUTE14_HNS,water_mons,TIME_NIGHT,table presence; access not verified
SPECIES_SLOWPOKE,KANTO,MAP_ROUTE15_HNS,fishing_mons,TIME_DAY,table presence; access not verified
SPECIES_SLOWPOKE,KANTO,MAP_ROUTE15_HNS,fishing_mons,TIME_NIGHT,table presence; access not verified
SPECIES_SLOWPOKE,KANTO,MAP_ROUTE15_HNS,water_mons,TIME_DAY,table presence; access not verified
SPECIES_SLOWPOKE,KANTO,MAP_ROUTE15_HNS,water_mons,TIME_NIGHT,table presence; access not verified
SPECIES_SLOWPOKE,KANTO,MAP_ROUTE19_HNS,fishing_mons,TIME_NIGHT,table presence; access not verified
SPECIES_SLOWPOKE,KANTO,MAP_ROUTE20_HNS,fishing_mons,TIME_NIGHT,table presence; access not verified
SPECIES_SLOWPOKE,KANTO,MAP_ROUTE21_HNS,fishing_mons,TIME_NIGHT,table presence; access not verified
SPECIES_SLOWPOKE,KANTO,MAP_ROUTE22_HNS,fishing_mons,TIME_DAY,table presence; access not verified
SPECIES_SLOWPOKE,KANTO,MAP_ROUTE22_HNS,fishing_mons,TIME_NIGHT,table presence; access not verified
SPECIES_SLOWPOKE,KANTO,MAP_ROUTE22_HNS,water_mons,TIME_DAY,table presence; access not verified
SPECIES_SLOWPOKE,KANTO,MAP_ROUTE22_HNS,water_mons,TIME_NIGHT,table presence; access not verified
SPECIES_SLOWPOKE,KANTO,MAP_ROUTE23_HNS,fishing_mons,TIME_DAY,table presence; access not verified
SPECIES_SLOWPOKE,KANTO,MAP_ROUTE23_HNS,fishing_mons,TIME_NIGHT,table presence; access not verified
SPECIES_SLOWPOKE,KANTO,MAP_ROUTE23_HNS,water_mons,TIME_DAY,table presence; access not verified
SPECIES_SLOWPOKE,KANTO,MAP_ROUTE23_HNS,water_mons,TIME_NIGHT,table presence; access not verified
SPECIES_SLOWPOKE,KANTO,MAP_ROUTE24_HNS,fishing_mons,TIME_NIGHT,table presence; access not verified
SPECIES_SLOWPOKE,KANTO,MAP_ROUTE25_HNS,fishing_mons,TIME_DAY,table presence; access not verified
SPECIES_SLOWPOKE,KANTO,MAP_ROUTE25_HNS,fishing_mons,TIME_NIGHT,table presence; access not verified
SPECIES_SLOWPOKE,KANTO,MAP_ROUTE25_HNS,water_mons,TIME_DAY,table presence; access not verified
SPECIES_SLOWPOKE,KANTO,MAP_ROUTE25_HNS,water_mons,TIME_NIGHT,table presence; access not verified
SPECIES_SLOWPOKE,KANTO,MAP_ROUTE2_HNS,fishing_mons,TIME_DAY,table presence; access not verified
SPECIES_SLOWPOKE,KANTO,MAP_ROUTE2_HNS,fishing_mons,TIME_NIGHT,table presence; access not verified
SPECIES_SLOWPOKE,KANTO,MAP_ROUTE2_HNS,water_mons,TIME_DAY,table presence; access not verified
SPECIES_SLOWPOKE,KANTO,MAP_ROUTE2_HNS,water_mons,TIME_NIGHT,table presence; access not verified
SPECIES_SLOWPOKE,KANTO,MAP_ROUTE4_HNS,fishing_mons,TIME_NIGHT,table presence; access not verified
SPECIES_SLOWPOKE,KANTO,MAP_ROUTE6_HNS,fishing_mons,TIME_DAY,table presence; access not verified
SPECIES_SLOWPOKE,KANTO,MAP_ROUTE6_HNS,fishing_mons,TIME_NIGHT,table presence; access not verified
SPECIES_SLOWPOKE,KANTO,MAP_ROUTE6_HNS,water_mons,TIME_DAY,table presence; access not verified
SPECIES_SLOWPOKE,KANTO,MAP_ROUTE6_HNS,water_mons,TIME_NIGHT,table presence; access not verified
SPECIES_SLOWPOKE,KANTO,MAP_ROUTE9_HNS,fishing_mons,TIME_NIGHT,table presence; access not verified
SPECIES_SLOWPOKE,KANTO,MAP_SEAFOAM_ISLANDS_1F_HNS,land_mons,TIME_DAY,table presence; access not verified
SPECIES_SLOWPOKE,KANTO,MAP_SEAFOAM_ISLANDS_1F_HNS,land_mons,TIME_NIGHT,table presence; access not verified
SPECIES_SLOWPOKE,KANTO,MAP_SEAFOAM_ISLANDS_B1F_HNS,land_mons,TIME_DAY,table presence; access not verified
SPECIES_SLOWPOKE,KANTO,MAP_SEAFOAM_ISLANDS_B1F_HNS,land_mons,TIME_NIGHT,table presence; access not verified
SPECIES_SLOWPOKE,KANTO,MAP_VERMILION_CITY_HNS,fishing_mons,TIME_NIGHT,table presence; access not verified
SPECIES_SLOWPOKE,KANTO,MAP_VERMILION_CITY_PORT_OUTSIDE_HNS,fishing_mons,TIME_NIGHT,table presence; access not verified
SPECIES_SLOWPOKE,KANTO,MAP_VICTORY_ROAD_KANTO_1F_HNS,fishing_mons,TIME_DAY,table presence; access not verified
SPECIES_SLOWPOKE,KANTO,MAP_VICTORY_ROAD_KANTO_1F_HNS,fishing_mons,TIME_NIGHT,table presence; access not verified
SPECIES_SLOWPOKE,KANTO,MAP_VICTORY_ROAD_KANTO_B1F_HNS,fishing_mons,TIME_DAY,table presence; access not verified
SPECIES_SLOWPOKE,KANTO,MAP_VICTORY_ROAD_KANTO_B1F_HNS,fishing_mons,TIME_NIGHT,table presence; access not verified
SPECIES_SLOWPOKE,KANTO,MAP_VICTORY_ROAD_KANTO_B1F_HNS,water_mons,TIME_DAY,table presence; access not verified
SPECIES_SLOWPOKE,KANTO,MAP_VICTORY_ROAD_KANTO_B1F_HNS,water_mons,TIME_NIGHT,table presence; access not verified
SPECIES_SLOWPOKE,KANTO,MAP_VIRIDIAN_CITY_HNS,fishing_mons,TIME_DAY,table presence; access not verified
SPECIES_SLOWPOKE,KANTO,MAP_VIRIDIAN_CITY_HNS,fishing_mons,TIME_NIGHT,table presence; access not verified
SPECIES_SLOWPOKE,KANTO,MAP_VIRIDIAN_CITY_HNS,water_mons,TIME_DAY,table presence; access not verified
SPECIES_SLOWPOKE,KANTO,MAP_VIRIDIAN_CITY_HNS,water_mons,TIME_NIGHT,table presence; access not verified
SPECIES_SNUBBULL,HOENN,MAP_SAFARI_ZONE_SOUTHEAST,land_mons,TIME_DAY,table presence; access not verified
SPECIES_SNUBBULL,JOHTO,MAP_ROUTE34_HNS,land_mons,TIME_DAY,table presence; access not verified
SPECIES_SNUBBULL,JOHTO,MAP_ROUTE34_HNS,land_mons,TIME_NIGHT,table presence; access not verified
SPECIES_SNUBBULL,JOHTO,MAP_ROUTE35_HNS,land_mons,TIME_DAY,table presence; access not verified
SPECIES_SNUBBULL,KANTO,MAP_ROUTE18_HNS,land_mons,TIME_DAY,table presence; access not verified
SPECIES_SNUBBULL,KANTO,MAP_ROUTE18_HNS,land_mons,TIME_NIGHT,table presence; access not verified
SPECIES_SNUBBULL,KANTO,MAP_ROUTE5_HNS,land_mons,TIME_DAY,table presence; access not verified
SPECIES_SNUBBULL,KANTO,MAP_ROUTE5_HNS,land_mons,TIME_NIGHT,table presence; access not verified
SPECIES_SNUBBULL,KANTO,MAP_ROUTE8_HNS,land_mons,TIME_DAY,table presence; access not verified
SPECIES_SNUBBULL,KANTO,MAP_ROUTE8_HNS,land_mons,TIME_NIGHT,table presence; access not verified
SPECIES_SOLROCK,HNS_UNCLASSIFIED,MAP_AKALA_CAVE_HNS,land_mons,TIME_DAY,table presence; access not verified
SPECIES_SOLROCK,HOENN,MAP_METEOR_FALLS_1F_1R,land_mons,TIME_DAY,table presence; access not verified
SPECIES_SOLROCK,HOENN,MAP_METEOR_FALLS_1F_1R,water_mons,TIME_DAY,table presence; access not verified
SPECIES_SOLROCK,HOENN,MAP_METEOR_FALLS_1F_2R,land_mons,TIME_DAY,table presence; access not verified
SPECIES_SOLROCK,HOENN,MAP_METEOR_FALLS_1F_2R,water_mons,TIME_DAY,table presence; access not verified
SPECIES_SOLROCK,HOENN,MAP_METEOR_FALLS_B1F_1R,land_mons,TIME_DAY,table presence; access not verified
SPECIES_SOLROCK,HOENN,MAP_METEOR_FALLS_B1F_1R,water_mons,TIME_DAY,table presence; access not verified
SPECIES_SOLROCK,HOENN,MAP_METEOR_FALLS_B1F_2R,land_mons,TIME_DAY,table presence; access not verified
SPECIES_SOLROCK,HOENN,MAP_METEOR_FALLS_B1F_2R,water_mons,TIME_DAY,table presence; access not verified
SPECIES_SOLROCK,HOENN,MAP_METEOR_FALLS_STEVENS_CAVE,land_mons,TIME_DAY,table presence; access not verified
SPECIES_SPHEAL,HOENN,MAP_SHOAL_CAVE_LOW_TIDE_ENTRANCE_ROOM,land_mons,TIME_DAY,table presence; access not verified
SPECIES_SPHEAL,HOENN,MAP_SHOAL_CAVE_LOW_TIDE_ENTRANCE_ROOM,water_mons,TIME_DAY,table presence; access not verified
SPECIES_SPHEAL,HOENN,MAP_SHOAL_CAVE_LOW_TIDE_ICE_ROOM,land_mons,TIME_DAY,table presence; access not verified
SPECIES_SPHEAL,HOENN,MAP_SHOAL_CAVE_LOW_TIDE_INNER_ROOM,land_mons,TIME_DAY,table presence; access not verified
SPECIES_SPHEAL,HOENN,MAP_SHOAL_CAVE_LOW_TIDE_INNER_ROOM,water_mons,TIME_DAY,table presence; access not verified
SPECIES_SPHEAL,HOENN,MAP_SHOAL_CAVE_LOW_TIDE_LOWER_ROOM,land_mons,TIME_DAY,table presence; access not verified
SPECIES_SPHEAL,HOENN,MAP_SHOAL_CAVE_LOW_TIDE_STAIRS_ROOM,land_mons,TIME_DAY,table presence; access not verified
SPECIES_SPOINK,HOENN,MAP_JAGGED_PASS,land_mons,TIME_DAY,table presence; access not verified
SPECIES_STANTLER,HNS_UNCLASSIFIED,MAP_ROUTE49_HNS,land_mons,TIME_DAY,table presence; access not verified
SPECIES_STANTLER,HNS_UNCLASSIFIED,MAP_ROUTE50_HNS,land_mons,TIME_DAY,table presence; access not verified
SPECIES_STANTLER,HNS_UNCLASSIFIED,MAP_SINJOH_RUINS_HNS,land_mons,TIME_DAY,table presence; access not verified
SPECIES_STANTLER,HNS_UNCLASSIFIED,MAP_SINJOH_RUINS_HNS,land_mons,TIME_NIGHT,table presence; access not verified
SPECIES_STANTLER,HOENN,MAP_ALTERING_CAVE,land_mons,TIME_DAY,table presence; access not verified
SPECIES_STANTLER,HOENN,MAP_SAFARI_ZONE_SOUTHEAST,land_mons,TIME_DAY,table presence; access not verified
SPECIES_STANTLER,JOHTO,MAP_ROUTE37_HNS,land_mons,TIME_DAY,table presence; access not verified
SPECIES_STANTLER,JOHTO,MAP_ROUTE37_HNS,land_mons,TIME_NIGHT,table presence; access not verified
SPECIES_STANTLER,KANTO,MAP_ROUTE16_HNS,land_mons,TIME_DAY,table presence; access not verified
SPECIES_STANTLER,KANTO,MAP_ROUTE16_HNS,land_mons,TIME_NIGHT,table presence; access not verified
SPECIES_STANTLER,KANTO,MAP_ROUTE6_HNS,land_mons,TIME_DAY,table presence; access not verified
SPECIES_STANTLER,KANTO,MAP_ROUTE6_HNS,land_mons,TIME_NIGHT,table presence; access not verified
SPECIES_STANTLER,KANTO,MAP_ROUTE9_HNS,land_mons,TIME_DAY,table presence; access not verified
SPECIES_STANTLER,KANTO,MAP_ROUTE9_HNS,land_mons,TIME_NIGHT,table presence; access not verified
SPECIES_STARYU,HNS_UNCLASSIFIED,MAP_AKALA_ISLE_HNS,water_mons,TIME_DAY,table presence; access not verified
SPECIES_STARYU,HNS_UNCLASSIFIED,MAP_ALOLA_WATER_HNS,fishing_mons,TIME_DAY,table presence; access not verified
SPECIES_STARYU,HNS_UNCLASSIFIED,MAP_MELEMELE_ISLE_HNS,fishing_mons,TIME_DAY,table presence; access not verified
SPECIES_STARYU,HOENN,MAP_LILYCOVE_CITY,fishing_mons,TIME_DAY,table presence; access not verified
SPECIES_STARYU,JOHTO,MAP_CHERRYGROVE_CITY_HNS,fishing_mons,TIME_NIGHT,table presence; access not verified
SPECIES_STARYU,JOHTO,MAP_CIANWOOD_CITY_HNS,fishing_mons,TIME_NIGHT,table presence; access not verified
SPECIES_STARYU,JOHTO,MAP_OLIVINE_CITY_HNS,fishing_mons,TIME_NIGHT,table presence; access not verified
SPECIES_STARYU,JOHTO,MAP_ROUTE34_HNS,fishing_mons,TIME_DAY,table presence; access not verified
SPECIES_STARYU,JOHTO,MAP_ROUTE34_HNS,fishing_mons,TIME_NIGHT,table presence; access not verified
SPECIES_STARYU,JOHTO,MAP_ROUTE40_HNS,fishing_mons,TIME_DAY,table presence; access not verified
SPECIES_STARYU,JOHTO,MAP_ROUTE47_HNS,water_mons,TIME_DAY,table presence; access not verified
SPECIES_STARYU,JOHTO,MAP_WHIRL_ISLANDS_1F_HNS,fishing_mons,TIME_DAY,table presence; access not verified
SPECIES_STARYU,JOHTO,MAP_WHIRL_ISLANDS_B1F_HNS,fishing_mons,TIME_DAY,table presence; access not verified
SPECIES_STARYU,JOHTO,MAP_WHIRL_ISLANDS_B1F_HNS,fishing_mons,TIME_NIGHT,table presence; access not verified
SPECIES_TAUROS,HNS_UNCLASSIFIED,MAP_PONI_ISLE_HNS,land_mons,TIME_DAY,table presence; access not verified
SPECIES_TAUROS,JOHTO,MAP_ROUTE38_HNS,land_mons,TIME_DAY,table presence; access not verified
SPECIES_TAUROS,JOHTO,MAP_ROUTE39_HNS,land_mons,TIME_DAY,table presence; access not verified
SPECIES_TAUROS,JOHTO,MAP_ROUTE48_HNS,land_mons,TIME_DAY,table presence; access not verified
SPECIES_TAUROS,JOHTO,MAP_SAFARI_ZONE_LOW_MID_HNS,land_mons,TIME_DAY,table presence; access not verified
SPECIES_TAUROS,JOHTO,MAP_SAFARI_ZONE_TOP_RIGHT_HNS,land_mons,TIME_DAY,table presence; access not verified
SPECIES_TAUROS,KANTO,MAP_FUCHSIA_CITY_SAFARI_ZONE_CAVE_HNS,land_mons,TIME_DAY,table presence; access not verified
SPECIES_TAUROS,KANTO,MAP_FUCHSIA_CITY_SAFARI_ZONE_CAVE_HNS,land_mons,TIME_NIGHT,table presence; access not verified
SPECIES_TAUROS,KANTO,MAP_FUCHSIA_CITY_SAFARI_ZONE_MOUNTAIN_HNS,land_mons,TIME_DAY,table presence; access not verified
SPECIES_TAUROS,KANTO,MAP_FUCHSIA_CITY_SAFARI_ZONE_MOUNTAIN_HNS,land_mons,TIME_NIGHT,table presence; access not verified
SPECIES_TEDDIURSA,HNS_UNCLASSIFIED,MAP_ROUTE49_HNS,land_mons,TIME_DAY,table presence; access not verified
SPECIES_TEDDIURSA,HNS_UNCLASSIFIED,MAP_ROUTE50_HNS,land_mons,TIME_DAY,table presence; access not verified
SPECIES_TEDDIURSA,HNS_UNCLASSIFIED,MAP_SINJOH_RUINS_HNS,land_mons,TIME_DAY,table presence; access not verified
SPECIES_TEDDIURSA,HNS_UNCLASSIFIED,MAP_SINJOH_RUINS_HNS,land_mons,TIME_NIGHT,table presence; access not verified
SPECIES_TEDDIURSA,HOENN,MAP_ALTERING_CAVE,land_mons,TIME_DAY,table presence; access not verified
SPECIES_TEDDIURSA,HOENN,MAP_SAFARI_ZONE_NORTHEAST,land_mons,TIME_DAY,table presence; access not verified
SPECIES_TEDDIURSA,JOHTO,MAP_DARK_CAVE_NORTH_SIDE_HNS,land_mons,TIME_DAY,table presence; access not verified
SPECIES_TEDDIURSA,JOHTO,MAP_DARK_CAVE_SOUTH_SIDE_HNS,land_mons,TIME_DAY,table presence; access not verified
SPECIES_TEDDIURSA,JOHTO,MAP_MT_SILVER_1F_ITEM_ROOM_HNS,land_mons,TIME_DAY,table presence; access not verified
SPECIES_TEDDIURSA,JOHTO,MAP_MT_SILVER_1F_WATERFALL_ROOM_HNS,land_mons,TIME_DAY,table presence; access not verified
SPECIES_TEDDIURSA,JOHTO,MAP_MT_SILVER_1F_WATERFALL_ROOM_HNS,land_mons,TIME_NIGHT,table presence; access not verified
SPECIES_TEDDIURSA,JOHTO,MAP_MT_SILVER_3F_HNS,land_mons,TIME_DAY,table presence; access not verified
SPECIES_TEDDIURSA,JOHTO,MAP_MT_SILVER_MOUNTAIN_SIDE_HNS,land_mons,TIME_DAY,table presence; access not verified
SPECIES_TEDDIURSA,JOHTO,MAP_MT_SILVER_MOUNTAIN_SIDE_HNS,land_mons,TIME_NIGHT,table presence; access not verified
SPECIES_TEDDIURSA,JOHTO,MAP_MT_SILVER_OUTSIDE_HNS,land_mons,TIME_DAY,table presence; access not verified
SPECIES_TEDDIURSA,JOHTO,MAP_MT_SILVER_OUTSIDE_HNS,land_mons,TIME_NIGHT,table presence; access not verified
SPECIES_TEDDIURSA,JOHTO,MAP_MT_SILVER_SNOW_HNS,land_mons,TIME_DAY,table presence; access not verified
SPECIES_TEDDIURSA,JOHTO,MAP_MT_SILVER_SNOW_HNS,land_mons,TIME_NIGHT,table presence; access not verified
SPECIES_TEDDIURSA,JOHTO,MAP_ROUTE45_HNS,land_mons,TIME_DAY,table presence; access not verified
SPECIES_TENTACOOL,HNS_UNCLASSIFIED,MAP_AKALA_ISLE_HNS,water_mons,TIME_DAY,table presence; access not verified
SPECIES_TENTACOOL,HNS_UNCLASSIFIED,MAP_ALOLA_WATER_HNS,water_mons,TIME_DAY,table presence; access not verified
SPECIES_TENTACOOL,HNS_UNCLASSIFIED,MAP_MELEMELE_ISLE_HNS,water_mons,TIME_DAY,table presence; access not verified
SPECIES_TENTACOOL,HOENN,MAP_ABANDONED_SHIP_HIDDEN_FLOOR_CORRIDORS,fishing_mons,TIME_DAY,table presence; access not verified
SPECIES_TENTACOOL,HOENN,MAP_ABANDONED_SHIP_HIDDEN_FLOOR_CORRIDORS,water_mons,TIME_DAY,table presence; access not verified
SPECIES_TENTACOOL,HOENN,MAP_ABANDONED_SHIP_ROOMS_B1F,fishing_mons,TIME_DAY,table presence; access not verified
SPECIES_TENTACOOL,HOENN,MAP_ABANDONED_SHIP_ROOMS_B1F,water_mons,TIME_DAY,table presence; access not verified
SPECIES_TENTACOOL,HOENN,MAP_DEWFORD_TOWN,fishing_mons,TIME_DAY,table presence; access not verified
SPECIES_TENTACOOL,HOENN,MAP_DEWFORD_TOWN,water_mons,TIME_DAY,table presence; access not verified
SPECIES_TENTACOOL,HOENN,MAP_EVER_GRANDE_CITY,fishing_mons,TIME_DAY,table presence; access not verified
SPECIES_TENTACOOL,HOENN,MAP_EVER_GRANDE_CITY,water_mons,TIME_DAY,table presence; access not verified
SPECIES_TENTACOOL,HOENN,MAP_LILYCOVE_CITY,fishing_mons,TIME_DAY,table presence; access not verified
SPECIES_TENTACOOL,HOENN,MAP_LILYCOVE_CITY,water_mons,TIME_DAY,table presence; access not verified
SPECIES_TENTACOOL,HOENN,MAP_MOSSDEEP_CITY,fishing_mons,TIME_DAY,table presence; access not verified
SPECIES_TENTACOOL,HOENN,MAP_MOSSDEEP_CITY,water_mons,TIME_DAY,table presence; access not verified
SPECIES_TENTACOOL,HOENN,MAP_PACIFIDLOG_TOWN,fishing_mons,TIME_DAY,table presence; access not verified
SPECIES_TENTACOOL,HOENN,MAP_PACIFIDLOG_TOWN,water_mons,TIME_DAY,table presence; access not verified
SPECIES_TENTACOOL,HOENN,MAP_ROUTE103,fishing_mons,TIME_DAY,table presence; access not verified
SPECIES_TENTACOOL,HOENN,MAP_ROUTE103,water_mons,TIME_DAY,table presence; access not verified
SPECIES_TENTACOOL,HOENN,MAP_ROUTE105,fishing_mons,TIME_DAY,table presence; access not verified
SPECIES_TENTACOOL,HOENN,MAP_ROUTE105,water_mons,TIME_DAY,table presence; access not verified
SPECIES_TENTACOOL,HOENN,MAP_ROUTE106,fishing_mons,TIME_DAY,table presence; access not verified
SPECIES_TENTACOOL,HOENN,MAP_ROUTE106,water_mons,TIME_DAY,table presence; access not verified
SPECIES_TENTACOOL,HOENN,MAP_ROUTE107,fishing_mons,TIME_DAY,table presence; access not verified
SPECIES_TENTACOOL,HOENN,MAP_ROUTE107,water_mons,TIME_DAY,table presence; access not verified
SPECIES_TENTACOOL,HOENN,MAP_ROUTE108,fishing_mons,TIME_DAY,table presence; access not verified
SPECIES_TENTACOOL,HOENN,MAP_ROUTE108,water_mons,TIME_DAY,table presence; access not verified
SPECIES_TENTACOOL,HOENN,MAP_ROUTE109,fishing_mons,TIME_DAY,table presence; access not verified
SPECIES_TENTACOOL,HOENN,MAP_ROUTE109,water_mons,TIME_DAY,table presence; access not verified
SPECIES_TENTACOOL,HOENN,MAP_ROUTE110,fishing_mons,TIME_DAY,table presence; access not verified
SPECIES_TENTACOOL,HOENN,MAP_ROUTE110,water_mons,TIME_DAY,table presence; access not verified
SPECIES_TENTACOOL,HOENN,MAP_ROUTE115,fishing_mons,TIME_DAY,table presence; access not verified
SPECIES_TENTACOOL,HOENN,MAP_ROUTE115,water_mons,TIME_DAY,table presence; access not verified
SPECIES_TENTACOOL,HOENN,MAP_ROUTE118,fishing_mons,TIME_DAY,table presence; access not verified
SPECIES_TENTACOOL,HOENN,MAP_ROUTE118,water_mons,TIME_DAY,table presence; access not verified
SPECIES_TENTACOOL,HOENN,MAP_ROUTE119,fishing_mons,TIME_DAY,table presence; access not verified
SPECIES_TENTACOOL,HOENN,MAP_ROUTE119,water_mons,TIME_DAY,table presence; access not verified
SPECIES_TENTACOOL,HOENN,MAP_ROUTE121,fishing_mons,TIME_DAY,table presence; access not verified
SPECIES_TENTACOOL,HOENN,MAP_ROUTE121,water_mons,TIME_DAY,table presence; access not verified
SPECIES_TENTACOOL,HOENN,MAP_ROUTE122,fishing_mons,TIME_DAY,table presence; access not verified
SPECIES_TENTACOOL,HOENN,MAP_ROUTE122,water_mons,TIME_DAY,table presence; access not verified
SPECIES_TENTACOOL,HOENN,MAP_ROUTE123,fishing_mons,TIME_DAY,table presence; access not verified
SPECIES_TENTACOOL,HOENN,MAP_ROUTE123,water_mons,TIME_DAY,table presence; access not verified
SPECIES_TENTACOOL,HOENN,MAP_ROUTE124,fishing_mons,TIME_DAY,table presence; access not verified
SPECIES_TENTACOOL,HOENN,MAP_ROUTE124,water_mons,TIME_DAY,table presence; access not verified
SPECIES_TENTACOOL,HOENN,MAP_ROUTE125,fishing_mons,TIME_DAY,table presence; access not verified
SPECIES_TENTACOOL,HOENN,MAP_ROUTE125,water_mons,TIME_DAY,table presence; access not verified
SPECIES_TENTACOOL,HOENN,MAP_ROUTE126,fishing_mons,TIME_DAY,table presence; access not verified
SPECIES_TENTACOOL,HOENN,MAP_ROUTE126,water_mons,TIME_DAY,table presence; access not verified
SPECIES_TENTACOOL,HOENN,MAP_ROUTE127,fishing_mons,TIME_DAY,table presence; access not verified
SPECIES_TENTACOOL,HOENN,MAP_ROUTE127,water_mons,TIME_DAY,table presence; access not verified
SPECIES_TENTACOOL,HOENN,MAP_ROUTE128,fishing_mons,TIME_DAY,table presence; access not verified
SPECIES_TENTACOOL,HOENN,MAP_ROUTE128,water_mons,TIME_DAY,table presence; access not verified
SPECIES_TENTACOOL,HOENN,MAP_ROUTE129,fishing_mons,TIME_DAY,table presence; access not verified
SPECIES_TENTACOOL,HOENN,MAP_ROUTE129,water_mons,TIME_DAY,table presence; access not verified
SPECIES_TENTACOOL,HOENN,MAP_ROUTE130,fishing_mons,TIME_DAY,table presence; access not verified
SPECIES_TENTACOOL,HOENN,MAP_ROUTE130,water_mons,TIME_DAY,table presence; access not verified
SPECIES_TENTACOOL,HOENN,MAP_ROUTE131,fishing_mons,TIME_DAY,table presence; access not verified
SPECIES_TENTACOOL,HOENN,MAP_ROUTE131,water_mons,TIME_DAY,table presence; access not verified
SPECIES_TENTACOOL,HOENN,MAP_ROUTE132,fishing_mons,TIME_DAY,table presence; access not verified
SPECIES_TENTACOOL,HOENN,MAP_ROUTE132,water_mons,TIME_DAY,table presence; access not verified
SPECIES_TENTACOOL,HOENN,MAP_ROUTE133,fishing_mons,TIME_DAY,table presence; access not verified
SPECIES_TENTACOOL,HOENN,MAP_ROUTE133,water_mons,TIME_DAY,table presence; access not verified
SPECIES_TENTACOOL,HOENN,MAP_ROUTE134,fishing_mons,TIME_DAY,table presence; access not verified
SPECIES_TENTACOOL,HOENN,MAP_ROUTE134,water_mons,TIME_DAY,table presence; access not verified
SPECIES_TENTACOOL,HOENN,MAP_SEAFLOOR_CAVERN_ENTRANCE,fishing_mons,TIME_DAY,table presence; access not verified
SPECIES_TENTACOOL,HOENN,MAP_SEAFLOOR_CAVERN_ENTRANCE,water_mons,TIME_DAY,table presence; access not verified
SPECIES_TENTACOOL,HOENN,MAP_SEAFLOOR_CAVERN_ROOM6,fishing_mons,TIME_DAY,table presence; access not verified
SPECIES_TENTACOOL,HOENN,MAP_SEAFLOOR_CAVERN_ROOM6,water_mons,TIME_DAY,table presence; access not verified
SPECIES_TENTACOOL,HOENN,MAP_SEAFLOOR_CAVERN_ROOM7,fishing_mons,TIME_DAY,table presence; access not verified
SPECIES_TENTACOOL,HOENN,MAP_SEAFLOOR_CAVERN_ROOM7,water_mons,TIME_DAY,table presence; access not verified
SPECIES_TENTACOOL,HOENN,MAP_SHOAL_CAVE_LOW_TIDE_ENTRANCE_ROOM,fishing_mons,TIME_DAY,table presence; access not verified
SPECIES_TENTACOOL,HOENN,MAP_SHOAL_CAVE_LOW_TIDE_ENTRANCE_ROOM,water_mons,TIME_DAY,table presence; access not verified
SPECIES_TENTACOOL,HOENN,MAP_SHOAL_CAVE_LOW_TIDE_INNER_ROOM,fishing_mons,TIME_DAY,table presence; access not verified
SPECIES_TENTACOOL,HOENN,MAP_SHOAL_CAVE_LOW_TIDE_INNER_ROOM,water_mons,TIME_DAY,table presence; access not verified
SPECIES_TENTACOOL,HOENN,MAP_SLATEPORT_CITY,fishing_mons,TIME_DAY,table presence; access not verified
SPECIES_TENTACOOL,HOENN,MAP_SLATEPORT_CITY,water_mons,TIME_DAY,table presence; access not verified
SPECIES_TENTACOOL,HOENN,MAP_SOOTOPOLIS_CITY,fishing_mons,TIME_DAY,table presence; access not verified
SPECIES_TENTACOOL,JOHTO,MAP_CHERRYGROVE_CITY_HNS,water_mons,TIME_DAY,table presence; access not verified
SPECIES_TENTACOOL,JOHTO,MAP_CHERRYGROVE_CITY_HNS,water_mons,TIME_NIGHT,table presence; access not verified
SPECIES_TENTACOOL,JOHTO,MAP_CIANWOOD_CITY_HNS,fishing_mons,TIME_DAY,table presence; access not verified
SPECIES_TENTACOOL,JOHTO,MAP_CIANWOOD_CITY_HNS,water_mons,TIME_DAY,table presence; access not verified
SPECIES_TENTACOOL,JOHTO,MAP_CIANWOOD_CITY_HNS,water_mons,TIME_NIGHT,table presence; access not verified
SPECIES_TENTACOOL,JOHTO,MAP_NEW_BARK_TOWN_HNS,fishing_mons,TIME_DAY,table presence; access not verified
SPECIES_TENTACOOL,JOHTO,MAP_NEW_BARK_TOWN_HNS,fishing_mons,TIME_NIGHT,table presence; access not verified
SPECIES_TENTACOOL,JOHTO,MAP_NEW_BARK_TOWN_HNS,water_mons,TIME_DAY,table presence; access not verified
SPECIES_TENTACOOL,JOHTO,MAP_NEW_BARK_TOWN_HNS,water_mons,TIME_NIGHT,table presence; access not verified
SPECIES_TENTACOOL,JOHTO,MAP_OLIVINE_CITY_HNS,water_mons,TIME_DAY,table presence; access not verified
SPECIES_TENTACOOL,JOHTO,MAP_OLIVINE_CITY_HNS,water_mons,TIME_NIGHT,table presence; access not verified
SPECIES_TENTACOOL,JOHTO,MAP_OLIVINE_CITY_PORT_OUTSIDE_HNS,fishing_mons,TIME_DAY,table presence; access not verified
SPECIES_TENTACOOL,JOHTO,MAP_OLIVINE_CITY_PORT_OUTSIDE_HNS,fishing_mons,TIME_NIGHT,table presence; access not verified
SPECIES_TENTACOOL,JOHTO,MAP_OLIVINE_CITY_PORT_OUTSIDE_HNS,water_mons,TIME_DAY,table presence; access not verified
SPECIES_TENTACOOL,JOHTO,MAP_OLIVINE_CITY_PORT_OUTSIDE_HNS,water_mons,TIME_NIGHT,table presence; access not verified
SPECIES_TENTACOOL,JOHTO,MAP_ROUTE26_HNS,fishing_mons,TIME_DAY,table presence; access not verified
SPECIES_TENTACOOL,JOHTO,MAP_ROUTE26_HNS,fishing_mons,TIME_NIGHT,table presence; access not verified
SPECIES_TENTACOOL,JOHTO,MAP_ROUTE26_HNS,water_mons,TIME_DAY,table presence; access not verified
SPECIES_TENTACOOL,JOHTO,MAP_ROUTE26_HNS,water_mons,TIME_NIGHT,table presence; access not verified
SPECIES_TENTACOOL,JOHTO,MAP_ROUTE27_HNS,fishing_mons,TIME_DAY,table presence; access not verified
SPECIES_TENTACOOL,JOHTO,MAP_ROUTE27_HNS,fishing_mons,TIME_NIGHT,table presence; access not verified
SPECIES_TENTACOOL,JOHTO,MAP_ROUTE27_HNS,water_mons,TIME_DAY,table presence; access not verified
SPECIES_TENTACOOL,JOHTO,MAP_ROUTE27_HNS,water_mons,TIME_NIGHT,table presence; access not verified
SPECIES_TENTACOOL,JOHTO,MAP_ROUTE32_HNS,fishing_mons,TIME_DAY,table presence; access not verified
SPECIES_TENTACOOL,JOHTO,MAP_ROUTE32_HNS,fishing_mons,TIME_NIGHT,table presence; access not verified
SPECIES_TENTACOOL,JOHTO,MAP_ROUTE32_HNS,water_mons,TIME_DAY,table presence; access not verified
SPECIES_TENTACOOL,JOHTO,MAP_ROUTE32_HNS,water_mons,TIME_NIGHT,table presence; access not verified
SPECIES_TENTACOOL,JOHTO,MAP_ROUTE34_HNS,water_mons,TIME_DAY,table presence; access not verified
SPECIES_TENTACOOL,JOHTO,MAP_ROUTE34_HNS,water_mons,TIME_NIGHT,table presence; access not verified
SPECIES_TENTACOOL,JOHTO,MAP_ROUTE40_HNS,water_mons,TIME_DAY,table presence; access not verified
SPECIES_TENTACOOL,JOHTO,MAP_ROUTE41_HNS,fishing_mons,TIME_DAY,table presence; access not verified
SPECIES_TENTACOOL,JOHTO,MAP_ROUTE41_HNS,water_mons,TIME_DAY,table presence; access not verified
SPECIES_TENTACOOL,JOHTO,MAP_ROUTE47_HNS,fishing_mons,TIME_DAY,table presence; access not verified
SPECIES_TENTACOOL,JOHTO,MAP_ROUTE47_HNS,water_mons,TIME_DAY,table presence; access not verified
SPECIES_TENTACOOL,JOHTO,MAP_UNION_CAVE_B2F_HNS,fishing_mons,TIME_DAY,table presence; access not verified
SPECIES_TENTACOOL,JOHTO,MAP_UNION_CAVE_B2F_HNS,water_mons,TIME_DAY,table presence; access not verified
SPECIES_TENTACOOL,JOHTO,MAP_WHIRL_ISLANDS_1F_HNS,water_mons,TIME_DAY,table presence; access not verified
SPECIES_TENTACOOL,JOHTO,MAP_WHIRL_ISLANDS_1F_HNS,water_mons,TIME_NIGHT,table presence; access not verified
SPECIES_TENTACOOL,JOHTO,MAP_WHIRL_ISLANDS_B1F_HNS,water_mons,TIME_DAY,table presence; access not verified
SPECIES_TENTACOOL,JOHTO,MAP_WHIRL_ISLANDS_B1F_HNS,water_mons,TIME_NIGHT,table presence; access not verified
SPECIES_TENTACOOL,JOHTO,MAP_WHIRL_ISLANDS_B2F_HNS,water_mons,TIME_DAY,table presence; access not verified
SPECIES_TENTACOOL,JOHTO,MAP_WHIRL_ISLANDS_B2F_HNS,water_mons,TIME_NIGHT,table presence; access not verified
SPECIES_TENTACOOL,JOHTO,MAP_WHIRL_ISLANDS_B3F_HNS,water_mons,TIME_DAY,table presence; access not verified
SPECIES_TENTACOOL,JOHTO,MAP_WHIRL_ISLANDS_DESCENT_HNS,land_mons,TIME_DAY,table presence; access not verified
SPECIES_TENTACOOL,JOHTO,MAP_WHIRL_ISLANDS_DESCENT_HNS,water_mons,TIME_DAY,table presence; access not verified
SPECIES_TENTACOOL,KANTO,MAP_CERULEAN_CITY_HNS,water_mons,TIME_DAY,table presence; access not verified
SPECIES_TENTACOOL,KANTO,MAP_CERULEAN_CITY_HNS,water_mons,TIME_NIGHT,table presence; access not verified
SPECIES_TENTACOOL,KANTO,MAP_CINNABAR_ISLAND_HNS,water_mons,TIME_DAY,table presence; access not verified
SPECIES_TENTACOOL,KANTO,MAP_CINNABAR_ISLAND_HNS,water_mons,TIME_NIGHT,table presence; access not verified
SPECIES_TENTACOOL,KANTO,MAP_ROUTE10_HNS,water_mons,TIME_DAY,table presence; access not verified
SPECIES_TENTACOOL,KANTO,MAP_ROUTE10_HNS,water_mons,TIME_NIGHT,table presence; access not verified
SPECIES_TENTACOOL,KANTO,MAP_ROUTE12_HNS,water_mons,TIME_DAY,table presence; access not verified
SPECIES_TENTACOOL,KANTO,MAP_ROUTE12_HNS,water_mons,TIME_NIGHT,table presence; access not verified
SPECIES_TENTACOOL,KANTO,MAP_ROUTE13_HNS,water_mons,TIME_DAY,table presence; access not verified
SPECIES_TENTACOOL,KANTO,MAP_ROUTE13_HNS,water_mons,TIME_NIGHT,table presence; access not verified
SPECIES_TENTACOOL,KANTO,MAP_ROUTE19_HNS,water_mons,TIME_DAY,table presence; access not verified
SPECIES_TENTACOOL,KANTO,MAP_ROUTE19_HNS,water_mons,TIME_NIGHT,table presence; access not verified
SPECIES_TENTACOOL,KANTO,MAP_ROUTE1_HNS,water_mons,TIME_DAY,table presence; access not verified
SPECIES_TENTACOOL,KANTO,MAP_ROUTE1_HNS,water_mons,TIME_NIGHT,table presence; access not verified
SPECIES_TENTACOOL,KANTO,MAP_ROUTE20_HNS,water_mons,TIME_DAY,table presence; access not verified
SPECIES_TENTACOOL,KANTO,MAP_ROUTE20_HNS,water_mons,TIME_NIGHT,table presence; access not verified
SPECIES_TENTACOOL,KANTO,MAP_ROUTE21_HNS,water_mons,TIME_DAY,table presence; access not verified
SPECIES_TENTACOOL,KANTO,MAP_ROUTE21_HNS,water_mons,TIME_NIGHT,table presence; access not verified
SPECIES_TENTACOOL,KANTO,MAP_ROUTE24_HNS,water_mons,TIME_DAY,table presence; access not verified
SPECIES_TENTACOOL,KANTO,MAP_ROUTE24_HNS,water_mons,TIME_NIGHT,table presence; access not verified
SPECIES_TENTACOOL,KANTO,MAP_ROUTE4_HNS,water_mons,TIME_DAY,table presence; access not verified
SPECIES_TENTACOOL,KANTO,MAP_ROUTE4_HNS,water_mons,TIME_NIGHT,table presence; access not verified
SPECIES_TENTACOOL,KANTO,MAP_ROUTE9_HNS,water_mons,TIME_DAY,table presence; access not verified
SPECIES_TENTACOOL,KANTO,MAP_ROUTE9_HNS,water_mons,TIME_NIGHT,table presence; access not verified
SPECIES_TENTACOOL,KANTO,MAP_VERMILION_CITY_HNS,water_mons,TIME_DAY,table presence; access not verified
SPECIES_TENTACOOL,KANTO,MAP_VERMILION_CITY_HNS,water_mons,TIME_NIGHT,table presence; access not verified
SPECIES_TENTACOOL,KANTO,MAP_VERMILION_CITY_PORT_OUTSIDE_HNS,water_mons,TIME_DAY,table presence; access not verified
SPECIES_TENTACOOL,KANTO,MAP_VERMILION_CITY_PORT_OUTSIDE_HNS,water_mons,TIME_NIGHT,table presence; access not verified
SPECIES_TENTACRUEL,HOENN,MAP_ABANDONED_SHIP_HIDDEN_FLOOR_CORRIDORS,fishing_mons,TIME_DAY,table presence; access not verified
SPECIES_TENTACRUEL,HOENN,MAP_ABANDONED_SHIP_HIDDEN_FLOOR_CORRIDORS,water_mons,TIME_DAY,table presence; access not verified
SPECIES_TENTACRUEL,HOENN,MAP_ABANDONED_SHIP_ROOMS_B1F,fishing_mons,TIME_DAY,table presence; access not verified
SPECIES_TENTACRUEL,HOENN,MAP_ABANDONED_SHIP_ROOMS_B1F,water_mons,TIME_DAY,table presence; access not verified
SPECIES_TENTACRUEL,JOHTO,MAP_CHERRYGROVE_CITY_HNS,water_mons,TIME_DAY,table presence; access not verified
SPECIES_TENTACRUEL,JOHTO,MAP_CHERRYGROVE_CITY_HNS,water_mons,TIME_NIGHT,table presence; access not verified
SPECIES_TENTACRUEL,JOHTO,MAP_CIANWOOD_CITY_HNS,fishing_mons,TIME_DAY,table presence; access not verified
SPECIES_TENTACRUEL,JOHTO,MAP_CIANWOOD_CITY_HNS,water_mons,TIME_DAY,table presence; access not verified
SPECIES_TENTACRUEL,JOHTO,MAP_CIANWOOD_CITY_HNS,water_mons,TIME_NIGHT,table presence; access not verified
SPECIES_TENTACRUEL,JOHTO,MAP_NEW_BARK_TOWN_HNS,fishing_mons,TIME_DAY,table presence; access not verified
SPECIES_TENTACRUEL,JOHTO,MAP_NEW_BARK_TOWN_HNS,fishing_mons,TIME_NIGHT,table presence; access not verified
SPECIES_TENTACRUEL,JOHTO,MAP_OLIVINE_CITY_HNS,water_mons,TIME_DAY,table presence; access not verified
SPECIES_TENTACRUEL,JOHTO,MAP_OLIVINE_CITY_HNS,water_mons,TIME_NIGHT,table presence; access not verified
SPECIES_TENTACRUEL,JOHTO,MAP_OLIVINE_CITY_PORT_OUTSIDE_HNS,fishing_mons,TIME_DAY,table presence; access not verified
SPECIES_TENTACRUEL,JOHTO,MAP_OLIVINE_CITY_PORT_OUTSIDE_HNS,fishing_mons,TIME_NIGHT,table presence; access not verified
SPECIES_TENTACRUEL,JOHTO,MAP_OLIVINE_CITY_PORT_OUTSIDE_HNS,water_mons,TIME_DAY,table presence; access not verified
SPECIES_TENTACRUEL,JOHTO,MAP_OLIVINE_CITY_PORT_OUTSIDE_HNS,water_mons,TIME_NIGHT,table presence; access not verified
SPECIES_TENTACRUEL,JOHTO,MAP_ROUTE26_HNS,fishing_mons,TIME_DAY,table presence; access not verified
SPECIES_TENTACRUEL,JOHTO,MAP_ROUTE26_HNS,fishing_mons,TIME_NIGHT,table presence; access not verified
SPECIES_TENTACRUEL,JOHTO,MAP_ROUTE26_HNS,water_mons,TIME_DAY,table presence; access not verified
SPECIES_TENTACRUEL,JOHTO,MAP_ROUTE26_HNS,water_mons,TIME_NIGHT,table presence; access not verified
SPECIES_TENTACRUEL,JOHTO,MAP_ROUTE27_HNS,fishing_mons,TIME_DAY,table presence; access not verified
SPECIES_TENTACRUEL,JOHTO,MAP_ROUTE27_HNS,fishing_mons,TIME_NIGHT,table presence; access not verified
SPECIES_TENTACRUEL,JOHTO,MAP_ROUTE27_HNS,water_mons,TIME_DAY,table presence; access not verified
SPECIES_TENTACRUEL,JOHTO,MAP_ROUTE27_HNS,water_mons,TIME_NIGHT,table presence; access not verified
SPECIES_TENTACRUEL,JOHTO,MAP_ROUTE32_HNS,water_mons,TIME_DAY,table presence; access not verified
SPECIES_TENTACRUEL,JOHTO,MAP_ROUTE32_HNS,water_mons,TIME_NIGHT,table presence; access not verified
SPECIES_TENTACRUEL,JOHTO,MAP_ROUTE34_HNS,water_mons,TIME_DAY,table presence; access not verified
SPECIES_TENTACRUEL,JOHTO,MAP_ROUTE34_HNS,water_mons,TIME_NIGHT,table presence; access not verified
SPECIES_TENTACRUEL,JOHTO,MAP_ROUTE40_HNS,water_mons,TIME_DAY,table presence; access not verified
SPECIES_TENTACRUEL,JOHTO,MAP_ROUTE41_HNS,fishing_mons,TIME_DAY,table presence; access not verified
SPECIES_TENTACRUEL,JOHTO,MAP_ROUTE47_HNS,fishing_mons,TIME_DAY,table presence; access not verified
SPECIES_TENTACRUEL,JOHTO,MAP_UNION_CAVE_B2F_HNS,fishing_mons,TIME_DAY,table presence; access not verified
SPECIES_TENTACRUEL,JOHTO,MAP_UNION_CAVE_B2F_HNS,water_mons,TIME_DAY,table presence; access not verified
SPECIES_TENTACRUEL,JOHTO,MAP_WHIRL_ISLANDS_B2F_HNS,water_mons,TIME_DAY,table presence; access not verified
SPECIES_TENTACRUEL,JOHTO,MAP_WHIRL_ISLANDS_B2F_HNS,water_mons,TIME_NIGHT,table presence; access not verified
SPECIES_TENTACRUEL,JOHTO,MAP_WHIRL_ISLANDS_B3F_HNS,water_mons,TIME_DAY,table presence; access not verified
SPECIES_TENTACRUEL,JOHTO,MAP_WHIRL_ISLANDS_DESCENT_HNS,land_mons,TIME_DAY,table presence; access not verified
SPECIES_TENTACRUEL,JOHTO,MAP_WHIRL_ISLANDS_DESCENT_HNS,water_mons,TIME_DAY,table presence; access not verified
SPECIES_TORKOAL,HNS_UNCLASSIFIED,MAP_NEWSINJOH_HOTSPRINGS_HNS,land_mons,TIME_DAY,table presence; access not verified
SPECIES_TORKOAL,HOENN,MAP_FIERY_PATH,land_mons,TIME_DAY,table presence; access not verified
SPECIES_TORKOAL,HOENN,MAP_MAGMA_HIDEOUT_1F,land_mons,TIME_DAY,table presence; access not verified
SPECIES_TORKOAL,HOENN,MAP_MAGMA_HIDEOUT_2F_1R,land_mons,TIME_DAY,table presence; access not verified
SPECIES_TORKOAL,HOENN,MAP_MAGMA_HIDEOUT_2F_2R,land_mons,TIME_DAY,table presence; access not verified
SPECIES_TORKOAL,HOENN,MAP_MAGMA_HIDEOUT_2F_3R,land_mons,TIME_DAY,table presence; access not verified
SPECIES_TORKOAL,HOENN,MAP_MAGMA_HIDEOUT_3F_1R,land_mons,TIME_DAY,table presence; access not verified
SPECIES_TORKOAL,HOENN,MAP_MAGMA_HIDEOUT_3F_2R,land_mons,TIME_DAY,table presence; access not verified
SPECIES_TORKOAL,HOENN,MAP_MAGMA_HIDEOUT_3F_3R,land_mons,TIME_DAY,table presence; access not verified
SPECIES_TORKOAL,HOENN,MAP_MAGMA_HIDEOUT_4F,land_mons,TIME_DAY,table presence; access not verified
SPECIES_TRAPINCH,HOENN,MAP_MIRAGE_TOWER_1F,land_mons,TIME_DAY,table presence; access not verified
SPECIES_TRAPINCH,HOENN,MAP_MIRAGE_TOWER_2F,land_mons,TIME_DAY,table presence; access not verified
SPECIES_TRAPINCH,HOENN,MAP_MIRAGE_TOWER_3F,land_mons,TIME_DAY,table presence; access not verified
SPECIES_TRAPINCH,HOENN,MAP_MIRAGE_TOWER_4F,land_mons,TIME_DAY,table presence; access not verified
SPECIES_TRAPINCH,HOENN,MAP_ROUTE111,land_mons,TIME_DAY,table presence; access not verified
SPECIES_TROPIUS,HOENN,MAP_ROUTE119,land_mons,TIME_DAY,table presence; access not verified
SPECIES_URSARING,HNS_UNCLASSIFIED,MAP_ROUTE49_HNS,land_mons,TIME_DAY,table presence; access not verified
SPECIES_URSARING,HNS_UNCLASSIFIED,MAP_ROUTE50_HNS,land_mons,TIME_DAY,table presence; access not verified
SPECIES_URSARING,HNS_UNCLASSIFIED,MAP_SINJOH_RUINS_HNS,land_mons,TIME_DAY,table presence; access not verified
SPECIES_URSARING,HNS_UNCLASSIFIED,MAP_SINJOH_RUINS_HNS,land_mons,TIME_NIGHT,table presence; access not verified
SPECIES_URSARING,JOHTO,MAP_DARK_CAVE_NORTH_SIDE_HNS,land_mons,TIME_DAY,table presence; access not verified
SPECIES_URSARING,JOHTO,MAP_MT_SILVER_1F_ITEM_ROOM_HNS,land_mons,TIME_DAY,table presence; access not verified
SPECIES_URSARING,JOHTO,MAP_MT_SILVER_1F_WATERFALL_ROOM_HNS,land_mons,TIME_DAY,table presence; access not verified
SPECIES_URSARING,JOHTO,MAP_MT_SILVER_1F_WATERFALL_ROOM_HNS,land_mons,TIME_NIGHT,table presence; access not verified
SPECIES_URSARING,JOHTO,MAP_MT_SILVER_3F_HNS,land_mons,TIME_DAY,table presence; access not verified
SPECIES_URSARING,JOHTO,MAP_MT_SILVER_MOUNTAIN_SIDE_HNS,land_mons,TIME_DAY,table presence; access not verified
SPECIES_URSARING,JOHTO,MAP_MT_SILVER_MOUNTAIN_SIDE_HNS,land_mons,TIME_NIGHT,table presence; access not verified
SPECIES_URSARING,JOHTO,MAP_MT_SILVER_OUTSIDE_HNS,land_mons,TIME_DAY,table presence; access not verified
SPECIES_URSARING,JOHTO,MAP_MT_SILVER_OUTSIDE_HNS,land_mons,TIME_NIGHT,table presence; access not verified
SPECIES_URSARING,JOHTO,MAP_MT_SILVER_SNOW_HNS,land_mons,TIME_DAY,table presence; access not verified
SPECIES_URSARING,JOHTO,MAP_MT_SILVER_SNOW_HNS,land_mons,TIME_NIGHT,table presence; access not verified
SPECIES_URSARING,JOHTO,MAP_ROUTE45_HNS,land_mons,TIME_DAY,table presence; access not verified
SPECIES_VOLBEAT,HOENN,MAP_ROUTE117,land_mons,TIME_DAY,table presence; access not verified
SPECIES_VOLTORB,HOENN,MAP_NEW_MAUVILLE_ENTRANCE,land_mons,TIME_DAY,table presence; access not verified
SPECIES_VOLTORB,HOENN,MAP_NEW_MAUVILLE_INSIDE,land_mons,TIME_DAY,table presence; access not verified
SPECIES_VOLTORB,JOHTO,MAP_ROCKET_HIDEOUT_B1F_HNS,land_mons,TIME_DAY,table presence; access not verified
SPECIES_VOLTORB,KANTO,MAP_CERULEAN_CAVE_1F_HNS,land_mons,TIME_DAY,table presence; access not verified
SPECIES_VOLTORB,KANTO,MAP_CERULEAN_CAVE_1F_HNS,land_mons,TIME_NIGHT,table presence; access not verified
SPECIES_VOLTORB,KANTO,MAP_CERULEAN_CAVE_B1F_HNS,land_mons,TIME_DAY,table presence; access not verified
SPECIES_VOLTORB,KANTO,MAP_CERULEAN_CAVE_B1F_HNS,land_mons,TIME_NIGHT,table presence; access not verified
SPECIES_VOLTORB,KANTO,MAP_CERULEAN_CAVE_B2F_HNS,land_mons,TIME_DAY,table presence; access not verified
SPECIES_VOLTORB,KANTO,MAP_CERULEAN_CAVE_B2F_HNS,land_mons,TIME_NIGHT,table presence; access not verified
SPECIES_VOLTORB,KANTO,MAP_ROUTE10_HNS,land_mons,TIME_DAY,table presence; access not verified
SPECIES_VOLTORB,KANTO,MAP_ROUTE10_HNS,land_mons,TIME_NIGHT,table presence; access not verified
SPECIES_WAILMER,HOENN,MAP_DEWFORD_TOWN,fishing_mons,TIME_DAY,table presence; access not verified
SPECIES_WAILMER,HOENN,MAP_EVER_GRANDE_CITY,fishing_mons,TIME_DAY,table presence; access not verified
SPECIES_WAILMER,HOENN,MAP_LILYCOVE_CITY,fishing_mons,TIME_DAY,table presence; access not verified
SPECIES_WAILMER,HOENN,MAP_MOSSDEEP_CITY,fishing_mons,TIME_DAY,table presence; access not verified
SPECIES_WAILMER,HOENN,MAP_PACIFIDLOG_TOWN,fishing_mons,TIME_DAY,table presence; access not verified
SPECIES_WAILMER,HOENN,MAP_ROUTE103,fishing_mons,TIME_DAY,table presence; access not verified
SPECIES_WAILMER,HOENN,MAP_ROUTE105,fishing_mons,TIME_DAY,table presence; access not verified
SPECIES_WAILMER,HOENN,MAP_ROUTE106,fishing_mons,TIME_DAY,table presence; access not verified
SPECIES_WAILMER,HOENN,MAP_ROUTE107,fishing_mons,TIME_DAY,table presence; access not verified
SPECIES_WAILMER,HOENN,MAP_ROUTE108,fishing_mons,TIME_DAY,table presence; access not verified
SPECIES_WAILMER,HOENN,MAP_ROUTE109,fishing_mons,TIME_DAY,table presence; access not verified
SPECIES_WAILMER,HOENN,MAP_ROUTE110,fishing_mons,TIME_DAY,table presence; access not verified
SPECIES_WAILMER,HOENN,MAP_ROUTE115,fishing_mons,TIME_DAY,table presence; access not verified
SPECIES_WAILMER,HOENN,MAP_ROUTE121,fishing_mons,TIME_DAY,table presence; access not verified
SPECIES_WAILMER,HOENN,MAP_ROUTE122,fishing_mons,TIME_DAY,table presence; access not verified
SPECIES_WAILMER,HOENN,MAP_ROUTE123,fishing_mons,TIME_DAY,table presence; access not verified
SPECIES_WAILMER,HOENN,MAP_ROUTE124,fishing_mons,TIME_DAY,table presence; access not verified
SPECIES_WAILMER,HOENN,MAP_ROUTE125,fishing_mons,TIME_DAY,table presence; access not verified
SPECIES_WAILMER,HOENN,MAP_ROUTE126,fishing_mons,TIME_DAY,table presence; access not verified
SPECIES_WAILMER,HOENN,MAP_ROUTE127,fishing_mons,TIME_DAY,table presence; access not verified
SPECIES_WAILMER,HOENN,MAP_ROUTE128,fishing_mons,TIME_DAY,table presence; access not verified
SPECIES_WAILMER,HOENN,MAP_ROUTE129,fishing_mons,TIME_DAY,table presence; access not verified
SPECIES_WAILMER,HOENN,MAP_ROUTE129,water_mons,TIME_DAY,table presence; access not verified
SPECIES_WAILMER,HOENN,MAP_ROUTE130,fishing_mons,TIME_DAY,table presence; access not verified
SPECIES_WAILMER,HOENN,MAP_ROUTE131,fishing_mons,TIME_DAY,table presence; access not verified
SPECIES_WAILMER,HOENN,MAP_ROUTE132,fishing_mons,TIME_DAY,table presence; access not verified
SPECIES_WAILMER,HOENN,MAP_ROUTE133,fishing_mons,TIME_DAY,table presence; access not verified
SPECIES_WAILMER,HOENN,MAP_ROUTE134,fishing_mons,TIME_DAY,table presence; access not verified
SPECIES_WAILMER,HOENN,MAP_SEAFLOOR_CAVERN_ENTRANCE,fishing_mons,TIME_DAY,table presence; access not verified
SPECIES_WAILMER,HOENN,MAP_SEAFLOOR_CAVERN_ROOM6,fishing_mons,TIME_DAY,table presence; access not verified
SPECIES_WAILMER,HOENN,MAP_SEAFLOOR_CAVERN_ROOM7,fishing_mons,TIME_DAY,table presence; access not verified
SPECIES_WAILMER,HOENN,MAP_SHOAL_CAVE_LOW_TIDE_ENTRANCE_ROOM,fishing_mons,TIME_DAY,table presence; access not verified
SPECIES_WAILMER,HOENN,MAP_SHOAL_CAVE_LOW_TIDE_INNER_ROOM,fishing_mons,TIME_DAY,table presence; access not verified
SPECIES_WAILMER,HOENN,MAP_SLATEPORT_CITY,fishing_mons,TIME_DAY,table presence; access not verified
SPECIES_WAILORD,HOENN,MAP_ROUTE129,water_mons,TIME_DAY,table presence; access not verified
SPECIES_WEEPINBELL,JOHTO,MAP_ROUTE44_HNS,land_mons,TIME_DAY,table presence; access not verified
SPECIES_WEEPINBELL,JOHTO,MAP_ROUTE44_HNS,land_mons,TIME_NIGHT,table presence; access not verified
SPECIES_WEEPINBELL,JOHTO,MAP_SAFARI_ZONE_TOP_MID_HNS,land_mons,TIME_DAY,table presence; access not verified
SPECIES_WEEPINBELL,KANTO,MAP_ROUTE12_HNS,land_mons,TIME_DAY,table presence; access not verified
SPECIES_WEEPINBELL,KANTO,MAP_ROUTE12_HNS,land_mons,TIME_NIGHT,table presence; access not verified
SPECIES_WEEPINBELL,KANTO,MAP_ROUTE13_HNS,land_mons,TIME_DAY,table presence; access not verified
SPECIES_WEEPINBELL,KANTO,MAP_ROUTE13_HNS,land_mons,TIME_NIGHT,table presence; access not verified
SPECIES_WEEPINBELL,KANTO,MAP_ROUTE14_HNS,land_mons,TIME_DAY,table presence; access not verified
SPECIES_WEEPINBELL,KANTO,MAP_ROUTE14_HNS,land_mons,TIME_NIGHT,table presence; access not verified
SPECIES_WEEPINBELL,KANTO,MAP_ROUTE15_HNS,land_mons,TIME_DAY,table presence; access not verified
SPECIES_WEEPINBELL,KANTO,MAP_ROUTE15_HNS,land_mons,TIME_NIGHT,table presence; access not verified
SPECIES_WHISCASH,HOENN,MAP_METEOR_FALLS_1F_2R,fishing_mons,TIME_DAY,table presence; access not verified
SPECIES_WHISCASH,HOENN,MAP_METEOR_FALLS_B1F_1R,fishing_mons,TIME_DAY,table presence; access not verified
SPECIES_WHISCASH,HOENN,MAP_METEOR_FALLS_B1F_2R,fishing_mons,TIME_DAY,table presence; access not verified
SPECIES_WHISCASH,HOENN,MAP_VICTORY_ROAD_B2F,fishing_mons,TIME_DAY,table presence; access not verified
SPECIES_WINGULL,HNS_UNCLASSIFIED,MAP_AKALA_ISLE_HNS,land_mons,TIME_DAY,table presence; access not verified
SPECIES_WINGULL,HNS_UNCLASSIFIED,MAP_AKALA_ISLE_HNS,water_mons,TIME_DAY,table presence; access not verified
SPECIES_WINGULL,HNS_UNCLASSIFIED,MAP_ALOLA_WATER_HNS,water_mons,TIME_DAY,table presence; access not verified
SPECIES_WINGULL,HNS_UNCLASSIFIED,MAP_MELEMELE_ISLE_HNS,water_mons,TIME_DAY,table presence; access not verified
SPECIES_WINGULL,HNS_UNCLASSIFIED,MAP_PONI_ISLE_HNS,water_mons,TIME_DAY,table presence; access not verified
SPECIES_WINGULL,HNS_UNCLASSIFIED,MAP_ULAULA_ISLE_HNS,water_mons,TIME_DAY,table presence; access not verified
SPECIES_WINGULL,HOENN,MAP_DEWFORD_TOWN,water_mons,TIME_DAY,table presence; access not verified
SPECIES_WINGULL,HOENN,MAP_EVER_GRANDE_CITY,water_mons,TIME_DAY,table presence; access not verified
SPECIES_WINGULL,HOENN,MAP_LILYCOVE_CITY,water_mons,TIME_DAY,table presence; access not verified
SPECIES_WINGULL,HOENN,MAP_MOSSDEEP_CITY,water_mons,TIME_DAY,table presence; access not verified
SPECIES_WINGULL,HOENN,MAP_MT_PYRE_EXTERIOR,land_mons,TIME_DAY,table presence; access not verified
SPECIES_WINGULL,HOENN,MAP_PACIFIDLOG_TOWN,water_mons,TIME_DAY,table presence; access not verified
SPECIES_WINGULL,HOENN,MAP_ROUTE103,land_mons,TIME_DAY,table presence; access not verified
SPECIES_WINGULL,HOENN,MAP_ROUTE103,water_mons,TIME_DAY,table presence; access not verified
SPECIES_WINGULL,HOENN,MAP_ROUTE104,land_mons,TIME_DAY,table presence; access not verified
SPECIES_WINGULL,HOENN,MAP_ROUTE104,water_mons,TIME_DAY,table presence; access not verified
SPECIES_WINGULL,HOENN,MAP_ROUTE105,water_mons,TIME_DAY,table presence; access not verified
SPECIES_WINGULL,HOENN,MAP_ROUTE106,water_mons,TIME_DAY,table presence; access not verified
SPECIES_WINGULL,HOENN,MAP_ROUTE107,water_mons,TIME_DAY,table presence; access not verified
SPECIES_WINGULL,HOENN,MAP_ROUTE108,water_mons,TIME_DAY,table presence; access not verified
SPECIES_WINGULL,HOENN,MAP_ROUTE109,water_mons,TIME_DAY,table presence; access not verified
SPECIES_WINGULL,HOENN,MAP_ROUTE110,land_mons,TIME_DAY,table presence; access not verified
SPECIES_WINGULL,HOENN,MAP_ROUTE110,water_mons,TIME_DAY,table presence; access not verified
SPECIES_WINGULL,HOENN,MAP_ROUTE115,land_mons,TIME_DAY,table presence; access not verified
SPECIES_WINGULL,HOENN,MAP_ROUTE115,water_mons,TIME_DAY,table presence; access not verified
SPECIES_WINGULL,HOENN,MAP_ROUTE118,land_mons,TIME_DAY,table presence; access not verified
SPECIES_WINGULL,HOENN,MAP_ROUTE118,water_mons,TIME_DAY,table presence; access not verified
SPECIES_WINGULL,HOENN,MAP_ROUTE119,water_mons,TIME_DAY,table presence; access not verified
SPECIES_WINGULL,HOENN,MAP_ROUTE121,land_mons,TIME_DAY,table presence; access not verified
SPECIES_WINGULL,HOENN,MAP_ROUTE121,water_mons,TIME_DAY,table presence; access not verified
SPECIES_WINGULL,HOENN,MAP_ROUTE122,water_mons,TIME_DAY,table presence; access not verified
SPECIES_WINGULL,HOENN,MAP_ROUTE123,land_mons,TIME_DAY,table presence; access not verified
SPECIES_WINGULL,HOENN,MAP_ROUTE123,water_mons,TIME_DAY,table presence; access not verified
SPECIES_WINGULL,HOENN,MAP_ROUTE124,water_mons,TIME_DAY,table presence; access not verified
SPECIES_WINGULL,HOENN,MAP_ROUTE125,water_mons,TIME_DAY,table presence; access not verified
SPECIES_WINGULL,HOENN,MAP_ROUTE126,water_mons,TIME_DAY,table presence; access not verified
SPECIES_WINGULL,HOENN,MAP_ROUTE127,water_mons,TIME_DAY,table presence; access not verified
SPECIES_WINGULL,HOENN,MAP_ROUTE128,water_mons,TIME_DAY,table presence; access not verified
SPECIES_WINGULL,HOENN,MAP_ROUTE129,water_mons,TIME_DAY,table presence; access not verified
SPECIES_WINGULL,HOENN,MAP_ROUTE130,water_mons,TIME_DAY,table presence; access not verified
SPECIES_WINGULL,HOENN,MAP_ROUTE131,water_mons,TIME_DAY,table presence; access not verified
SPECIES_WINGULL,HOENN,MAP_ROUTE132,water_mons,TIME_DAY,table presence; access not verified
SPECIES_WINGULL,HOENN,MAP_ROUTE133,water_mons,TIME_DAY,table presence; access not verified
SPECIES_WINGULL,HOENN,MAP_ROUTE134,water_mons,TIME_DAY,table presence; access not verified
SPECIES_WINGULL,HOENN,MAP_SLATEPORT_CITY,water_mons,TIME_DAY,table presence; access not verified
SPECIES_WOOPER,HOENN,MAP_SAFARI_ZONE_SOUTHEAST,water_mons,TIME_DAY,table presence; access not verified
SPECIES_WOOPER,JOHTO,MAP_CLIFF_EDGE_CAVE_HNS,land_mons,TIME_DAY,table presence; access not verified
SPECIES_WOOPER,JOHTO,MAP_CLIFF_EDGE_GATE_HNS,water_mons,TIME_DAY,table presence; access not verified
SPECIES_WOOPER,JOHTO,MAP_ROUTE32_HNS,land_mons,TIME_DAY,table presence; access not verified
SPECIES_WOOPER,JOHTO,MAP_ROUTE32_HNS,land_mons,TIME_NIGHT,table presence; access not verified
SPECIES_WOOPER,JOHTO,MAP_ROUTE32_HNS,water_mons,TIME_DAY,table presence; access not verified
SPECIES_WOOPER,JOHTO,MAP_ROUTE32_HNS,water_mons,TIME_NIGHT,table presence; access not verified
SPECIES_WOOPER,JOHTO,MAP_RUINS_OF_ALPH_OUTSIDE_HNS,land_mons,TIME_NIGHT,table presence; access not verified
SPECIES_WOOPER,JOHTO,MAP_RUINS_OF_ALPH_OUTSIDE_HNS,water_mons,TIME_DAY,table presence; access not verified
SPECIES_WOOPER,JOHTO,MAP_RUINS_OF_ALPH_OUTSIDE_HNS,water_mons,TIME_NIGHT,table presence; access not verified
SPECIES_WOOPER,JOHTO,MAP_SAFARI_ZONE_LOW_RIGHT_HNS,fishing_mons,TIME_DAY,table presence; access not verified
SPECIES_WOOPER,JOHTO,MAP_SAFARI_ZONE_LOW_RIGHT_HNS,land_mons,TIME_DAY,table presence; access not verified
SPECIES_WOOPER,JOHTO,MAP_UNION_CAVE_1F_HNS,water_mons,TIME_DAY,table presence; access not verified
SPECIES_WOOPER,JOHTO,MAP_UNION_CAVE_B1F_HNS,water_mons,TIME_DAY,table presence; access not verified
SPECIES_WOOPER,JOHTO,MAP_UNION_CAVE_B2F_HNS,land_mons,TIME_DAY,table presence; access not verified
SPECIES_WOOPER,JOHTO,MAP_UNION_CAVE_B2F_HNS,water_mons,TIME_DAY,table presence; access not verified
SPECIES_WOOPER,KANTO,MAP_CERULEAN_CAVE_B2F_HNS,fishing_mons,TIME_NIGHT,table presence; access not verified
SPECIES_WOOPER,KANTO,MAP_CINNABAR_ISLAND_HNS,fishing_mons,TIME_NIGHT,table presence; access not verified
SPECIES_WOOPER,KANTO,MAP_FUCHSIA_CITY_SAFARI_ZONE_MOUNTAIN_HNS,fishing_mons,TIME_NIGHT,table presence; access not verified
SPECIES_WOOPER,KANTO,MAP_ROUTE10_HNS,fishing_mons,TIME_NIGHT,table presence; access not verified
SPECIES_WOOPER,KANTO,MAP_ROUTE12_HNS,water_mons,TIME_DAY,table presence; access not verified
SPECIES_WOOPER,KANTO,MAP_ROUTE12_HNS,water_mons,TIME_NIGHT,table presence; access not verified
SPECIES_WOOPER,KANTO,MAP_ROUTE15_HNS,fishing_mons,TIME_DAY,table presence; access not verified
SPECIES_WOOPER,KANTO,MAP_ROUTE15_HNS,fishing_mons,TIME_NIGHT,table presence; access not verified
SPECIES_WOOPER,KANTO,MAP_ROUTE20_HNS,fishing_mons,TIME_NIGHT,table presence; access not verified
SPECIES_WOOPER,KANTO,MAP_ROUTE25_HNS,fishing_mons,TIME_DAY,table presence; access not verified
SPECIES_WOOPER,KANTO,MAP_ROUTE25_HNS,fishing_mons,TIME_NIGHT,table presence; access not verified
SPECIES_WOOPER,KANTO,MAP_VERMILION_CITY_PORT_OUTSIDE_HNS,water_mons,TIME_DAY,table presence; access not verified
SPECIES_WOOPER,KANTO,MAP_VERMILION_CITY_PORT_OUTSIDE_HNS,water_mons,TIME_NIGHT,table presence; access not verified
SPECIES_ZIGZAGOON,HNS_UNCLASSIFIED,MAP_NEW_SINJOH_HNS,land_mons,TIME_DAY,table presence; access not verified
SPECIES_ZIGZAGOON,HOENN,MAP_ROUTE101,land_mons,TIME_DAY,table presence; access not verified
SPECIES_ZIGZAGOON,HOENN,MAP_ROUTE102,land_mons,TIME_DAY,table presence; access not verified
SPECIES_ZIGZAGOON,HOENN,MAP_ROUTE103,land_mons,TIME_DAY,table presence; access not verified
SPECIES_ZIGZAGOON,HOENN,MAP_ROUTE118,land_mons,TIME_DAY,table presence; access not verified
SPECIES_ZIGZAGOON,HOENN,MAP_ROUTE119,land_mons,TIME_DAY,table presence; access not verified
