table_slot	layout_id	layout_name	version	width	height	logical_bytes	padded_grid_tiles	padded_grid_bytes	source	source_path	source_sha256	source_crc32	raw_file_bytes	trailing_bytes	lz_stream_bytes	lz_stream_sha256	lz_stream_crc32	lz_decode_consumed_bytes	lz_padding_bytes	storage	stored_bytes	aligned_storage_bytes	interrecord_alignment_bytes	compressed_stream_artifact	special_raw_exception_candidate
1	LAYOUT_PETALBURG_CITY	PetalburgCity_Layout	emerald	30	30	1800	1980	3960	data/layouts/PetalburgCity/map.bin	data/layouts/PetalburgCity/map.bin	7650c43cd3a8a235c102e647f3937fd42c75cdb14fd264b3bc46b85f2385d3fd	6fd4a3b5	1800	0	692	3247865db01e571e41aef130ab19a0c29bc347656b4a6931da69a77782152cb4	bc7eb752	690	2	gba_lz77	692	692	0	streams/0001-LAYOUT_PETALBURG_CITY.lz	
2	LAYOUT_SLATEPORT_CITY	SlateportCity_Layout	emerald	40	60	4800	4070	8140	data/layouts/SlateportCity/map.bin	data/layouts/SlateportCity/map.bin	7094d5feff9cdd39816b71b7aaa31cf9c099c0d06f0a85e9b048d3a801cec136	2a1db70a	4800	0	1888	8781b7343abc9f143ad3cddf0fc458b39f291efc95f99c198474e54257065118	41d86083	1885	3	gba_lz77	1888	1888	0	streams/0002-LAYOUT_SLATEPORT_CITY.lz	
3	LAYOUT_MAUVILLE_CITY	MauvilleCity_Layout	emerald	40	20	1600	1870	3740	data/layouts/MauvilleCity/map.bin	data/layouts/MauvilleCity/map.bin	ec1e2a33d33024c4b029b11ca991bfeee25647e860209a0d9fb65ab3a7db8b68	179b0b36	1600	0	696	3974386d50204bea262975fd7ff21f4a000b9a7b3357f8c1860b5b12d162e352	e7810bc5	696	0	gba_lz77	696	696	0	streams/0003-LAYOUT_MAUVILLE_CITY.lz	
4	LAYOUT_RUSTBORO_CITY	RustboroCity_Layout	emerald	40	60	4800	4070	8140	data/layouts/RustboroCity/map.bin	data/layouts/RustboroCity/map.bin	5d1838e9e5c8f8a3bd519b0f7adaf1f01ef556deb9f8d5b46ec5996b26d51c4d	83321d39	4800	0	1616	2ae1c3a49a9b8642cb1a6003de27b6b54e3a88bec0e7d252afaddc8f28ecb789	572da1b4	1616	0	gba_lz77	1616	1616	0	streams/0004-LAYOUT_RUSTBORO_CITY.lz	
5	LAYOUT_FORTREE_CITY	FortreeCity_Layout	emerald	40	20	1600	1870	3740	data/layouts/FortreeCity/map.bin	data/layouts/FortreeCity/map.bin	af2689cf610f5dcc6d1c2967a093d199d9a77b722cd0f8a677b9bc1299a9da94	6411bae5	1600	0	656	27f97a8ecac9b7fd094bee72be31cde49807b4d5453e9fc49b9d14ff314dce6a	a50f7ef9	653	3	gba_lz77	656	656	0	streams/0005-LAYOUT_FORTREE_CITY.lz	
6	LAYOUT_LILYCOVE_CITY	LilycoveCity_Layout	emerald	80	40	6400	5130	10260	data/layouts/LilycoveCity/map.bin	data/layouts/LilycoveCity/map.bin	39f4fd5da845b8cd987a28f0e7df5938c7eeb08db118e171d521102b6c0c3f62	10bf194f	6400	0	2280	32988552e66072d266ac50c71e71e6b65cec56a7d28561965d21f1b0910512e8	a3378c46	2277	3	gba_lz77	2280	2280	0	streams/0006-LAYOUT_LILYCOVE_CITY.lz	
7	LAYOUT_MOSSDEEP_CITY	MossdeepCity_Layout	emerald	80	40	6400	5130	10260	data/layouts/MossdeepCity/map.bin	data/layouts/MossdeepCity/map.bin	88f9f45d569efcd7a5323b64172a223c252082f7d550fce64d3f125a7505f185	f3f449cc	6400	0	2380	a9bd9213eb975785d7fc0e8d0a8090e4e1f41df7c6e5db90c84b1211cd0340a9	be05f11f	2378	2	gba_lz77	2380	2380	0	streams/0007-LAYOUT_MOSSDEEP_CITY.lz	
8	LAYOUT_SOOTOPOLIS_CITY	SootopolisCity_Layout	emerald	60	60	7200	5550	11100	data/layouts/SootopolisCity/map.bin	data/layouts/SootopolisCity/map.bin	620c9c896617640b73595ea98d32d68b8eb0e850ea681c7b2f51f30b8f43fe49	7863911f	7200	0	2140	ddb31924a2fc7d3f2b85f0f4065f8b90a86f21fd18a31723659cf0f53c64c5af	df057f90	2140	0	gba_lz77	2140	2140	0	streams/0008-LAYOUT_SOOTOPOLIS_CITY.lz	
9	LAYOUT_EVER_GRANDE_CITY	EverGrandeCity_Layout	emerald	40	80	6400	5170	10340	data/layouts/EverGrandeCity/map.bin	data/layouts/EverGrandeCity/map.bin	65fe6682e18c1befab20f007b86811bc5cde2346ded25dd908cc15757ce17d1c	6582d7fc	6400	0	2380	8560969bef48dd3d9ed8d54131b7842df35343b1472ec51d18156525c2bbfc26	1010c142	2378	2	gba_lz77	2380	2380	0	streams/0009-LAYOUT_EVER_GRANDE_CITY.lz	
10	LAYOUT_LITTLEROOT_TOWN	LittlerootTown_Layout	emerald	20	20	800	1190	2380	data/layouts/LittlerootTown/map.bin	data/layouts/LittlerootTown/map.bin	9bc2d52ac0f515a2af3a12483e3913aee3948531f91ca0547513f53ce92acf9d	8c25cce1	800	0	296	21ad6ac2eaaab85db0c54a75aae9ce62aa6496d2109d5a894dfe121f70887ffe	64de57d7	296	0	gba_lz77	296	296	0	streams/0010-LAYOUT_LITTLEROOT_TOWN.lz	
11	LAYOUT_OLDALE_TOWN	OldaleTown_Layout	emerald	20	20	800	1190	2380	data/layouts/OldaleTown/map.bin	data/layouts/OldaleTown/map.bin	4e56863147c213125211821aabb09ea551675249e940a065720618bac79a9cfb	eef23e9e	800	0	384	c7651a45d880bd84b52abfa835745b86105776587076ba9009cc5572d20c57bd	102fb063	384	0	gba_lz77	384	384	0	streams/0011-LAYOUT_OLDALE_TOWN.lz	
12	LAYOUT_DEWFORD_TOWN	DewfordTown_Layout	emerald	20	20	800	1190	2380	data/layouts/DewfordTown/map.bin	data/layouts/DewfordTown/map.bin	f99942a2f630ca1fc16d7d84f7f831485934962c4477e8b1fa88cfbe30c61f74	c842c48c	800	0	372	eee5e7b3d6e8fe40b13c72753a3820aa67468a24183c3691a7a729db2298763b	2a221103	370	2	gba_lz77	372	372	0	streams/0012-LAYOUT_DEWFORD_TOWN.lz	
13	LAYOUT_LAVARIDGE_TOWN	LavaridgeTown_Layout	emerald	20	20	800	1190	2380	data/layouts/LavaridgeTown/map.bin	data/layouts/LavaridgeTown/map.bin	a1a2850c714eb3da1fd532b2c1dfd80f45d1c6d3a52fd23fe0f0e17547c90be5	bcab0c2c	800	0	476	b3ac099da37b3021ef480c2592c6f16654f4383a2fe19b354820dba4b91db634	e4fd2aa2	475	1	gba_lz77	476	476	0	streams/0013-LAYOUT_LAVARIDGE_TOWN.lz	
14	LAYOUT_FALLARBOR_TOWN	FallarborTown_Layout	emerald	20	20	800	1190	2380	data/layouts/FallarborTown/map.bin	data/layouts/FallarborTown/map.bin	a3f9e2cc31c8e9d0ea8e819dd23c208e20769c308c5356aeedd24debb92c7246	b679896a	800	0	440	ad51cb3d26f8ae838c26e8a00800592a563900ae199b291018f943438927ba66	351e0d9a	438	2	gba_lz77	440	440	0	streams/0014-LAYOUT_FALLARBOR_TOWN.lz	
15	LAYOUT_VERDANTURF_TOWN	VerdanturfTown_Layout	emerald	20	20	800	1190	2380	data/layouts/VerdanturfTown/map.bin	data/layouts/VerdanturfTown/map.bin	1a40e9a8990e3e789b4205e8836b0ab49927c6c3e5dfe36df96c611f323af097	6502c390	800	0	444	ea0afb7e13b866268a3053d2ab75a266f88acbfaa22218465a9ce0b9d6bfad67	9a952a26	442	2	gba_lz77	444	444	0	streams/0015-LAYOUT_VERDANTURF_TOWN.lz	
16	LAYOUT_PACIFIDLOG_TOWN	PacifidlogTown_Layout	emerald	20	40	1600	1890	3780	data/layouts/PacifidlogTown/map.bin	data/layouts/PacifidlogTown/map.bin	f08d44b94a8599621be642381b7f6a74aa7f33efa72c24a4ba92bac3fe79bdf8	29b6cf58	1600	0	504	1eac5fcfb267121bdc1f5287e08af07cbb2af455766155424facfddd7b53bee8	cc68558a	504	0	gba_lz77	504	504	0	streams/0016-LAYOUT_PACIFIDLOG_TOWN.lz	
17	LAYOUT_ROUTE101	Route101_Layout	emerald	20	20	800	1190	2380	data/layouts/Route101/map.bin	data/layouts/Route101/map.bin	134cf07849968c1b3415df2205e5ba771cb26ba5484cc5d78a1e8d76e52f12ed	8f31b701	800	0	296	93b94dc149584a50c25178d26b403ca9149d7c6c88baa27d91ea36dc3f566feb	ce2c08aa	293	3	gba_lz77	296	296	0	streams/0017-LAYOUT_ROUTE101.lz	
18	LAYOUT_ROUTE102	Route102_Layout	emerald	50	20	2000	2210	4420	data/layouts/Route102/map.bin	data/layouts/Route102/map.bin	0bdc71923970bbe8ddaa3bc5793ffbaea0e79c7d08ff14b7aff7ec559570778c	48a20af3	2000	0	508	c8d65fad6117f2e799441ab8d26523d82bdd614e4e96f401627d16d622d63ed3	a8be655d	508	0	gba_lz77	508	508	0	streams/0018-LAYOUT_ROUTE102.lz	
19	LAYOUT_ROUTE103	Route103_Layout	emerald	80	22	3520	3420	6840	data/layouts/Route103/map.bin	data/layouts/Route103/map.bin	e9acf129a6fc0bef6755e6be721887ddcddeb69fe968289d98135e9195a3d837	c6bfaf86	3520	0	960	15e5983df52e54e2dbe24ecbea03c97bf51e6ae2e62a01a7980ceab28d02a026	9c6177fa	957	3	gba_lz77	960	960	0	streams/0019-LAYOUT_ROUTE103.lz	
20	LAYOUT_ROUTE104	Route104_Layout	emerald	40	80	6400	5170	10340	data/layouts/Route104/map.bin	data/layouts/Route104/map.bin	4dcbb4276d1010228e45ebe2dd1e3c9c2bd5843ba127ae108968c646d41f4329	11e16df5	6400	0	1740	f69c6e8bdfa2003a8f86ee77d41704bf143965657beece61585d1b057fbbb18d	4d2ed6bf	1737	3	gba_lz77	1740	1740	0	streams/0020-LAYOUT_ROUTE104.lz	
21	LAYOUT_ROUTE105	Route105_Layout	emerald	40	80	6400	5170	10340	data/layouts/Route105/map.bin	data/layouts/Route105/map.bin	3426db0bbeca5baeb3971d5d60345400d01fff229a60c28ebe3745fd81558b14	a85c25ab	6400	0	1212	3bebe31fb6c0bcbeef8bd9c7ca552ec2c6f0eda9088313461221a7bda1125653	468e4c82	1209	3	gba_lz77	1212	1212	0	streams/0021-LAYOUT_ROUTE105.lz	
22	LAYOUT_ROUTE106	Route106_Layout	emerald	80	20	3200	3230	6460	data/layouts/Route106/map.bin	data/layouts/Route106/map.bin	1b7db80391ceca412e992ad704ccfd8018d3d97a810d4a144033e1193ba67849	75e5b052	3200	0	696	978130a1163c399bb6ae5a5bf8ad9a85bc160bb40d35b43850f3611123685434	239c610e	694	2	gba_lz77	696	696	0	streams/0022-LAYOUT_ROUTE106.lz	
23	LAYOUT_ROUTE107	Route107_Layout	emerald	60	20	2400	2550	5100	data/layouts/Route107/map.bin	data/layouts/Route107/map.bin	af88a3d526aa59d8f263514364c2ae76f333d3e0dc9222c3b1786f10f025e097	d83f91e5	2400	0	560	67baa82e1c832e296171ad7643256037520b1386c907fc25d00c6d9da282a54d	1971bd2b	559	1	gba_lz77	560	560	0	streams/0023-LAYOUT_ROUTE107.lz	
24	LAYOUT_ROUTE108	Route108_Layout	emerald	60	20	2400	2550	5100	data/layouts/Route108/map.bin	data/layouts/Route108/map.bin	ce26f4514773299ca502927ce59fa0fc2b70aba91be665f56c3d3bc8aa0bf886	8c0e85b8	2400	0	556	715687511d7a0222735fb7226f2acbf3135f837ac53d90eeeb09b65f310cc3a3	ceadbfe2	554	2	gba_lz77	556	556	0	streams/0024-LAYOUT_ROUTE108.lz	
25	LAYOUT_ROUTE109	Route109_Layout	emerald	40	63	5040	4235	8470	data/layouts/Route109/map.bin	data/layouts/Route109/map.bin	4f6c0180928cdc3268eaef6331137696f24626c9e618361b937a1d0b9a664d23	6b35050c	5040	0	1064	79ce796b3c8476b338bf00a44ac555b855e0a352080c40e9ca49f45929a30dc2	e1fd5a85	1063	1	gba_lz77	1064	1064	0	streams/0025-LAYOUT_ROUTE109.lz	
26	LAYOUT_ROUTE110	Route110_Layout	emerald	40	100	8000	6270	12540	data/layouts/Route110/map.bin	data/layouts/Route110/map.bin	53c4da783116c4b726989d9ebb872ee4cbfaea1e148b39a4e345471e60a3d6da	bcb72503	8000	0	2452	79259e4d3284693f30c169bf6b23bd5510774128d921ca59f403f327203db7e7	9946d6dd	2450	2	gba_lz77	2452	2452	0	streams/0026-LAYOUT_ROUTE110.lz	
27	LAYOUT_ROUTE111	Route111_Layout	emerald	40	140	11200	8470	16940	data/layouts/Route111/map.bin	data/layouts/Route111/map.bin	d25bb04ec8a68b82f4af9808974187335c67c17443b0b97c46296bd6f2abfd2a	695eb218	11200	0	3576	900a57fd422e1528c27ddc93d5d462b03e1ea618b7df046a40db7caa991caa7b	45ee4006	3573	3	gba_lz77	3576	3576	0	streams/0027-LAYOUT_ROUTE111.lz	
28	LAYOUT_ROUTE112	Route112_Layout	emerald	40	60	4800	4070	8140	data/layouts/Route112/map.bin	data/layouts/Route112/map.bin	f47781dfb67f0661cf8665c39fe7b6d41cde4a59db5652093336a9029dca10d3	a092c5b6	4800	0	1632	08d06b83c4f98ead78829b8bf779d4166da87818a3a5a7c069981a80cd348778	94e7739c	1630	2	gba_lz77	1632	1632	0	streams/0028-LAYOUT_ROUTE112.lz	
29	LAYOUT_ROUTE113	Route113_Layout	emerald	100	20	4000	3910	7820	data/layouts/Route113/map.bin	data/layouts/Route113/map.bin	17f3dcc5809540d6e99068c980c019f4a67241e1fea276714d2f5f9b9689ee6b	9a42a547	4000	0	1164	212c132a3690e04058509b74786731540973adc05e8eb6dbc612f91838050eef	b1e2d870	1161	3	gba_lz77	1164	1164	0	streams/0029-LAYOUT_ROUTE113.lz	
30	LAYOUT_ROUTE114	Route114_Layout	emerald	40	80	6400	5170	10340	data/layouts/Route114/map.bin	data/layouts/Route114/map.bin	2b2c0d6a1bc47c172448db6a9231522d5716d5272ac827dd0fbd23f9798d88d7	b605f51d	6400	0	1980	c80d60b77acdf641a0c10f389dbf1b78bae73bc2388a39ed7093ac7432ef185e	25dc57eb	1978	2	gba_lz77	1980	1980	0	streams/0030-LAYOUT_ROUTE114.lz	
31	LAYOUT_ROUTE115	Route115_Layout	emerald	40	80	6400	5170	10340	data/layouts/Route115/map.bin	data/layouts/Route115/map.bin	5c7cc1c25391885af12d40f67c08e2cb04a9984bf2b7d9a604855d1e85ba10fc	8aa63f03	6400	0	1840	ec2c6ffbcbf166eaf604c822fa57f4c983dc1e94ea61188ef3fc56a903f7f560	261b4883	1838	2	gba_lz77	1840	1840	0	streams/0031-LAYOUT_ROUTE115.lz	
32	LAYOUT_ROUTE116	Route116_Layout	emerald	100	20	4000	3910	7820	data/layouts/Route116/map.bin	data/layouts/Route116/map.bin	c38a1213697a4029db23ead73551a25a5cff0a32460bf422f4bc4378f854a9c8	137bf980	4000	0	1100	3223f39a0a762b3afdf95e3080cdac4d1cb25a156457ad7cc07b32ba64f2b429	63262008	1097	3	gba_lz77	1100	1100	0	streams/0032-LAYOUT_ROUTE116.lz	
33	LAYOUT_ROUTE117	Route117_Layout	emerald	60	20	2400	2550	5100	data/layouts/Route117/map.bin	data/layouts/Route117/map.bin	ba053345af2fadd7d934f8b8d1c896c7b64de7da050a8f399756a682c18324b6	da4fee79	2400	0	848	77fae9ff2149ffbad3a576f8437e1e900b56bfcb364045e535242b4733eb90a1	feffd738	845	3	gba_lz77	848	848	0	streams/0033-LAYOUT_ROUTE117.lz	
34	LAYOUT_ROUTE118	Route118_Layout	emerald	80	20	3200	3230	6460	data/layouts/Route118/map.bin	data/layouts/Route118/map.bin	09f14c4e289b4bbd0629b475564a30e8528458666ee01886479a932604b14c6d	9609d9c2	3200	0	980	d4f2374fd231201b7ea497882e1e2924da5159082fc2120c9f6137da3a06033b	22ffc17b	980	0	gba_lz77	980	980	0	streams/0034-LAYOUT_ROUTE118.lz	
35	LAYOUT_ROUTE119	Route119_Layout	emerald	40	140	11200	8470	16940	data/layouts/Route119/map.bin	data/layouts/Route119/map.bin	f6c948a0fb90925afce408b4bf1742ba56e9e6c95ffb899a348d563d1ba5f47d	ad245ae8	11200	0	3496	b276316b895a61165a1f9b1b3f493fb9b97cce35b88989e4f8039fa593e521b9	817d4a4f	3496	0	gba_lz77	3496	3496	0	streams/0035-LAYOUT_ROUTE119.lz	
36	LAYOUT_ROUTE120	Route120_Layout	emerald	40	100	8000	6270	12540	data/layouts/Route120/map.bin	data/layouts/Route120/map.bin	5a05035e557bc5aa82a66e5817708a6e4d280731938f6b2840eef3a90cae4818	cb76e01b	8000	0	2328	54353a58f85b798e7e3a3fa640b0b0398d81b2d69c845af62e8bc313a7a65367	4712abb2	2328	0	gba_lz77	2328	2328	0	streams/0036-LAYOUT_ROUTE120.lz	
37	LAYOUT_ROUTE121	Route121_Layout	emerald	80	20	3200	3230	6460	data/layouts/Route121/map.bin	data/layouts/Route121/map.bin	d12a569334aa635dcedd83b2ffb19ea49b034a26ad57aa21a6383c84122e4efa	fa17d497	3200	0	936	29b2dacd2d49f9e114e7654aee10b67ba07db9410de4ef9a445e9a0a72b1df27	5c2d70c9	936	0	gba_lz77	936	936	0	streams/0037-LAYOUT_ROUTE121.lz	
38	LAYOUT_ROUTE122	Route122_Layout	emerald	40	40	3200	2970	5940	data/layouts/Route122/map.bin	data/layouts/Route122/map.bin	ae966105f4ec3b21aeb164719f77c28870b49f1ad004af4090570b8bf0156544	73135a26	3200	0	764	22d9293a0e6f1a8ce74ce36d2b90a529ab09f0427e5960423ba3e375bf9d477d	e97cbde2	763	1	gba_lz77	764	764	0	streams/0038-LAYOUT_ROUTE122.lz	
39	LAYOUT_ROUTE123	Route123_Layout	emerald	140	20	5600	5270	10540	data/layouts/Route123/map.bin	data/layouts/Route123/map.bin	18ac219841ec9d2213a788cff291087d81266e8baf8c12e1b8bf5d918d4dc26e	03d5ce09	5600	0	1376	44d672d9bb8e479d5c5209c459458b1012aebe5d4f90b2e69a63c3c7bef37ec5	02832a48	1374	2	gba_lz77	1376	1376	0	streams/0039-LAYOUT_ROUTE123.lz	
40	LAYOUT_ROUTE124	Route124_Layout	emerald	80	80	12800	8930	17860	data/layouts/Route124/map.bin	data/layouts/Route124/map.bin	f0cd92f35880a375cf452fd149f04bd8031d4141d9a10de97fedaaae83c56aad	fe6eb09a	12800	0	2836	3d6dc62ea2581ef17cdedfec0d63d587035d0a6be07aab26ee295c1d503e78c9	95f5d4b2	2836	0	gba_lz77	2836	2836	0	streams/0040-LAYOUT_ROUTE124.lz	
41	LAYOUT_ROUTE125	Route125_Layout	emerald	80	40	6400	5130	10260	data/layouts/Route125/map.bin	data/layouts/Route125/map.bin	4edacf0c5d0ed044b9a265615742186db1c09db559707db4bef81c1aedd9827c	2549f97c	6400	0	1528	20ffe6c61a64d5d86285929f63b50619984a1b8a8e79b69418901ff2e81c7221	fae31030	1525	3	gba_lz77	1528	1528	0	streams/0041-LAYOUT_ROUTE125.lz	
42	LAYOUT_ROUTE126	Route126_Layout	emerald	80	80	12800	8930	17860	data/layouts/Route126/map.bin	data/layouts/Route126/map.bin	f82e44e744e9135417778d9ce02b39d12d050ba8e6033b5891956a3dffbbb082	ea936880	12800	0	3720	8239dde4b76800853e6bd2cbc3ec61103547448b0ee5f382a36fe306601dde5c	214cec11	3717	3	gba_lz77	3720	3720	0	streams/0042-LAYOUT_ROUTE126.lz	
43	LAYOUT_ROUTE127	Route127_Layout	emerald	80	80	12800	8930	17860	data/layouts/Route127/map.bin	data/layouts/Route127/map.bin	b56a8c342a119a825518e6c14d47d63b4fb72374096567cf9a64cf7d6ef7ca19	31b8a341	12800	0	4244	5a25a9e4733f73e672964eda67f367965c4fa9c4cbb844354424ce37c990a8b2	97efc39f	4241	3	gba_lz77	4244	4244	0	streams/0043-LAYOUT_ROUTE127.lz	
44	LAYOUT_ROUTE128	Route128_Layout	emerald	120	40	9600	7290	14580	data/layouts/Route128/map.bin	data/layouts/Route128/map.bin	f954f50b0996ca4c6be9c64ec1ac1a9660a50ed2e3dc554613293bde47ba422e	f93564ee	9600	0	2192	527323b26e9be2720b3504d0aeb72405e72972549e8fe4b41ae53305b230f70d	d0f51895	2191	1	gba_lz77	2192	2192	0	streams/0044-LAYOUT_ROUTE128.lz	
45	LAYOUT_ROUTE129	Route129_Layout	emerald	80	40	6400	5130	10260	data/layouts/Route129/map.bin	data/layouts/Route129/map.bin	8f2667270702eb34efa808dbdafbee4d677e25bb2d89c24b51e577457f1011b6	c4dc7abe	6400	0	1140	368e6b9f1cb8020bd98e8cb8fad9e9689ffcbf59ba5d4f9cc54c5bc10d9c149a	45c7e0e3	1137	3	gba_lz77	1140	1140	0	streams/0045-LAYOUT_ROUTE129.lz	
46	LAYOUT_ROUTE130_MIRAGE_ISLAND	Route130_MirageIsland_Layout	emerald	80	40	6400	5130	10260	data/layouts/Route130_MirageIsland/map.bin	data/layouts/Route130_MirageIsland/map.bin	0b35e2257ed4076c887bb50e95efc4403ba68e18af0aac77a605db4249753363	d866692f	6400	0	1424	719a515fe1a3f166b4f2d95d6b30323579b4dca76db9d37aa158b24ae2bc43cb	f3fdc5ea	1424	0	gba_lz77	1424	1424	0	streams/0046-LAYOUT_ROUTE130_MIRAGE_ISLAND.lz	
47	LAYOUT_ROUTE131	Route131_Layout	emerald	60	40	4800	4050	8100	data/layouts/Route131/map.bin	data/layouts/Route131/map.bin	f37c7300b40969630c780319814cd875f8aad346423be9818a76c6c32e7779d9	757b1c18	4800	0	940	a11d7077e747c901803eaf0f3dfab97139a31e4dc79bf1efc6f08d7721a2cb5d	9bbfdcf3	938	2	gba_lz77	940	940	0	streams/0047-LAYOUT_ROUTE131.lz	
48	LAYOUT_ROUTE132	Route132_Layout	emerald	80	40	6400	5130	10260	data/layouts/Route132/map.bin	data/layouts/Route132/map.bin	8b93fce8aa8111d6d117c0f0fcf35acbcc4ee87ec0ecfbf9c7b181d4894f338b	b1597be4	6400	0	1512	ff1a813a0e31e499a4b817150fb90dd81ffd5df0b36a7bafb91cd5de2fe2d085	1b97fd30	1510	2	gba_lz77	1512	1512	0	streams/0048-LAYOUT_ROUTE132.lz	
49	LAYOUT_ROUTE133	Route133_Layout	emerald	80	40	6400	5130	10260	data/layouts/Route133/map.bin	data/layouts/Route133/map.bin	c638698574ccacfe01c6b87cf57a602b756341216cec4130b788719e94edd5d3	68a89e50	6400	0	1340	8d950fef608ade460d3ff85aa753ccf6ecb23ccaebb51c9fc9b5a7c59676b132	2771c86c	1340	0	gba_lz77	1340	1340	0	streams/0049-LAYOUT_ROUTE133.lz	
50	LAYOUT_ROUTE134	Route134_Layout	emerald	80	40	6400	5130	10260	data/layouts/Route134/map.bin	data/layouts/Route134/map.bin	2a6662269fb0472a8df1401c36adb0437b053bce7156d251d75e46f8dbcf3237	204c8042	6400	0	1312	aed64d4ca7dda1968479550f4b3b7fb5dac903273f584d302f8c352014b8d6c9	acfb4ce6	1310	2	gba_lz77	1312	1312	0	streams/0050-LAYOUT_ROUTE134.lz	
51	LAYOUT_UNDERWATER_ROUTE126	Underwater_Route126_Layout	emerald	80	80	12800	8930	17860	data/layouts/Underwater_Route126/map.bin	data/layouts/Underwater_Route126/map.bin	fcd09e9fb1304e0b6107b953da9e7812c70d27f09e932b875574c3105ccbf1b5	2f607819	12800	0	2228	75672308f36e002a4283bb4fb69afc0e1fa5dd08f31ef18ee213a40684c28ff9	6a2d820b	2227	1	gba_lz77	2228	2228	0	streams/0051-LAYOUT_UNDERWATER_ROUTE126.lz	
52	LAYOUT_UNDERWATER_ROUTE127	Underwater_Route127_Layout	emerald	80	80	12800	8930	17860	data/layouts/Underwater_Route127/map.bin	data/layouts/Underwater_Route127/map.bin	a92002ce4d24f77df13e9146ea0d0097a57e36057661e780777ce48f60bcc745	fd15aef2	12800	0	2940	2c120bbf585f356729510f8a6607f090975e83a01c9a471b978f6a754a0a7578	6acf3df6	2940	0	gba_lz77	2940	2940	0	streams/0052-LAYOUT_UNDERWATER_ROUTE127.lz	
53	LAYOUT_UNDERWATER_ROUTE128	Underwater_Route128_Layout	emerald	120	40	9600	7290	14580	data/layouts/Underwater_Route128/map.bin	data/layouts/Underwater_Route128/map.bin	95aaf886005101d9f791e0667a88080533705e90e7ce88e516d4a4a5857d1bdc	bf3b110f	9600	0	1908	6c9fd485994dd84c196e44041c6858ea2a2827231f3d0468363cff424cab22a3	2c9c01c9	1905	3	gba_lz77	1908	1908	0	streams/0053-LAYOUT_UNDERWATER_ROUTE128.lz	
54	LAYOUT_LITTLEROOT_TOWN_BRENDANS_HOUSE_1F	LittlerootTown_BrendansHouse_1F_Layout	emerald	11	9	198	598	1196	data/layouts/LittlerootTown_BrendansHouse_1F/map.bin	data/layouts/LittlerootTown_BrendansHouse_1F/map.bin	2bda1ad1bb54eb050fb2140c7a1a9454797992ceedeff0b8ce267b11b9d9b758	e91f2516	198	0	172	9ad00b785e3d42c6ee46d0bbbf0700cb80e2c9929c6baaff959e4a9b8f06c50b	4d3f5bed	169	3	gba_lz77	172	172	0	streams/0054-LAYOUT_LITTLEROOT_TOWN_BRENDANS_HOUSE_1F.lz	
55	LAYOUT_LITTLEROOT_TOWN_BRENDANS_HOUSE_2F	LittlerootTown_BrendansHouse_2F_Layout	emerald	9	8	144	528	1056	data/layouts/LittlerootTown_BrendansHouse_2F/map.bin	data/layouts/LittlerootTown_BrendansHouse_2F/map.bin	112f73b62a84f4d870b45dc8c90918fc74851bf7643628cf70a229588a21b02c	d3f7de3e	144	0	132	5860c62846b37867664ddea5dd90874665f15d3ff9a95946e4b805111f6184bc	e04d23b5	129	3	gba_lz77	132	132	0	streams/0055-LAYOUT_LITTLEROOT_TOWN_BRENDANS_HOUSE_2F.lz	
56	LAYOUT_LITTLEROOT_TOWN_MAYS_HOUSE_1F	LittlerootTown_MaysHouse_1F_Layout	emerald	11	9	198	598	1196	data/layouts/LittlerootTown_MaysHouse_1F/map.bin	data/layouts/LittlerootTown_MaysHouse_1F/map.bin	a6c742939e54c73fe9b08e584e3531b174eec6845bdb7a26cd7f4a30d5f82605	a07f1171	198	0	152	d75b94370c1cbdc16489958d36c519470171ac32b51810a3d47590341dea732c	17dcfa9f	150	2	gba_lz77	152	152	0	streams/0056-LAYOUT_LITTLEROOT_TOWN_MAYS_HOUSE_1F.lz	
57	LAYOUT_LITTLEROOT_TOWN_MAYS_HOUSE_2F	LittlerootTown_MaysHouse_2F_Layout	emerald	9	8	144	528	1056	data/layouts/LittlerootTown_MaysHouse_2F/map.bin	data/layouts/LittlerootTown_MaysHouse_2F/map.bin	6c69c9a3705243ab43daa3817d007592b67894562a9dfbc0edfd7abbfde56ab9	bbc06d75	144	0	128	0070171e3841c09039052e69c5e583d91ea3a7435cd4322f617cabbb23984f1d	3ff5a1e4	128	0	gba_lz77	128	128	0	streams/0057-LAYOUT_LITTLEROOT_TOWN_MAYS_HOUSE_2F.lz	
58	LAYOUT_LITTLEROOT_TOWN_PROFESSOR_BIRCHS_LAB	LittlerootTown_ProfessorBirchsLab_Layout	emerald	13	13	338	756	1512	data/layouts/LittlerootTown_ProfessorBirchsLab/map.bin	data/layouts/LittlerootTown_ProfessorBirchsLab/map.bin	dfb4b37b84e99ae5b82f822bdeb16db665ba7048acd2513522efd7d0fd776f7a	a5b1f57a	338	0	224	e11a35bfabba5d696af6378169bc269094c47201a2355ef05ef3deb38d1c2897	52d9d863	223	1	gba_lz77	224	224	0	streams/0058-LAYOUT_LITTLEROOT_TOWN_PROFESSOR_BIRCHS_LAB.lz	
59	LAYOUT_HOUSE1	House1_Layout	emerald	10	9	180	575	1150	data/layouts/House1/map.bin	data/layouts/House1/map.bin	9d5aca59ce1da85b17a8cbf691dd0197c483e5773d8516248977989afbb37b63	c37c54c6	180	0	124	7852133401b67ea4a0f6adf3ed7d5c4cbd363e725c46db90bd1e06f712c086b2	e54d12d0	121	3	gba_lz77	124	124	0	streams/0059-LAYOUT_HOUSE1.lz	
60	LAYOUT_HOUSE2	House2_Layout	emerald	11	8	176	572	1144	data/layouts/House2/map.bin	data/layouts/House2/map.bin	abbbb3ae0dde23f48f41faac137e9533b6095a9f3c69ce2817f459d4dad0fe50	a78bf1dc	176	0	108	d3ef18d3616c9fe8466150bef44beb6d85e8b9c82477265cfc668eb9a567aa7c	ee086c22	106	2	gba_lz77	108	108	0	streams/0060-LAYOUT_HOUSE2.lz	
61	LAYOUT_POKEMON_CENTER_1F	PokemonCenter_1F_Layout	emerald	14	9	252	667	1334	data/layouts/PokemonCenter_1F/map.bin	data/layouts/PokemonCenter_1F/map.bin	e17f23a18cd85fe575d260eac560469e860217dec9d3c5b3cae3232cab0be005	2d8a0080	252	0	232	8f4a4414e98f060cb3dcc56da0825c848c345d6b834f56e30cd1eac7e66c9b16	5c71dbec	229	3	gba_lz77	232	232	0	streams/0061-LAYOUT_POKEMON_CENTER_1F.lz	
62	LAYOUT_POKEMON_CENTER_2F	PokemonCenter_2F_Layout	emerald	14	10	280	696	1392	data/layouts/PokemonCenter_2F/map.bin	data/layouts/PokemonCenter_2F/map.bin	a0c9ecf69e7faa2d66fd719bc2d1167bd520d78ef7660b858f950d68a0b108f5	0000b46a	280	0	204	18607a4c3ce5e33ddeccc7a62fcd31ba8cb78560ec8ebf1b19c6a4de8e4eee8a	75687df3	204	0	gba_lz77	204	204	0	streams/0062-LAYOUT_POKEMON_CENTER_2F.lz	
63	LAYOUT_MART	Mart_Layout	emerald	11	8	176	572	1144	data/layouts/Mart/map.bin	data/layouts/Mart/map.bin	50deb49ef212cc13b10167c264e9b7621230fc819aff97a777ad252d96a05a9f	b9f4eb33	176	0	136	0d3e6936af18a5942f6508def8e3921a2485ede7053078fc7286894ed7096ba7	be8cb8fe	133	3	gba_lz77	136	136	0	streams/0063-LAYOUT_MART.lz	
64	LAYOUT_HOUSE3	House3_Layout	emerald	10	8	160	550	1100	data/layouts/House3/map.bin	data/layouts/House3/map.bin	ea0e7ddf63090f3fb8c0e1caaa0574a2c82d919df9032dc23a52fe4b5d0a0991	6f5be3d3	160	0	116	e404a1dde2fa2cfc548fdacb875197194aef5cedf8ddb2cf19af634757410a3d	dc44fcc8	114	2	gba_lz77	116	116	0	streams/0064-LAYOUT_HOUSE3.lz	
65	LAYOUT_DEWFORD_TOWN_GYM	DewfordTown_Gym_Layout	emerald	18	28	1008	1386	2772	data/layouts/DewfordTown_Gym/map.bin	data/layouts/DewfordTown_Gym/map.bin	b4b06558fc3ada623e51389ea679dae72c17cf8111b6054c7b2436a4dff09d9e	af92702a	1008	0	512	bffa7f4ddbc9ecdf67e9db58082677b254e93450187511701fa1b90815885a51	6e657f46	510	2	gba_lz77	512	512	0	streams/0065-LAYOUT_DEWFORD_TOWN_GYM.lz	
66	LAYOUT_DEWFORD_TOWN_HALL	DewfordTown_Hall_Layout	emerald	17	9	306	736	1472	data/layouts/DewfordTown_Hall/map.bin	data/layouts/DewfordTown_Hall/map.bin	77551678c783d4c2d57260db7005152d1c8f1067eaedfe5aca346985ba1b9c28	7c6496e8	306	0	192	1f859b47e972a2ba9da6d55e9f3f5bc1f99b2e9005dc57dd5490f24cb56faf6f	e61c5e66	189	3	gba_lz77	192	192	0	streams/0066-LAYOUT_DEWFORD_TOWN_HALL.lz	
67	LAYOUT_HOUSE4	House4_Layout	emerald	10	9	180	575	1150	data/layouts/House4/map.bin	data/layouts/House4/map.bin	14f3952380e07d27630fd66c6a7c30ce3389d0a39e607168c956923759a8ba14	439c45e2	180	0	116	b9f3ddd51c0684922df210424069cb02fde5f4f62abfe2c91fb022077cc20d2a	a5939ac4	113	3	gba_lz77	116	116	0	streams/0067-LAYOUT_HOUSE4.lz	
68	LAYOUT_LAVARIDGE_TOWN_HERB_SHOP	LavaridgeTown_HerbShop_Layout	emerald	11	8	176	572	1144	data/layouts/LavaridgeTown_HerbShop/map.bin	data/layouts/LavaridgeTown_HerbShop/map.bin	f92dc0db783a41951076baa3bc128a9a085a2520b12ab32498fae7c5f16244c4	1cbff6dc	176	0	112	d3272ee68635e9c4c010fadd9f1295991ed520f10f141bf24c72656e5ac9658f	947d019e	109	3	gba_lz77	112	112	0	streams/0068-LAYOUT_LAVARIDGE_TOWN_HERB_SHOP.lz	
69	LAYOUT_LAVARIDGE_TOWN_GYM_1F	LavaridgeTown_Gym_1F_Layout	emerald	17	19	646	1056	2112	data/layouts/LavaridgeTown_Gym_1F/map.bin	data/layouts/LavaridgeTown_Gym_1F/map.bin	7e802f74bd6b0e527c0322200d55c50532be0e2b3ec29ed2f9aeecc92ab27af9	de6db245	646	0	212	31f461216b6bd55781a90f92de2d31d77a6bb5687b08a184870200daac5b7c8a	dac8008d	209	3	gba_lz77	212	212	0	streams/0069-LAYOUT_LAVARIDGE_TOWN_GYM_1F.lz	
70	LAYOUT_LAVARIDGE_TOWN_GYM_B1F	LavaridgeTown_Gym_B1F_Layout	emerald	17	19	646	1056	2112	data/layouts/LavaridgeTown_Gym_B1F/map.bin	data/layouts/LavaridgeTown_Gym_B1F/map.bin	d50a38bc4d0a3a38bf1a5866277dba9ef41e43d65c78f24a03ba219b9d8262c8	85c81064	646	0	216	b3a33b286009af7bcdb61567eede2dce86eef5381bad6a6a2c1a0f3ed32e7174	ab8512d8	213	3	gba_lz77	216	216	0	streams/0070-LAYOUT_LAVARIDGE_TOWN_GYM_B1F.lz	
71	LAYOUT_LAVARIDGE_TOWN_POKEMON_CENTER_1F	LavaridgeTown_PokemonCenter_1F_Layout	emerald	14	9	252	667	1334	data/layouts/LavaridgeTown_PokemonCenter_1F/map.bin	data/layouts/LavaridgeTown_PokemonCenter_1F/map.bin	54b5b40a07a8918269eae2e7717a2aedd6a1158020787d217a9d5466713252b1	5b7c7ac4	252	0	228	a2b1a046debdbb6b6a244106199dcbef02bd56a2ca801faba1f3771b55d7fb3e	97c547d7	228	0	gba_lz77	228	228	0	streams/0071-LAYOUT_LAVARIDGE_TOWN_POKEMON_CENTER_1F.lz	
72	LAYOUT_FALLARBOR_TOWN_LEFTOVER_RSCONTEST_LOBBY	FallarborTown_LeftoverRSContestLobby_Layout	emerald	15	7	210	630	1260	data/layouts/FallarborTown_LeftoverRSContestLobby/map.bin	data/layouts/FallarborTown_LeftoverRSContestLobby/map.bin	d3be4c53e90126deef9de4708bfa9473eb839e568bec9e89dce85f3e1e2a6125	818642dd	210	0	144	ba8581dd10106b40a65551e8f704f17de1853239382ee1a1f8132b3b388d57be	14f8f812	141	3	gba_lz77	144	144	0	streams/0072-LAYOUT_FALLARBOR_TOWN_LEFTOVER_RSCONTEST_LOBBY.lz	
73	LAYOUT_FALLARBOR_TOWN_LEFTOVER_RSCONTEST_HALL	FallarborTown_LeftoverRSContestHall_Layout	emerald	21	18	756	1152	2304	data/layouts/FallarborTown_LeftoverRSContestHall/map.bin	data/layouts/FallarborTown_LeftoverRSContestHall/map.bin	f44d248447b820dc738adffea0f0050189f5d6bebea33aebd87e800d6b783ac6	fca464c5	756	0	244	d1c05030a7c7babfd1263bb22798e311866702c9d4eae8b4d60bac81575d3527	8159c78b	244	0	gba_lz77	244	244	0	streams/0073-LAYOUT_FALLARBOR_TOWN_LEFTOVER_RSCONTEST_HALL.lz	
74	LAYOUT_LILYCOVE_CITY_HOUSE2	LilycoveCity_House2_Layout	emerald	8	8	128	506	1012	data/layouts/LilycoveCity_House2/map.bin	data/layouts/LilycoveCity_House2/map.bin	6287b1347c88919f19f3dae4b1d30ede8de596f136c455b3a483f2afe70a730d	70a4fe32	128	0	104	697214224e60db7e6ad3aa06847985ad46dfdf666bbb48012017fb2fd7dd0e55	02992d50	101	3	gba_lz77	104	104	0	streams/0074-LAYOUT_LILYCOVE_CITY_HOUSE2.lz	
75	LAYOUT_UNUSED_CONTEST_ROOM1	UnusedContestRoom1_Layout	emerald	1	1	2	240	480	data/layouts/UnusedContestRoom1/map.bin	data/layouts/UnusedContestRoom1/map.bin	18ff0eb89a3259344d5768002e0fdc3ac5ba60c0641adc8b40a8dfa5ac1da92d	87ba2cec	4	2	12	814a6bb13f2fa963f34e2590f67faf0d2690d21fc2068c5c8db28945cbae8165	17444602	9	3	raw	4	4	0		
76	LAYOUT_VERDANTURF_TOWN_WANDAS_HOUSE	VerdanturfTown_WandasHouse_Layout	emerald	17	8	272	704	1408	data/layouts/VerdanturfTown_WandasHouse/map.bin	data/layouts/VerdanturfTown_WandasHouse/map.bin	cfc9d2a0923025f21d5feacbdbd0665f10bb781a34b9ed17f28ee7f9e918f738	05b3928b	272	0	200	d5068d7b9017b39cced095405e8c023e5e156e8885460ce4e110e755bb7473c0	0b84fa5c	199	1	gba_lz77	200	200	0	streams/0076-LAYOUT_VERDANTURF_TOWN_WANDAS_HOUSE.lz	
77	LAYOUT_PACIFIDLOG_TOWN_HOUSE1	PacifidlogTown_House1_Layout	emerald	10	9	180	575	1150	data/layouts/PacifidlogTown_House1/map.bin	data/layouts/PacifidlogTown_House1/map.bin	16a09b0a2ae5b001dbec6a70d4f86204cfa1e75155e7e77ef359e6799f66beed	9c79dc9d	180	0	136	7cfd327321daf82b4cd993cd4fc07d3d429181b39bbbb14d5610a33c77f97352	c13778b0	133	3	gba_lz77	136	136	0	streams/0077-LAYOUT_PACIFIDLOG_TOWN_HOUSE1.lz	
78	LAYOUT_PACIFIDLOG_TOWN_HOUSE2	PacifidlogTown_House2_Layout	emerald	10	9	180	575	1150	data/layouts/PacifidlogTown_House2/map.bin	data/layouts/PacifidlogTown_House2/map.bin	238b6733634eb7504111aa555a0db36341a7887802e9a2be85ea81cc4d501678	5fedc782	180	0	140	fabe0d96b88afc0327af01d1a420573a2a66a0e7d80568d2396fb3a5965a1231	747df2fb	137	3	gba_lz77	140	140	0	streams/0078-LAYOUT_PACIFIDLOG_TOWN_HOUSE2.lz	
79	LAYOUT_PETALBURG_CITY_GYM	PetalburgCity_Gym_Layout	emerald	9	112	2016	3024	6048	data/layouts/PetalburgCity_Gym/map.bin	data/layouts/PetalburgCity_Gym/map.bin	b75cd4f08b42faf760a95d2610fa8be868e47d37eb8d0c55ab6724ffc45883db	44d330e0	2016	0	628	33d023263c61df9a209737fa2d734eaabcca76aeaab7e0559a0112eceef58037	f8360ffa	627	1	gba_lz77	628	628	0	streams/0079-LAYOUT_PETALBURG_CITY_GYM.lz	
80	LAYOUT_HOUSE_WITH_BED	HouseWithBed_Layout	emerald	10	8	160	550	1100	data/layouts/HouseWithBed/map.bin	data/layouts/HouseWithBed/map.bin	41b583aabcaa7f63be730c940faee672b8ea3e1249938857f3d290e0dfebe8d7	ca34f2da	160	0	88	c345598f41099b55367ebb0eba6e323f6e47f5017dbd67569eac032bf136ecfe	e021768a	88	0	gba_lz77	88	88	0	streams/0080-LAYOUT_HOUSE_WITH_BED.lz	
81	LAYOUT_SLATEPORT_CITY_STERNS_SHIPYARD_1F	SlateportCity_SternsShipyard_1F_Layout	emerald	21	15	630	1044	2088	data/layouts/SlateportCity_SternsShipyard_1F/map.bin	data/layouts/SlateportCity_SternsShipyard_1F/map.bin	fcd427b02daa332fc585ffefb3e0f148abc01e70325344734645d988a424bc81	33b53829	630	0	376	adb1c81673751612d81ea07eeac7a1afd8cce9f4db026758c19a5f849b90c497	4df406c3	375	1	gba_lz77	376	376	0	streams/0081-LAYOUT_SLATEPORT_CITY_STERNS_SHIPYARD_1F.lz	
82	LAYOUT_SLATEPORT_CITY_STERNS_SHIPYARD_2F	SlateportCity_SternsShipyard_2F_Layout	emerald	17	15	510	928	1856	data/layouts/SlateportCity_SternsShipyard_2F/map.bin	data/layouts/SlateportCity_SternsShipyard_2F/map.bin	d4b8d2fe40c87032e90fd4dbe77ab8f9c7eb8ee6339b7af0f55e346120175f04	bc99f514	510	0	268	4adddb8ffce2a3396318ebe28c371c940ce43647d7e0f9c84cd724acbc6a404a	49367669	267	1	gba_lz77	268	268	0	streams/0082-LAYOUT_SLATEPORT_CITY_STERNS_SHIPYARD_2F.lz	
83	LAYOUT_UNUSED_CONTEST_ROOM2	UnusedContestRoom2_Layout	emerald	1	1	2	240	480	data/layouts/UnusedContestRoom2/map.bin	data/layouts/UnusedContestRoom2/map.bin	e0b47af9a746b3bdbf3c4d4e580d0cc10fa86b5716f5f634322353eb3d0b698f	39c52b0d	4	2	12	33b6545057f0c92ae55a776aba88c893224d1f3535eccaae8c681281cba58bd7	309f0641	9	3	raw	4	4	0		
84	LAYOUT_UNUSED_CONTEST_ROOM3	UnusedContestRoom3_Layout	emerald	1	1	2	240	480	data/layouts/UnusedContestRoom3/map.bin	data/layouts/UnusedContestRoom3/map.bin	18ff0eb89a3259344d5768002e0fdc3ac5ba60c0641adc8b40a8dfa5ac1da92d	87ba2cec	4	2	12	814a6bb13f2fa963f34e2590f67faf0d2690d21fc2068c5c8db28945cbae8165	17444602	9	3	raw	4	4	0		
85	LAYOUT_SLATEPORT_CITY_POKEMON_FAN_CLUB	SlateportCity_PokemonFanClub_Layout	emerald	14	11	308	725	1450	data/layouts/SlateportCity_PokemonFanClub/map.bin	data/layouts/SlateportCity_PokemonFanClub/map.bin	7f371c04fd973e0e109787462f2f528f901e3fa030b1cf283cf2733316e5681b	70037063	308	0	216	466fffa5715a99b94944d090a213ae8eab038822d9acaf34476f0a1dce912270	582cb159	214	2	gba_lz77	216	216	0	streams/0085-LAYOUT_SLATEPORT_CITY_POKEMON_FAN_CLUB.lz	
86	LAYOUT_SLATEPORT_CITY_OCEANIC_MUSEUM_1F	SlateportCity_OceanicMuseum_1F_Layout	emerald	20	9	360	805	1610	data/layouts/SlateportCity_OceanicMuseum_1F/map.bin	data/layouts/SlateportCity_OceanicMuseum_1F/map.bin	c469fe853404f430fc5a7a268122962ef16c0af90cb557e71036639199d8f88d	3f3b5ed0	360	0	184	38ddda9ec75454b80143425cc07ded288ff35b7ffeca09886e3c71be6c9f1abb	dda3fbe2	182	2	gba_lz77	184	184	0	streams/0086-LAYOUT_SLATEPORT_CITY_OCEANIC_MUSEUM_1F.lz	
87	LAYOUT_SLATEPORT_CITY_OCEANIC_MUSEUM_2F	SlateportCity_OceanicMuseum_2F_Layout	emerald	20	9	360	805	1610	data/layouts/SlateportCity_OceanicMuseum_2F/map.bin	data/layouts/SlateportCity_OceanicMuseum_2F/map.bin	2657da4b3d4ecd7f1e62ebec37053c3e95cc3f3e3d9e5739c3887edae1c282cb	27065e06	360	0	208	05ac7b1123479772b89f0c3baf3b63adf3dd2d187d7051ddc43f16f98f89264f	b1f05c99	208	0	gba_lz77	208	208	0	streams/0087-LAYOUT_SLATEPORT_CITY_OCEANIC_MUSEUM_2F.lz	
88	LAYOUT_HARBOR	Harbor_Layout	emerald	24	15	720	1131	2262	data/layouts/Harbor/map.bin	data/layouts/Harbor/map.bin	ec418c60c4f5cac3eb4ee9e2a29e1f48709e552411f67086a5352945001afcbc	af9c8633	720	0	208	b517df0a574e77c89932e8fea65aa79153acf137a947416f1d4ea7f960d9baa1	7e6613d9	207	1	gba_lz77	208	208	0	streams/0088-LAYOUT_HARBOR.lz	
89	LAYOUT_MAUVILLE_CITY_GYM	MauvilleCity_Gym_Layout	emerald	10	21	420	875	1750	data/layouts/MauvilleCity_Gym/map.bin	data/layouts/MauvilleCity_Gym/map.bin	bde3a68a66cd1633838d4361d8439c155532d1666d4e8d33c065c2add372944f	0022ae75	420	0	252	91491ab1f1f3b936b9c1cc1881b664c251c9e09cbbbc001bb2defd4cc53f7f0c	fdebf040	251	1	gba_lz77	252	252	0	streams/0089-LAYOUT_MAUVILLE_CITY_GYM.lz	
90	LAYOUT_MAUVILLE_CITY_BIKE_SHOP	MauvilleCity_BikeShop_Layout	emerald	12	9	216	621	1242	data/layouts/MauvilleCity_BikeShop/map.bin	data/layouts/MauvilleCity_BikeShop/map.bin	fc4ed31e1ef7ec6a7a0f0026613fa5f1a219b0500015fc07aeedbe9b47668224	18b60b70	216	0	196	07e616b9194fc48c87f5c72eb1f257068f5fd03e02483247f3891260180e59d3	0bf5edbc	193	3	gba_lz77	196	196	0	streams/0090-LAYOUT_MAUVILLE_CITY_BIKE_SHOP.lz	
91	LAYOUT_MAUVILLE_CITY_GAME_CORNER	MauvilleCity_GameCorner_Layout	emerald	22	11	484	925	1850	data/layouts/MauvilleCity_GameCorner/map.bin	data/layouts/MauvilleCity_GameCorner/map.bin	1fadfc745b471752e85611c6067091f416b3a20aa16ff2ea1aae59e441db5502	198cc740	484	0	252	32b2689c33522f398c41c063571e9624f8d467f3d5527949be9984fa13262d5c	500fee06	251	1	gba_lz77	252	252	0	streams/0091-LAYOUT_MAUVILLE_CITY_GAME_CORNER.lz	
92	LAYOUT_RUSTBORO_CITY_DEVON_CORP_1F	RustboroCity_DevonCorp_1F_Layout	emerald	19	9	342	782	1564	data/layouts/RustboroCity_DevonCorp_1F/map.bin	data/layouts/RustboroCity_DevonCorp_1F/map.bin	4c5ad76bd2fb5a4d65914978338551c240f2e966c6f8f5a91346db1118bf6cbc	fd625094	342	0	164	d292f58f0bce9f9320be0965f6cfc54e812d0cda56798158e17dbe1094dc5087	327bef6f	162	2	gba_lz77	164	164	0	streams/0092-LAYOUT_RUSTBORO_CITY_DEVON_CORP_1F.lz	
93	LAYOUT_RUSTBORO_CITY_DEVON_CORP_2F	RustboroCity_DevonCorp_2F_Layout	emerald	19	9	342	782	1564	data/layouts/RustboroCity_DevonCorp_2F/map.bin	data/layouts/RustboroCity_DevonCorp_2F/map.bin	2b6356ff72f7a014080fb98be0a9d59f7c8ecb16264af571d41436d82efec11e	9357f99d	342	0	132	25876630a4d36dfbe7da196db5485e8a0f09276682004f267c45aa6f796e9f37	9f6f4efc	132	0	gba_lz77	132	132	0	streams/0093-LAYOUT_RUSTBORO_CITY_DEVON_CORP_2F.lz	
94	LAYOUT_RUSTBORO_CITY_GYM	RustboroCity_Gym_Layout	emerald	11	20	440	884	1768	data/layouts/RustboroCity_Gym/map.bin	data/layouts/RustboroCity_Gym/map.bin	34614016aaf5d34efa931d3a5df1041c19d61077fab17526f408137a11cdd6ac	c9a7a314	440	0	244	352e51caa73458582332d1c9f34450da9f18ca4bd46370c4f3c6fd425e426a88	42d09d3e	244	0	gba_lz77	244	244	0	streams/0094-LAYOUT_RUSTBORO_CITY_GYM.lz	
95	LAYOUT_RUSTBORO_CITY_POKEMON_SCHOOL	RustboroCity_PokemonSchool_Layout	emerald	12	11	264	675	1350	data/layouts/RustboroCity_PokemonSchool/map.bin	data/layouts/RustboroCity_PokemonSchool/map.bin	b4ce6dace7f5ff2916bf8f5eae9204445becb55b177f91bd14dcc7845f0702ac	872a5c5f	264	0	144	c7c805a0df37a3c8867414e9e8dbb71c42f9ab2866b5fb85df49d65810d77348	8116f3e2	142	2	gba_lz77	144	144	0	streams/0095-LAYOUT_RUSTBORO_CITY_POKEMON_SCHOOL.lz	
96	LAYOUT_RUSTBORO_CITY_HOUSE	RustboroCity_House_Layout	emerald	12	9	216	621	1242	data/layouts/RustboroCity_House/map.bin	data/layouts/RustboroCity_House/map.bin	27d332581f7f6492594494d6a561754503e1e9fe4d36adc9320111edb22a5aca	165905ae	216	0	140	487566d913db2d04b8472dd10906b4f11a4d02356f00e5baed011f8a575a2557	5f04a36c	138	2	gba_lz77	140	140	0	streams/0096-LAYOUT_RUSTBORO_CITY_HOUSE.lz	
97	LAYOUT_RUSTBORO_CITY_HOUSE1	RustboroCity_House1_Layout	emerald	13	8	208	616	1232	data/layouts/RustboroCity_House1/map.bin	data/layouts/RustboroCity_House1/map.bin	4a2c27931c939cc5091a6d74a3c250c0eedfb73a0e41e4fb6b95b9f292409f6b	7fee3a05	208	0	144	e386e06aea812db0aa67ade183d38cffe906f8fb45ca2f5b0ecf31671b309e57	b96ee842	143	1	gba_lz77	144	144	0	streams/0097-LAYOUT_RUSTBORO_CITY_HOUSE1.lz	
98	LAYOUT_RUSTBORO_CITY_CUTTERS_HOUSE	RustboroCity_CuttersHouse_Layout	emerald	11	9	198	598	1196	data/layouts/RustboroCity_CuttersHouse/map.bin	data/layouts/RustboroCity_CuttersHouse/map.bin	0473ea5f7bfc8f5ff9f62ee6427c10c6f749b650484efb5c6615428904abd915	130f3fe3	198	0	136	af7e4c54ff9672efd463223d03c7b2e339c342ae5352737ade84578e2bca80d5	c237681e	134	2	gba_lz77	136	136	0	streams/0098-LAYOUT_RUSTBORO_CITY_CUTTERS_HOUSE.lz	
99	LAYOUT_FORTREE_CITY_HOUSE1	FortreeCity_House1_Layout	emerald	8	6	96	460	920	data/layouts/FortreeCity_House1/map.bin	data/layouts/FortreeCity_House1/map.bin	da3bfdfb3486cbf649affe22c8f3fa00e70e13fe4fd7bf1061d3661ded29c999	dc4d9557	96	0	72	066e7d52dc61229f17bbcc723b27ecf9e774d503bc8debb10fa4d595aa48e38e	93d83f83	72	0	gba_lz77	72	72	0	streams/0099-LAYOUT_FORTREE_CITY_HOUSE1.lz	
100	LAYOUT_FORTREE_CITY_GYM	FortreeCity_Gym_Layout	emerald	20	25	1000	1365	2730	data/layouts/FortreeCity_Gym/map.bin	data/layouts/FortreeCity_Gym/map.bin	650a69e942297e0bb4f35256f819a51cbb75778299368c684340167a49d2b7fb	c83c1dd0	1000	0	512	d78b1ab308f7802cfd8b194489ad49312e9fd99173c4375e02dec4f6c0c04c64	60989b1c	509	3	gba_lz77	512	512	0	streams/0100-LAYOUT_FORTREE_CITY_GYM.lz	
101	LAYOUT_FORTREE_CITY_HOUSE2	FortreeCity_House2_Layout	emerald	8	6	96	460	920	data/layouts/FortreeCity_House2/map.bin	data/layouts/FortreeCity_House2/map.bin	b48b7b96f13cc419951bc65089a9a4b81fb15dcc1b3f61c08c3b7ab93c4771f3	ed10df5f	96	0	80	d5715b3b8ab71138cf769af2baa372c007ef82ddfdab0faa76708b9837a726b1	dca0c67c	79	1	gba_lz77	80	80	0	streams/0101-LAYOUT_FORTREE_CITY_HOUSE2.lz	
102	LAYOUT_ROUTE104_MR_BRINEYS_HOUSE	Route104_MrBrineysHouse_Layout	emerald	12	9	216	621	1242	data/layouts/Route104_MrBrineysHouse/map.bin	data/layouts/Route104_MrBrineysHouse/map.bin	da5230509e52a2bc29ff88616986a29f811e6aab15b5132f7ad61004d5ca04d2	b05205d5	216	0	132	b2d45ec22519d907199cf9e72ff495fefb589314798c05cf635e970107f8ee0e	f86f5e4f	129	3	gba_lz77	132	132	0	streams/0102-LAYOUT_ROUTE104_MR_BRINEYS_HOUSE.lz	
103	LAYOUT_LILYCOVE_CITY_LILYCOVE_MUSEUM_1F	LilycoveCity_LilycoveMuseum_1F_Layout	emerald	21	14	588	1008	2016	data/layouts/LilycoveCity_LilycoveMuseum_1F/map.bin	data/layouts/LilycoveCity_LilycoveMuseum_1F/map.bin	6356bb1f2530472ccba1b2708f28669227a67b15aa83294869d8b1b14a822576	d002e513	588	0	276	d80532f2e16d9b54b737a320118a949e506d7d4b09182c9503f2ec326d068cfe	68e7e4a5	274	2	gba_lz77	276	276	0	streams/0103-LAYOUT_LILYCOVE_CITY_LILYCOVE_MUSEUM_1F.lz	
104	LAYOUT_LILYCOVE_CITY_LILYCOVE_MUSEUM_2F	LilycoveCity_LilycoveMuseum_2F_Layout	emerald	22	13	572	999	1998	data/layouts/LilycoveCity_LilycoveMuseum_2F/map.bin	data/layouts/LilycoveCity_LilycoveMuseum_2F/map.bin	238ba00ec625402d3da640e9bf78c0f2424f6655f070c136533e681f40abb733	31ec5871	572	0	188	bcc123b75955d9d8c97cbc530a337671907cd7987ccd76b8bb402fe51f89acf4	4f26ce51	187	1	gba_lz77	188	188	0	streams/0104-LAYOUT_LILYCOVE_CITY_LILYCOVE_MUSEUM_2F.lz	
105	LAYOUT_LILYCOVE_CITY_CONTEST_LOBBY	LilycoveCity_ContestLobby_Layout	emerald	31	12	744	1196	2392	data/layouts/LilycoveCity_ContestLobby/map.bin	data/layouts/LilycoveCity_ContestLobby/map.bin	0992c7865c55069a1a572254a01669bac6e00408b3b45ee84f737464101256d7	262a1878	744	0	212	debfc862c6946606b7443ad2d84d1f0833242d5d6810fb9b38adf7f0844c7587	45f33876	209	3	gba_lz77	212	212	0	streams/0105-LAYOUT_LILYCOVE_CITY_CONTEST_LOBBY.lz	
106	LAYOUT_LILYCOVE_CITY_CONTEST_HALL	LilycoveCity_ContestHall_Layout	emerald	51	33	3366	3102	6204	data/layouts/LilycoveCity_ContestHall/map.bin	data/layouts/LilycoveCity_ContestHall/map.bin	d09014d8fcd83c5b63bf8824f20c6d4ce84683e8ee64ef1bc022cfd2d1016ed3	65513522	3366	0	700	9194f8f6e9cc8bc84c690106d3a65010920e6138b54ff3f50113380abf0aa8c4	7e5e3f46	700	0	gba_lz77	700	700	0	streams/0106-LAYOUT_LILYCOVE_CITY_CONTEST_HALL.lz	
107	LAYOUT_LILYCOVE_CITY_POKEMON_TRAINER_FAN_CLUB	LilycoveCity_PokemonTrainerFanClub_Layout	emerald	12	14	336	756	1512	data/layouts/LilycoveCity_PokemonTrainerFanClub/map.bin	data/layouts/LilycoveCity_PokemonTrainerFanClub/map.bin	5195f29a209d425a02a70e290fad74bb5f49c1a888ebc026e8751a642405af2c	c64a5b2d	336	0	204	192e7662976c669660a898cf4b06f92b9c954bb75f91fb7489c3845effb9c686	e1fdfc29	204	0	gba_lz77	204	204	0	streams/0107-LAYOUT_LILYCOVE_CITY_POKEMON_TRAINER_FAN_CLUB.lz	
108	LAYOUT_MOSSDEEP_CITY_GYM	MossdeepCity_Gym_Layout	emerald	26	36	1872	2050	4100	data/layouts/MossdeepCity_Gym/map.bin	data/layouts/MossdeepCity_Gym/map.bin	d527223d0fb51bf2ce6526c18f6f9d93741a957c4c88b1bc5357c6f27d7ddc1a	f2f3b8c2	1872	0	552	8f663379ef6def868b704507fb351d57c537964f0c1e4c4486de812788b4c45f	1ee44d1f	552	0	gba_lz77	552	552	0	streams/0108-LAYOUT_MOSSDEEP_CITY_GYM.lz	
109	LAYOUT_SOOTOPOLIS_CITY_GYM_1F	SootopolisCity_Gym_1F_Layout	emerald	17	26	884	1280	2560	data/layouts/SootopolisCity_Gym_1F/map.bin	data/layouts/SootopolisCity_Gym_1F/map.bin	cf87d29377201dd2f825131db2e0fe06af1bb3a720e3dcb3f99077ac97169469	47fb7a63	884	0	416	84832a5bdbbc58fc617346f98c51f720dbefe0d73f86006a2cfcfd5da54fd532	49895034	415	1	gba_lz77	416	416	0	streams/0109-LAYOUT_SOOTOPOLIS_CITY_GYM_1F.lz	
110	LAYOUT_SOOTOPOLIS_CITY_GYM_B1F	SootopolisCity_Gym_B1F_Layout	emerald	17	26	884	1280	2560	data/layouts/SootopolisCity_Gym_B1F/map.bin	data/layouts/SootopolisCity_Gym_B1F/map.bin	117e9500edb73620207f9179ad722bc4dcd63a0dfe5c96eaae2928f99a389c09	131ff317	884	0	220	8b8f26e202cb7862720fe4d65cb12f6e799c5bb475f995f45652eb01da6d1759	7ce8ecac	217	3	gba_lz77	220	220	0	streams/0110-LAYOUT_SOOTOPOLIS_CITY_GYM_B1F.lz	
111	LAYOUT_EVER_GRANDE_CITY_SIDNEYS_ROOM	EverGrandeCity_SidneysRoom_Layout	emerald	13	14	364	784	1568	data/layouts/EverGrandeCity_SidneysRoom/map.bin	data/layouts/EverGrandeCity_SidneysRoom/map.bin	b2651d87035127ea10fa41b17aeb756a852afa4ade4e6adec3e85e0af5ac8185	d9f625ca	364	0	232	410eb85c6437c28639230b7e24ac491140fc9e8eda4de63b93a9a9bb91380fb1	b9ff1141	230	2	gba_lz77	232	232	0	streams/0111-LAYOUT_EVER_GRANDE_CITY_SIDNEYS_ROOM.lz	
112	LAYOUT_EVER_GRANDE_CITY_PHOEBES_ROOM	EverGrandeCity_PhoebesRoom_Layout	emerald	13	14	364	784	1568	data/layouts/EverGrandeCity_PhoebesRoom/map.bin	data/layouts/EverGrandeCity_PhoebesRoom/map.bin	78a2d8ea1d7fd8f86a63263e7183bd7daf58bdc9fb734339c2eceacfafa2555b	6545139c	364	0	236	16b34e9456de224bd3533ad383c871dd0c6f9a362c81ef3adc9e62cc4b9df47e	27e54939	235	1	gba_lz77	236	236	0	streams/0112-LAYOUT_EVER_GRANDE_CITY_PHOEBES_ROOM.lz	
113	LAYOUT_EVER_GRANDE_CITY_GLACIAS_ROOM	EverGrandeCity_GlaciasRoom_Layout	emerald	13	14	364	784	1568	data/layouts/EverGrandeCity_GlaciasRoom/map.bin	data/layouts/EverGrandeCity_GlaciasRoom/map.bin	0fb1a3232c1c27cd2cb73259107d340ba91335251137bd25ff26fa502e305bec	c5a75305	364	0	232	dce6dcad54b2ba78eb5590ba04286cb100fb3e299e86986e1a0131ebbf5bdf31	c38dc3e5	230	2	gba_lz77	232	232	0	streams/0113-LAYOUT_EVER_GRANDE_CITY_GLACIAS_ROOM.lz	
114	LAYOUT_EVER_GRANDE_CITY_DRAKES_ROOM	EverGrandeCity_DrakesRoom_Layout	emerald	13	14	364	784	1568	data/layouts/EverGrandeCity_DrakesRoom/map.bin	data/layouts/EverGrandeCity_DrakesRoom/map.bin	c989ff32f0e4f490bd122418a252341dcb2ccc2c9c3848c9236dced001d6ecf2	27f54290	364	0	232	a4c79462ef96b28152e48eaf9e4f291c0a4dbb45695e1013cb71300c8e5ecf6f	b6ab4b28	230	2	gba_lz77	232	232	0	streams/0114-LAYOUT_EVER_GRANDE_CITY_DRAKES_ROOM.lz	
115	LAYOUT_EVER_GRANDE_CITY_CHAMPIONS_ROOM	EverGrandeCity_ChampionsRoom_Layout	emerald	13	13	338	756	1512	data/layouts/EverGrandeCity_ChampionsRoom/map.bin	data/layouts/EverGrandeCity_ChampionsRoom/map.bin	afd4a382bab6dde768f3437bd9edb282ef0c03cdd480ca92338e41fc8eaeb300	c925a075	338	0	264	0b4c8fc430721ed73ae478069713566a75b7993548fb219166956d900c413413	38118671	261	3	gba_lz77	264	264	0	streams/0115-LAYOUT_EVER_GRANDE_CITY_CHAMPIONS_ROOM.lz	
116	LAYOUT_EVER_GRANDE_CITY_SHORT_HALL	EverGrandeCity_ShortHall_Layout	emerald	11	13	286	702	1404	data/layouts/EverGrandeCity_ShortHall/map.bin	data/layouts/EverGrandeCity_ShortHall/map.bin	622be27f88bf502a71358fb626ab9af8cc0e8f09d1b235d6b449b6bf1bc29bd4	b6ceb427	286	0	108	3eeb27e7d5a37a8283261030585fdcbe5e14d48e1fc2d75e93f460962e25b344	657c31da	105	3	gba_lz77	108	108	0	streams/0116-LAYOUT_EVER_GRANDE_CITY_SHORT_HALL.lz	
117	LAYOUT_ROUTE104_PRETTY_PETAL_FLOWER_SHOP	Route104_PrettyPetalFlowerShop_Layout	emerald	15	9	270	690	1380	data/layouts/Route104_PrettyPetalFlowerShop/map.bin	data/layouts/Route104_PrettyPetalFlowerShop/map.bin	1923a5fabd37220162d3733244a05355162f7f0a9dfb9bda6b9b732c1b941116	b04233dd	270	0	192	7b6d9ab18320b760a28c6ce66c44d811ffa0360c01c0fad3c0c73505e94fed36	0f7c23ee	190	2	gba_lz77	192	192	0	streams/0117-LAYOUT_ROUTE104_PRETTY_PETAL_FLOWER_SHOP.lz	
118	LAYOUT_CABLE_CAR_STATION	CableCarStation_Layout	emerald	13	12	312	728	1456	data/layouts/CableCarStation/map.bin	data/layouts/CableCarStation/map.bin	cc9e4b1f418ad15703c7c49bd851449634ba0193fa74255fec899aa9011f0545	de633fb9	312	0	144	06b85cdce06c02d0c9ea7e86cad67101685a1a553fee25d95c6fa5222ac5317c	3a2edfcf	143	1	gba_lz77	144	144	0	streams/0118-LAYOUT_CABLE_CAR_STATION.lz	
119	LAYOUT_ROUTE114_FOSSIL_MANIACS_HOUSE	Route114_FossilManiacsHouse_Layout	emerald	10	8	160	550	1100	data/layouts/Route114_FossilManiacsHouse/map.bin	data/layouts/Route114_FossilManiacsHouse/map.bin	936b523165e4d87a75b078f1280b185d8e672c97888e68f8104a119209d2112f	3e77f326	160	0	132	cad32e09bafb44cdab293e380906a4c09c9d1ff154a3dec2e4c116739e351305	38d7673f	129	3	gba_lz77	132	132	0	streams/0119-LAYOUT_ROUTE114_FOSSIL_MANIACS_HOUSE.lz	
120	LAYOUT_ROUTE114_FOSSIL_MANIACS_TUNNEL	Route114_FossilManiacsTunnel_Layout	emerald	13	26	676	1120	2240	data/layouts/Route114_FossilManiacsTunnel/map.bin	data/layouts/Route114_FossilManiacsTunnel/map.bin	858118767cb68d35a4fa85ec78ea67b9e2cc4d7a90e5a8aa6bb0043ed17bb2a8	5817f267	676	0	276	13279c834ee777956f0da5538e5e96d3b9337c97546cbd47dfc0a976492971f7	eb0d347c	273	3	gba_lz77	276	276	0	streams/0120-LAYOUT_ROUTE114_FOSSIL_MANIACS_TUNNEL.lz	
121	LAYOUT_ROUTE114_LANETTES_HOUSE	Route114_LanettesHouse_Layout	emerald	11	8	176	572	1144	data/layouts/Route114_LanettesHouse/map.bin	data/layouts/Route114_LanettesHouse/map.bin	3fc8030b996f51bff3d44fd12cec557105d32c9ca4851d9cacc5664e2c3df20c	a27df82d	176	0	148	0c6528dc67c754ec56ccbed40b816a3054e137003544fb19c816114e623e4742	080ad409	145	3	gba_lz77	148	148	0	streams/0121-LAYOUT_ROUTE114_LANETTES_HOUSE.lz	
122	LAYOUT_ROUTE116_TUNNELERS_REST_HOUSE	Route116_TunnelersRestHouse_Layout	emerald	10	9	180	575	1150	data/layouts/Route116_TunnelersRestHouse/map.bin	data/layouts/Route116_TunnelersRestHouse/map.bin	ff55de6e4a06ba3e69a2400cbb8873d4fc49bcb12b945de50599b171e45a4444	ee456849	180	0	116	2dd7bffdf3b20218a3fee0f94767c34086129ffb6eae099285143d219f184520	29ffdcbb	113	3	gba_lz77	116	116	0	streams/0122-LAYOUT_ROUTE116_TUNNELERS_REST_HOUSE.lz	
123	LAYOUT_ROUTE117_POKEMON_DAY_CARE	Route117_PokemonDayCare_Layout	emerald	12	9	216	621	1242	data/layouts/Route117_PokemonDayCare/map.bin	data/layouts/Route117_PokemonDayCare/map.bin	08cb442e8eb418c89776dd4e68029a6a6d9faccf03e6d2dcfe94b1249ac108b2	be6f4e5b	216	0	160	5f1b05a59577d3851faa0f2848f3b9d3781f62d4510746688e2ab109249f0480	6a82ac0d	157	3	gba_lz77	160	160	0	streams/0123-LAYOUT_ROUTE117_POKEMON_DAY_CARE.lz	
124	LAYOUT_ROUTE121_SAFARI_ZONE_ENTRANCE	Route121_SafariZoneEntrance_Layout	emerald	18	14	504	924	1848	data/layouts/Route121_SafariZoneEntrance/map.bin	data/layouts/Route121_SafariZoneEntrance/map.bin	69d9191daad157a5afe5660472780e358cb896c990cb4a11688e95b2f16b8782	3b9a77d6	504	0	192	e3dc32153f658f96f87c31d78d65343676b69d1b1eac15d88cb8409ee0d7e1f1	ae7df08a	192	0	gba_lz77	192	192	0	streams/0124-LAYOUT_ROUTE121_SAFARI_ZONE_ENTRANCE.lz	
125	LAYOUT_METEOR_FALLS_1F_1R	MeteorFalls_1F_1R_Layout	emerald	30	42	2520	2520	5040	data/layouts/MeteorFalls_1F_1R/map.bin	data/layouts/MeteorFalls_1F_1R/map.bin	4421859de6c3d0da88d6c4d64c0acfe2e611309a8dc7404d75e8a316bdf05e0b	dffb426b	2520	0	992	30ff1e0dfb6fadff17127b93518010bfd7a68681c6808795db194a657d5dae17	846520c3	989	3	gba_lz77	992	992	0	streams/0125-LAYOUT_METEOR_FALLS_1F_1R.lz	
126	LAYOUT_METEOR_FALLS_1F_2R	MeteorFalls_1F_2R_Layout	emerald	30	32	1920	2070	4140	data/layouts/MeteorFalls_1F_2R/map.bin	data/layouts/MeteorFalls_1F_2R/map.bin	dfa714512128ca72ddc44fa9692c7c3de46c61f7a9470d02fe8243621f95a802	fd6287b5	1920	0	576	7574843b0c1fbc87f8e87da1bc54f454c06ae6a5009f882543c8e70d5e36668a	bb5a7822	573	3	gba_lz77	576	576	0	streams/0126-LAYOUT_METEOR_FALLS_1F_2R.lz	
127	LAYOUT_METEOR_FALLS_B1F_1R	MeteorFalls_B1F_1R_Layout	emerald	29	38	2204	2288	4576	data/layouts/MeteorFalls_B1F_1R/map.bin	data/layouts/MeteorFalls_B1F_1R/map.bin	4f8d956bb7122ebd719d25035ba086039a6a591595c8275911e759a0fc32159b	06ddb571	2204	0	632	f1933ded4cf97e813dadacce28073da5a117d0678ea70385cec8d8621d5c6572	0d60d69c	629	3	gba_lz77	632	632	0	streams/0127-LAYOUT_METEOR_FALLS_B1F_1R.lz	
128	LAYOUT_METEOR_FALLS_B1F_2R	MeteorFalls_B1F_2R_Layout	emerald	11	18	396	832	1664	data/layouts/MeteorFalls_B1F_2R/map.bin	data/layouts/MeteorFalls_B1F_2R/map.bin	f450f74e7a3a1a3ba693bdcd646b098bc3cf2a95b58de871e37d2c40de84bf23	add13c7f	396	0	116	2d8a0a30eed88fb0c41f9789f1d664be73572aad0d6534ec5aa9ca8f00154f94	f05d12f6	114	2	gba_lz77	116	116	0	streams/0128-LAYOUT_METEOR_FALLS_B1F_2R.lz	
129	LAYOUT_RUSTURF_TUNNEL	RusturfTunnel_Layout	emerald	36	24	1728	1938	3876	data/layouts/RusturfTunnel/map.bin	data/layouts/RusturfTunnel/map.bin	370e492002fed36b8e6bc5e80f7ebba325e68721534d986cae3c70b8f4ae3fe4	0b5a60b1	1728	0	496	3529a833c40a8513fbe4f32edc93567157ef527ad36f41d39505e0f56915331d	09c62a02	496	0	gba_lz77	496	496	0	streams/0129-LAYOUT_RUSTURF_TUNNEL.lz	
130	LAYOUT_UNDERWATER_SOOTOPOLIS_CITY	Underwater_SootopolisCity_Layout	emerald	20	10	400	840	1680	data/layouts/Underwater_SootopolisCity/map.bin	data/layouts/Underwater_SootopolisCity/map.bin	a9e6ac9a919b821dd76091cfbe25c532c90336ed7a3d7cb965d99c492c68619f	23adb4d5	400	0	152	fc67c7287b563ddb29caa8927bd1a79761d79beee196a428fc1e503125a28170	bee4a09f	149	3	gba_lz77	152	152	0	streams/0130-LAYOUT_UNDERWATER_SOOTOPOLIS_CITY.lz	
131	LAYOUT_DESERT_RUINS	DesertRuins_Layout	emerald	17	33	1122	1504	3008	data/layouts/DesertRuins/map.bin	data/layouts/DesertRuins/map.bin	16274566e3e109fbfb5812bc1c7bc9ebe3633526d07101baf13bf8a18863ff82	eb34b46c	1122	0	292	0231209b7c64adefc4a51d0e9bd41298856b0810b30a0d7732b1026cd3adfa62	5669ab77	291	1	gba_lz77	292	292	0	streams/0131-LAYOUT_DESERT_RUINS.lz	
132	LAYOUT_GRANITE_CAVE_1F	GraniteCave_1F_Layout	emerald	42	15	1260	1653	3306	data/layouts/GraniteCave_1F/map.bin	data/layouts/GraniteCave_1F/map.bin	6e8e5420747a9e2c18c9ecc04e43e028cac70e6030a8015a52edcac739459bbf	d5f00c8c	1260	0	340	ae46d79270ba92e89b60c112aacb27f858cc6bde89e3f2c8232027cb6870c1ed	d5aeee4d	339	1	gba_lz77	340	340	0	streams/0132-LAYOUT_GRANITE_CAVE_1F.lz	
133	LAYOUT_GRANITE_CAVE_B1F	GraniteCave_B1F_Layout	emerald	32	26	1664	1880	3760	data/layouts/GraniteCave_B1F/map.bin	data/layouts/GraniteCave_B1F/map.bin	b9598bdd24ac4358679e255dc07052b2687c2babef091ff6174115c19409c7c5	19de8d6e	1664	0	428	6e0de5eb81ea49a6a2432ce7d1e7cb11c0ddb1a817fbdd5a1465e25b9f89b719	2a40e6c7	425	3	gba_lz77	428	428	0	streams/0133-LAYOUT_GRANITE_CAVE_B1F.lz	
134	LAYOUT_GRANITE_CAVE_B2F	GraniteCave_B2F_Layout	emerald	32	26	1664	1880	3760	data/layouts/GraniteCave_B2F/map.bin	data/layouts/GraniteCave_B2F/map.bin	a4937ea8f0329dd8f6512f893cda7280327044d1af0f99e1fee14ef03d05475b	368c7b32	1664	0	384	216abb441c824a6b76084768eea789135e1be5c940382b0c6e5f01ed6f1705a8	dc1ba918	384	0	gba_lz77	384	384	0	streams/0134-LAYOUT_GRANITE_CAVE_B2F.lz	
135	LAYOUT_PETALBURG_WOODS	PetalburgWoods_Layout	emerald	48	44	4224	3654	7308	data/layouts/PetalburgWoods/map.bin	data/layouts/PetalburgWoods/map.bin	053fc2e64d7065edaf0bfaa4b7504fef15ad808dc458f8b937cb3a2604495442	7feae9c0	4224	0	736	a2ab111748963570e618590d3af8fefd0f0316dc6c490d0d0f04039182b29b98	142dd73d	734	2	gba_lz77	736	736	0	streams/0135-LAYOUT_PETALBURG_WOODS.lz	
136	LAYOUT_MT_CHIMNEY	MtChimney_Layout	emerald	40	47	3760	3355	6710	data/layouts/MtChimney/map.bin	data/layouts/MtChimney/map.bin	6ee76f548b22b90181263a2233f5f809c5553af03f70e9bb31859c2a13d5a177	597710ab	3760	0	1268	9a4238991a4b90f14fb38779f837f5dbffe08e1f4365d0834a2695170064568c	602e3ff7	1267	1	gba_lz77	1268	1268	0	streams/0136-LAYOUT_MT_CHIMNEY.lz	
137	LAYOUT_MT_PYRE_1F	MtPyre_1F_Layout	emerald	22	19	836	1221	2442	data/layouts/MtPyre_1F/map.bin	data/layouts/MtPyre_1F/map.bin	09813771e6a2e2ceeca7eece958783aea04e620022d81b44b10f5e7b70b45753	6414ad7c	836	0	184	f57f91f1d403f7fd3660ea0345e2c20708cffc7a53e84614dbf2745512c0b249	2acecb7a	184	0	gba_lz77	184	184	0	streams/0137-LAYOUT_MT_PYRE_1F.lz	
138	LAYOUT_MT_PYRE_2F	MtPyre_2F_Layout	emerald	13	13	338	756	1512	data/layouts/MtPyre_2F/map.bin	data/layouts/MtPyre_2F/map.bin	90d40ce45e823ae95c3e82e592d63c3806288f3b6943b0e935808f02fb050888	bbd50600	338	0	136	b2266d3dfbe5d41477b34790eea28ea4d072ffebb4a14d16677c634498baba07	14cca30e	136	0	gba_lz77	136	136	0	streams/0138-LAYOUT_MT_PYRE_2F.lz	
139	LAYOUT_MT_PYRE_3F	MtPyre_3F_Layout	emerald	13	13	338	756	1512	data/layouts/MtPyre_3F/map.bin	data/layouts/MtPyre_3F/map.bin	7bcda46ad324c9eb65818e240c5f4f2ceaef7f1a949372dc1140cc6e1b856daf	9d53c240	338	0	132	f74536914a8056e1e7177ff8c0ed640d93f0de99d5340f84723d87d393dfe11b	a2c9e914	132	0	gba_lz77	132	132	0	streams/0139-LAYOUT_MT_PYRE_3F.lz	
140	LAYOUT_MT_PYRE_4F	MtPyre_4F_Layout	emerald	13	13	338	756	1512	data/layouts/MtPyre_4F/map.bin	data/layouts/MtPyre_4F/map.bin	b52400464406be75deeb00ab02e680af6e517cb33ce41937df84f750744872b5	ee5e964f	338	0	164	a3c8ee3701c6c893f4c8f4f388cd053df1f8270c76654ba529e05a2ffa118cd8	02604280	162	2	gba_lz77	164	164	0	streams/0140-LAYOUT_MT_PYRE_4F.lz	
141	LAYOUT_MT_PYRE_5F	MtPyre_5F_Layout	emerald	13	13	338	756	1512	data/layouts/MtPyre_5F/map.bin	data/layouts/MtPyre_5F/map.bin	2f5f1ce85a3931d18da4bebbbab05791563d8d86e3aa62d6edab0f814d8b75f0	0cdf8c53	338	0	164	47e53829fad875f9d45c30020dcb37292f80e10a88fd2fa724f359e9b08f79f9	f998a145	161	3	gba_lz77	164	164	0	streams/0141-LAYOUT_MT_PYRE_5F.lz	
142	LAYOUT_MT_PYRE_6F	MtPyre_6F_Layout	emerald	13	13	338	756	1512	data/layouts/MtPyre_6F/map.bin	data/layouts/MtPyre_6F/map.bin	35d4896b46fe2c2b403b05428dd25db1d7f50b8624bfbe8a5daf14987c4acd21	4109e482	338	0	140	971483cac9e53f8d9a097f330130a790b100c1dd2c3c13863e75bf626d0548ba	96c1cd62	140	0	gba_lz77	140	140	0	streams/0142-LAYOUT_MT_PYRE_6F.lz	
143	LAYOUT_AQUA_HIDEOUT_1F	AquaHideout_1F_Layout	emerald	28	30	1680	1892	3784	data/layouts/AquaHideout_1F/map.bin	data/layouts/AquaHideout_1F/map.bin	655f4fadf93d896822a99b733e1ab59fdb2a2de54426b6479029d40329f87407	7532d760	1680	0	556	1ee9bd4c03ddc66457f59cce37cec18884453223b0f3b68644409ad1d5a104ec	930ef028	555	1	gba_lz77	556	556	0	streams/0143-LAYOUT_AQUA_HIDEOUT_1F.lz	
144	LAYOUT_AQUA_HIDEOUT_B1F	AquaHideout_B1F_Layout	emerald	51	24	2448	2508	5016	data/layouts/AquaHideout_B1F/map.bin	data/layouts/AquaHideout_B1F/map.bin	e3c55b859b019797965e012e524f0f10d1d776d1500446d0b9033f23fed000b1	7381feec	2448	0	780	1d97fd2a0a1d963774ce5b82e8ecfd400128b4888bac388f013725accec910b3	e8f55951	780	0	gba_lz77	780	780	0	streams/0144-LAYOUT_AQUA_HIDEOUT_B1F.lz	
145	LAYOUT_AQUA_HIDEOUT_B2F	AquaHideout_B2F_Layout	emerald	34	24	1632	1862	3724	data/layouts/AquaHideout_B2F/map.bin	data/layouts/AquaHideout_B2F/map.bin	6eaf988df921d8c0e2f0cb1676845915565170cd87d06a8d2e39ce7173211607	ba12a049	1632	0	600	46860faa9a26a9ae04780e419e7d1c7cd5cb3d05f694a0c8c668afa1fc927492	e1e56d25	600	0	gba_lz77	600	600	0	streams/0145-LAYOUT_AQUA_HIDEOUT_B2F.lz	
146	LAYOUT_UNDERWATER_SEAFLOOR_CAVERN	Underwater_SeafloorCavern_Layout	emerald	14	9	252	667	1334	data/layouts/Underwater_SeafloorCavern/map.bin	data/layouts/Underwater_SeafloorCavern/map.bin	fab988562288c364a9814da013bb7e90705d4a5fb20668861e79c18656a4ed60	f2beae9a	252	0	148	95429fc6b1b454b8f47a181822d6092b3a3eab131c863dbc913319d4dfeecdb8	1bb91286	145	3	gba_lz77	148	148	0	streams/0146-LAYOUT_UNDERWATER_SEAFLOOR_CAVERN.lz	
147	LAYOUT_SEAFLOOR_CAVERN_ENTRANCE	SeafloorCavern_Entrance_Layout	emerald	20	20	800	1190	2380	data/layouts/SeafloorCavern_Entrance/map.bin	data/layouts/SeafloorCavern_Entrance/map.bin	66cf251ae0b5caa413fbd6650e0ae6ca521828a54349a82a11e5f3e4356c1a2a	68083401	800	0	260	fe2098bccc1f4313caa93e8f3bcdd770b3e37a0382ad9409c3de954aa2cf76df	a8637912	259	1	gba_lz77	260	260	0	streams/0147-LAYOUT_SEAFLOOR_CAVERN_ENTRANCE.lz	
148	LAYOUT_SEAFLOOR_CAVERN_ROOM1	SeafloorCavern_Room1_Layout	emerald	20	21	840	1225	2450	data/layouts/SeafloorCavern_Room1/map.bin	data/layouts/SeafloorCavern_Room1/map.bin	80dd58d40696d3e2285014597f0416c358b3f43c964f25cd35f49d46f55525b1	3fbca7ac	840	0	288	33d90da2b46de67f392d48eca535581011b435eeab3d7d7c850a6b27943e475d	02f35c6f	288	0	gba_lz77	288	288	0	streams/0148-LAYOUT_SEAFLOOR_CAVERN_ROOM1.lz	
149	LAYOUT_SEAFLOOR_CAVERN_ROOM2	SeafloorCavern_Room2_Layout	emerald	18	12	432	858	1716	data/layouts/SeafloorCavern_Room2/map.bin	data/layouts/SeafloorCavern_Room2/map.bin	70e5777813fb125a267718d0158709af392b42192c3e12c16cd72ca23606f8d5	2ff5abce	432	0	192	303c7e2c6eaae7419689e8ae8e80f7cce571352659764097b57c9fc179fd518f	d775d645	191	1	gba_lz77	192	192	0	streams/0149-LAYOUT_SEAFLOOR_CAVERN_ROOM2.lz	
150	LAYOUT_SEAFLOOR_CAVERN_ROOM3	SeafloorCavern_Room3_Layout	emerald	16	17	544	961	1922	data/layouts/SeafloorCavern_Room3/map.bin	data/layouts/SeafloorCavern_Room3/map.bin	6a79b55413f315143dc34112b80909826761a0e91ad33f399edc6dd33367f6e8	7d934a2f	544	0	188	f08b64d480c484995f85f83de559cd8109486d20144c619beb0a71c2ae24e5aa	0e23117a	187	1	gba_lz77	188	188	0	streams/0150-LAYOUT_SEAFLOOR_CAVERN_ROOM3.lz	
151	LAYOUT_SEAFLOOR_CAVERN_ROOM4	SeafloorCavern_Room4_Layout	emerald	18	19	684	1089	2178	data/layouts/SeafloorCavern_Room4/map.bin	data/layouts/SeafloorCavern_Room4/map.bin	c8cf6df7db51ce8b39ce9e27ea0f4dcd3bc80ce05e06276b00fd9ba0abde5b0e	22bf403f	684	0	232	b3f617d4d74e6a1bcd4e3c980ade08a013ddd69e8d88c7b35dd268e7e4748110	37a07086	232	0	gba_lz77	232	232	0	streams/0151-LAYOUT_SEAFLOOR_CAVERN_ROOM4.lz	
152	LAYOUT_SEAFLOOR_CAVERN_ROOM5	SeafloorCavern_Room5_Layout	emerald	20	20	800	1190	2380	data/layouts/SeafloorCavern_Room5/map.bin	data/layouts/SeafloorCavern_Room5/map.bin	b7ff86568a89f3c973a7e5ba39d9dd9e0f39bf05f6eb1a9a611a44b88df76ba0	e0f1ee62	800	0	268	77715029f104e87b5ef14b76cbf261df9bcb5cbbbeca16a40ae23741a0bd3a4b	c621be6a	268	0	gba_lz77	268	268	0	streams/0152-LAYOUT_SEAFLOOR_CAVERN_ROOM5.lz	
153	LAYOUT_SEAFLOOR_CAVERN_ROOM6	SeafloorCavern_Room6_Layout	emerald	24	23	1104	1443	2886	data/layouts/SeafloorCavern_Room6/map.bin	data/layouts/SeafloorCavern_Room6/map.bin	5c95c916a8da9e92f83b19d227f325ad13251e1cf1a6fd2535d90938dc4b3552	5f970a9a	1104	0	316	5a12b6cb74532bc09148a61d51b2421c1500b0bd35855e132aa580e1c8ad3130	e3960286	315	1	gba_lz77	316	316	0	streams/0153-LAYOUT_SEAFLOOR_CAVERN_ROOM6.lz	
154	LAYOUT_SEAFLOOR_CAVERN_ROOM7	SeafloorCavern_Room7_Layout	emerald	23	25	1150	1482	2964	data/layouts/SeafloorCavern_Room7/map.bin	data/layouts/SeafloorCavern_Room7/map.bin	e07f547aeb9f7cf6da12c5460d2a8623184ee207d6787513bedbcd0c81158c7a	f6426170	1150	0	296	50acec04fdc33445242229bf1d5b70e12f1b7ac692b96bd85d26be08a8c080cb	6be6da3d	294	2	gba_lz77	296	296	0	streams/0154-LAYOUT_SEAFLOOR_CAVERN_ROOM7.lz	
155	LAYOUT_SEAFLOOR_CAVERN_ROOM8	SeafloorCavern_Room8_Layout	emerald	11	14	308	728	1456	data/layouts/SeafloorCavern_Room8/map.bin	data/layouts/SeafloorCavern_Room8/map.bin	ed09e2ad719eabb263eed7bf8a64efa5796f09c9fb34c8adc284e1352ee59a16	92ef98be	308	0	124	7b688e266647985af94795c2abe70c22767dfe87bee622987383eef12db664ca	02c8e03a	122	2	gba_lz77	124	124	0	streams/0155-LAYOUT_SEAFLOOR_CAVERN_ROOM8.lz	
156	LAYOUT_SEAFLOOR_CAVERN_ROOM9	SeafloorCavern_Room9_Layout	emerald	27	46	2484	2520	5040	data/layouts/SeafloorCavern_Room9/map.bin	data/layouts/SeafloorCavern_Room9/map.bin	1a4ea2ca4afc9d6b4b2fee1d4304cf7eb653a36cf8984d6b082732b618604cb3	3baefcdd	2484	0	688	12d52e5d72f52f9073912d2e0db1e2a6e0aa4f38131877a0e93a71ff5d422cb6	7cfe2197	686	2	gba_lz77	688	688	0	streams/0156-LAYOUT_SEAFLOOR_CAVERN_ROOM9.lz	
157	LAYOUT_CAVE_OF_ORIGIN_ENTRANCE	CaveOfOrigin_Entrance_Layout	emerald	19	26	988	1360	2720	data/layouts/CaveOfOrigin_Entrance/map.bin	data/layouts/CaveOfOrigin_Entrance/map.bin	f6bb03799af733775c31fb06bf10a00a61e9146460e95998fbbae448e9dfa290	036d96c0	988	0	268	a459db91ab6259e9a94f0bc48d7667bd58508c20038109ebc62102423a2417b3	5a281237	266	2	gba_lz77	268	268	0	streams/0157-LAYOUT_CAVE_OF_ORIGIN_ENTRANCE.lz	
158	LAYOUT_CAVE_OF_ORIGIN_1F	CaveOfOrigin_1F_Layout	emerald	23	23	1058	1406	2812	data/layouts/CaveOfOrigin_1F/map.bin	data/layouts/CaveOfOrigin_1F/map.bin	a9dbe4f49c0e7a4252063d8c40ae3b69db134a016b03f77175eec8eff2312375	d7ea9630	1058	0	268	97f77495b75de844541925884a1f2ab842ac6809602d50df97ab630e9ca715e7	01281f7c	268	0	gba_lz77	268	268	0	streams/0158-LAYOUT_CAVE_OF_ORIGIN_1F.lz	
159	LAYOUT_CAVE_OF_ORIGIN_UNUSED_RUBY_SAPPHIRE_MAP1	CaveOfOrigin_UnusedRubySapphireMap1_Layout	emerald	23	23	1058	1406	2812	data/layouts/CaveOfOrigin_UnusedRubySapphireMap1/map.bin	data/layouts/CaveOfOrigin_UnusedRubySapphireMap1/map.bin	740b4165da7537463e790aca6ed260eac0d098d3a3b36ad92490800bd051ca7b	906922f4	1058	0	288	4557f4267392fa4a7883b7ac9aa387083197429bfd103e2da04dd6b7bcacaf7b	343be871	288	0	gba_lz77	288	288	0	streams/0159-LAYOUT_CAVE_OF_ORIGIN_UNUSED_RUBY_SAPPHIRE_MAP1.lz	
160	LAYOUT_CAVE_OF_ORIGIN_UNUSED_RUBY_SAPPHIRE_MAP2	CaveOfOrigin_UnusedRubySapphireMap2_Layout	emerald	21	21	882	1260	2520	data/layouts/CaveOfOrigin_UnusedRubySapphireMap2/map.bin	data/layouts/CaveOfOrigin_UnusedRubySapphireMap2/map.bin	6815b42bfd46050ea128063522f489421adde86c4c8247a145982ff4d17d4ad1	48c56d73	882	0	264	3cbd4af5f3a0c698f7c1905a5ba93621627b9c48ccf5cd83ed8bf437c151ba47	d24c186f	264	0	gba_lz77	264	264	0	streams/0160-LAYOUT_CAVE_OF_ORIGIN_UNUSED_RUBY_SAPPHIRE_MAP2.lz	
161	LAYOUT_CAVE_OF_ORIGIN_UNUSED_RUBY_SAPPHIRE_MAP3	CaveOfOrigin_UnusedRubySapphireMap3_Layout	emerald	19	21	798	1190	2380	data/layouts/CaveOfOrigin_UnusedRubySapphireMap3/map.bin	data/layouts/CaveOfOrigin_UnusedRubySapphireMap3/map.bin	1b5c930b2121022cc3900e8cbd3adcfc72aee5c0802150489e1d74a5b0642637	313823b2	798	0	248	d4d800d903674f9e678080b91e107b15a16283edcdf0a4f8e773acf345297c83	1e27ad79	245	3	gba_lz77	248	248	0	streams/0161-LAYOUT_CAVE_OF_ORIGIN_UNUSED_RUBY_SAPPHIRE_MAP3.lz	
162	LAYOUT_CAVE_OF_ORIGIN_B1F	CaveOfOrigin_B1F_Layout	emerald	19	19	722	1122	2244	data/layouts/CaveOfOrigin_B1F/map.bin	data/layouts/CaveOfOrigin_B1F/map.bin	512abb5cc56b90e52ba32152f23976b4270e2b53f14f2b6da5aa67873e0cba08	f92fa9ab	722	0	296	542bd7ad93769715da0368e5669dd159b320a20d2345126dc5ab2f3357bca4cf	5c0b3161	293	3	gba_lz77	296	296	0	streams/0162-LAYOUT_CAVE_OF_ORIGIN_B1F.lz	
163	LAYOUT_VICTORY_ROAD_1F	VictoryRoad_1F_Layout	emerald	46	45	4140	3599	7198	data/layouts/VictoryRoad_1F/map.bin	data/layouts/VictoryRoad_1F/map.bin	b100693756672442b3f583a8886950d07b68bac1b6eafe07a2b5fe721d1c484e	c13698b9	4140	0	900	865c5ced8e2f40c63e67e37c3fc20b686a8712b21f6905ef93abf3af6ec3660d	5634c7db	898	2	gba_lz77	900	900	0	streams/0163-LAYOUT_VICTORY_ROAD_1F.lz	
164	LAYOUT_SHOAL_CAVE_LOW_TIDE_ENTRANCE_ROOM	ShoalCave_LowTideEntranceRoom_Layout	emerald	35	35	2450	2450	4900	data/layouts/ShoalCave_LowTideEntranceRoom/map.bin	data/layouts/ShoalCave_LowTideEntranceRoom/map.bin	b41d9766447724464fae3082882179dfc99cd7aec3d907715456eb2f83b17f26	e4abf15a	2450	0	628	c9d23a55c1ad59b39d061b86b8f9af4396d80d3dbaf53f46a58784ee2c33f05c	9d134769	625	3	gba_lz77	628	628	0	streams/0164-LAYOUT_SHOAL_CAVE_LOW_TIDE_ENTRANCE_ROOM.lz	
165	LAYOUT_SHOAL_CAVE_LOW_TIDE_INNER_ROOM	ShoalCave_LowTideInnerRoom_Layout	emerald	46	38	3496	3172	6344	data/layouts/ShoalCave_LowTideInnerRoom/map.bin	data/layouts/ShoalCave_LowTideInnerRoom/map.bin	b30e1b9b9be08c37d2abdd438c6b86951ae1bfc814f527f0126e014e5cef2a6a	b7dcae64	3496	0	768	325e2c84c81c68802e5fee37b872214e6736bd6cb470ab2674439d144b293592	f5ec7abe	768	0	gba_lz77	768	768	0	streams/0165-LAYOUT_SHOAL_CAVE_LOW_TIDE_INNER_ROOM.lz	
166	LAYOUT_SHOAL_CAVE_LOW_TIDE_STAIRS_ROOM	ShoalCave_LowTideStairsRoom_Layout	emerald	21	15	630	1044	2088	data/layouts/ShoalCave_LowTideStairsRoom/map.bin	data/layouts/ShoalCave_LowTideStairsRoom/map.bin	87456aa7cfc5a8f7e4837ee454b389d7970dae30741f36943fa0643c0d78f661	b292a825	630	0	196	9d3a2b1bda8fc8f3a93d1326b910a75b6b84ec546f3ea119a2fafb1cef8517e0	96c750fa	196	0	gba_lz77	196	196	0	streams/0166-LAYOUT_SHOAL_CAVE_LOW_TIDE_STAIRS_ROOM.lz	
167	LAYOUT_SHOAL_CAVE_LOW_TIDE_LOWER_ROOM	ShoalCave_LowTideLowerRoom_Layout	emerald	31	14	868	1288	2576	data/layouts/ShoalCave_LowTideLowerRoom/map.bin	data/layouts/ShoalCave_LowTideLowerRoom/map.bin	0b1956beaae66090b00a36f915537c7ad9bcf4fc964c9f479d31c387fe49f73f	c0050832	868	0	220	35cb08a78256442366031499c56ecdc3a8a3703544bb305b7c8dbc6af043c4c1	ea735499	217	3	gba_lz77	220	220	0	streams/0167-LAYOUT_SHOAL_CAVE_LOW_TIDE_LOWER_ROOM.lz	
168	LAYOUT_SHOAL_CAVE_HIGH_TIDE_ENTRANCE_ROOM	ShoalCave_HighTideEntranceRoom_Layout	emerald	35	35	2450	2450	4900	data/layouts/ShoalCave_HighTideEntranceRoom/map.bin	data/layouts/ShoalCave_HighTideEntranceRoom/map.bin	591c0895c03f436da215d80556618f0f3df4c72747e73968488dff1fbe0edc26	5904def0	2450	0	540	50bf1b8111581a570e31a6da190daa8823817ce8f029059f5bd73ee664f33682	398d7738	539	1	gba_lz77	540	540	0	streams/0168-LAYOUT_SHOAL_CAVE_HIGH_TIDE_ENTRANCE_ROOM.lz	
169	LAYOUT_SHOAL_CAVE_HIGH_TIDE_INNER_ROOM	ShoalCave_HighTideInnerRoom_Layout	emerald	46	38	3496	3172	6344	data/layouts/ShoalCave_HighTideInnerRoom/map.bin	data/layouts/ShoalCave_HighTideInnerRoom/map.bin	7b1577a6acfbf028934fa420d20404b4396476b1aba45ff16aff95953d330a1f	3d594f94	3496	0	752	5ce096fd8a5f2875548298d7999e2e802ac71a41615d0ada659dc768e1d03143	144f1595	750	2	gba_lz77	752	752	0	streams/0169-LAYOUT_SHOAL_CAVE_HIGH_TIDE_INNER_ROOM.lz	
170	LAYOUT_UNUSED_CAVE1	UnusedCave1_Layout	emerald	1	1	2	240	480	data/layouts/UnusedCave1/map.bin	data/layouts/UnusedCave1/map.bin	27bfae0e6b1dc6d09ebc4b92b48fea35635b03360be5242e22be2ac087ec8690	00a2fc72	4	2	12	6fdf942b917f6e034ea2ffeb61d9cd810f580366357de6e8241a7fd14569c87c	729d8e36	9	3	raw	4	4	0		
171	LAYOUT_UNUSED_CAVE2	UnusedCave2_Layout	emerald	1	1	2	240	480	data/layouts/UnusedCave2/map.bin	data/layouts/UnusedCave2/map.bin	27bfae0e6b1dc6d09ebc4b92b48fea35635b03360be5242e22be2ac087ec8690	00a2fc72	4	2	12	6fdf942b917f6e034ea2ffeb61d9cd810f580366357de6e8241a7fd14569c87c	729d8e36	9	3	raw	4	4	0		
172	LAYOUT_UNUSED_CAVE3	UnusedCave3_Layout	emerald	1	1	2	240	480	data/layouts/UnusedCave3/map.bin	data/layouts/UnusedCave3/map.bin	27bfae0e6b1dc6d09ebc4b92b48fea35635b03360be5242e22be2ac087ec8690	00a2fc72	4	2	12	6fdf942b917f6e034ea2ffeb61d9cd810f580366357de6e8241a7fd14569c87c	729d8e36	9	3	raw	4	4	0		
173	LAYOUT_UNUSED_CAVE4	UnusedCave4_Layout	emerald	1	1	2	240	480	data/layouts/UnusedCave4/map.bin	data/layouts/UnusedCave4/map.bin	27bfae0e6b1dc6d09ebc4b92b48fea35635b03360be5242e22be2ac087ec8690	00a2fc72	4	2	12	6fdf942b917f6e034ea2ffeb61d9cd810f580366357de6e8241a7fd14569c87c	729d8e36	9	3	raw	4	4	0		
174	LAYOUT_UNUSED_CAVE5	UnusedCave5_Layout	emerald	1	1	2	240	480	data/layouts/UnusedCave5/map.bin	data/layouts/UnusedCave5/map.bin	27bfae0e6b1dc6d09ebc4b92b48fea35635b03360be5242e22be2ac087ec8690	00a2fc72	4	2	12	6fdf942b917f6e034ea2ffeb61d9cd810f580366357de6e8241a7fd14569c87c	729d8e36	9	3	raw	4	4	0		
175	LAYOUT_UNUSED_CAVE6	UnusedCave6_Layout	emerald	1	1	2	240	480	data/layouts/UnusedCave6/map.bin	data/layouts/UnusedCave6/map.bin	27bfae0e6b1dc6d09ebc4b92b48fea35635b03360be5242e22be2ac087ec8690	00a2fc72	4	2	12	6fdf942b917f6e034ea2ffeb61d9cd810f580366357de6e8241a7fd14569c87c	729d8e36	9	3	raw	4	4	0		
176	LAYOUT_UNUSED_CAVE7	UnusedCave7_Layout	emerald	1	1	2	240	480	data/layouts/UnusedCave7/map.bin	data/layouts/UnusedCave7/map.bin	27bfae0e6b1dc6d09ebc4b92b48fea35635b03360be5242e22be2ac087ec8690	00a2fc72	4	2	12	6fdf942b917f6e034ea2ffeb61d9cd810f580366357de6e8241a7fd14569c87c	729d8e36	9	3	raw	4	4	0		
177	LAYOUT_UNUSED_CAVE8	UnusedCave8_Layout	emerald	1	1	2	240	480	data/layouts/UnusedCave8/map.bin	data/layouts/UnusedCave8/map.bin	27bfae0e6b1dc6d09ebc4b92b48fea35635b03360be5242e22be2ac087ec8690	00a2fc72	4	2	12	6fdf942b917f6e034ea2ffeb61d9cd810f580366357de6e8241a7fd14569c87c	729d8e36	9	3	raw	4	4	0		
178	LAYOUT_UNUSED_CAVE9	UnusedCave9_Layout	emerald	1	1	2	240	480	data/layouts/UnusedCave9/map.bin	data/layouts/UnusedCave9/map.bin	27bfae0e6b1dc6d09ebc4b92b48fea35635b03360be5242e22be2ac087ec8690	00a2fc72	4	2	12	6fdf942b917f6e034ea2ffeb61d9cd810f580366357de6e8241a7fd14569c87c	729d8e36	9	3	raw	4	4	0		
179	LAYOUT_UNUSED_CAVE10	UnusedCave10_Layout	emerald	1	1	2	240	480	data/layouts/UnusedCave10/map.bin	data/layouts/UnusedCave10/map.bin	27bfae0e6b1dc6d09ebc4b92b48fea35635b03360be5242e22be2ac087ec8690	00a2fc72	4	2	12	6fdf942b917f6e034ea2ffeb61d9cd810f580366357de6e8241a7fd14569c87c	729d8e36	9	3	raw	4	4	0		
180	LAYOUT_UNUSED_CAVE11	UnusedCave11_Layout	emerald	1	1	2	240	480	data/layouts/UnusedCave11/map.bin	data/layouts/UnusedCave11/map.bin	27bfae0e6b1dc6d09ebc4b92b48fea35635b03360be5242e22be2ac087ec8690	00a2fc72	4	2	12	6fdf942b917f6e034ea2ffeb61d9cd810f580366357de6e8241a7fd14569c87c	729d8e36	9	3	raw	4	4	0		
181	LAYOUT_UNUSED_CAVE12	UnusedCave12_Layout	emerald	1	1	2	240	480	data/layouts/UnusedCave12/map.bin	data/layouts/UnusedCave12/map.bin	27bfae0e6b1dc6d09ebc4b92b48fea35635b03360be5242e22be2ac087ec8690	00a2fc72	4	2	12	6fdf942b917f6e034ea2ffeb61d9cd810f580366357de6e8241a7fd14569c87c	729d8e36	9	3	raw	4	4	0		
182	LAYOUT_UNUSED_CAVE13	UnusedCave13_Layout	emerald	1	1	2	240	480	data/layouts/UnusedCave13/map.bin	data/layouts/UnusedCave13/map.bin	27bfae0e6b1dc6d09ebc4b92b48fea35635b03360be5242e22be2ac087ec8690	00a2fc72	4	2	12	6fdf942b917f6e034ea2ffeb61d9cd810f580366357de6e8241a7fd14569c87c	729d8e36	9	3	raw	4	4	0		
183	LAYOUT_UNUSED_CAVE14	UnusedCave14_Layout	emerald	1	1	2	240	480	data/layouts/UnusedCave14/map.bin	data/layouts/UnusedCave14/map.bin	27bfae0e6b1dc6d09ebc4b92b48fea35635b03360be5242e22be2ac087ec8690	00a2fc72	4	2	12	6fdf942b917f6e034ea2ffeb61d9cd810f580366357de6e8241a7fd14569c87c	729d8e36	9	3	raw	4	4	0		
184	LAYOUT_NEW_MAUVILLE_ENTRANCE	NewMauville_Entrance_Layout	emerald	9	9	162	552	1104	data/layouts/NewMauville_Entrance/map.bin	data/layouts/NewMauville_Entrance/map.bin	3cd57c2ccae3c7e910b3558df5c9ad72d597294622f2b5552f3cfeb0d9d50aa8	22def316	162	0	96	21b37ae24d5800927e8cff0800b0ce68760198fee22e77288ac1702c082170e9	8d95e452	94	2	gba_lz77	96	96	0	streams/0184-LAYOUT_NEW_MAUVILLE_ENTRANCE.lz	
185	LAYOUT_NEW_MAUVILLE_INSIDE	NewMauville_Inside_Layout	emerald	41	41	3362	3080	6160	data/layouts/NewMauville_Inside/map.bin	data/layouts/NewMauville_Inside/map.bin	a037e53327c05e96978eb19ebf4cd629fadf51f67697925aeae6ef930b80ff9d	eee1033b	3362	0	1128	7612d8c9210d9ad37cf892fc35e77e1aeb44bed21c536166bf96125005e383f2	f5d2a89c	1125	3	gba_lz77	1128	1128	0	streams/0185-LAYOUT_NEW_MAUVILLE_INSIDE.lz	
186	LAYOUT_ABANDONED_SHIP_DECK	AbandonedShip_Deck_Layout	emerald	23	21	966	1330	2660	data/layouts/AbandonedShip_Deck/map.bin	data/layouts/AbandonedShip_Deck/map.bin	81b00f52675c10479807e362e4f13bb486ae17074f88435badec024d957efc0f	69e6bff9	966	0	328	d2176d37843e461572a074b3c81b467bb90c7771084aadfdf7d39f468d6e124a	f665fee6	327	1	gba_lz77	328	328	0	streams/0186-LAYOUT_ABANDONED_SHIP_DECK.lz	
187	LAYOUT_ABANDONED_SHIP_CORRIDORS_1F	AbandonedShip_Corridors_1F_Layout	emerald	18	12	432	858	1716	data/layouts/AbandonedShip_Corridors_1F/map.bin	data/layouts/AbandonedShip_Corridors_1F/map.bin	7c5efaee005967f1ee4e980fec43adb537f599d730919d950173525f667297fd	25185e78	432	0	200	41226f5f58d2756971ed37ee052af7ab2fb552727a0fbf593a6adb1a7fcab333	0a08f778	200	0	gba_lz77	200	200	0	streams/0187-LAYOUT_ABANDONED_SHIP_CORRIDORS_1F.lz	
188	LAYOUT_ABANDONED_SHIP_ROOMS_1F	AbandonedShip_Rooms_1F_Layout	emerald	18	17	612	1023	2046	data/layouts/AbandonedShip_Rooms_1F/map.bin	data/layouts/AbandonedShip_Rooms_1F/map.bin	d36406f4f9973981a828967709f2976ce635f585481c5f369d0269aa12fab296	a2bef81c	612	0	244	5c151966f1e7725b0160e3b803f9e5fec5a30a20615e61dc4e585de7d5b421e9	144b2cd9	244	0	gba_lz77	244	244	0	streams/0188-LAYOUT_ABANDONED_SHIP_ROOMS_1F.lz	
189	LAYOUT_ABANDONED_SHIP_CORRIDORS_B1F	AbandonedShip_Corridors_B1F_Layout	emerald	13	10	260	672	1344	data/layouts/AbandonedShip_Corridors_B1F/map.bin	data/layouts/AbandonedShip_Corridors_B1F/map.bin	3a1e6a4904adf5f5909a9449c141073fc3dca6e4c853c8b2da51d8d606c5ba0a	42e7686f	260	0	124	0b89d2ac0cfe80cdb0e6281b2896f60984268c682e81f80ea1bae0ef9c6f682e	c001532a	123	1	gba_lz77	124	124	0	streams/0189-LAYOUT_ABANDONED_SHIP_CORRIDORS_B1F.lz	
190	LAYOUT_ABANDONED_SHIP_ROOMS_B1F	AbandonedShip_Rooms_B1F_Layout	emerald	27	8	432	924	1848	data/layouts/AbandonedShip_Rooms_B1F/map.bin	data/layouts/AbandonedShip_Rooms_B1F/map.bin	4d17fd00d9e344d391bde5dff97f9a47b45d5f8c376f48546589f33d953afaec	01462683	432	0	240	75bfa3955946cd1c2be221e3d77ddc3f437775fb10125493a8a50c75cc4463af	3daf7531	238	2	gba_lz77	240	240	0	streams/0190-LAYOUT_ABANDONED_SHIP_ROOMS_B1F.lz	
191	LAYOUT_ABANDONED_SHIP_ROOMS2_B1F	AbandonedShip_Rooms2_B1F_Layout	emerald	18	8	288	726	1452	data/layouts/AbandonedShip_Rooms2_B1F/map.bin	data/layouts/AbandonedShip_Rooms2_B1F/map.bin	08d98611123fe43d9e9a053f4f693fb279bc37d0207b8b1bc2acac6312b48df9	79c04bbd	288	0	156	07e08a14f9e4565223f2d8f5dde976ed03a7b6a3eeda3e65b3acd6ee6bdcffeb	27132d32	156	0	gba_lz77	156	156	0	streams/0191-LAYOUT_ABANDONED_SHIP_ROOMS2_B1F.lz	
192	LAYOUT_ABANDONED_SHIP_UNDERWATER1	AbandonedShip_Underwater1_Layout	emerald	8	8	128	506	1012	data/layouts/AbandonedShip_Underwater1/map.bin	data/layouts/AbandonedShip_Underwater1/map.bin	deaf6252611366a364640bee173e6bf2af45cf72359dd6a1c3de9081637be7cc	b825413b	128	0	84	fb25104b8a38bf8cc497f39fa8fda92c3faefda02c81cb9c78547c7e0a7c407f	e1104e8e	81	3	gba_lz77	84	84	0	streams/0192-LAYOUT_ABANDONED_SHIP_UNDERWATER1.lz	
193	LAYOUT_ABANDONED_SHIP_ROOM_B1F	AbandonedShip_Room_B1F_Layout	emerald	9	8	144	528	1056	data/layouts/AbandonedShip_Room_B1F/map.bin	data/layouts/AbandonedShip_Room_B1F/map.bin	c189648bf476014169c61633bff156da7bcde13feebc4194077d7053d5d44d8a	987d9bf8	144	0	64	a86d77508abe82cef5e52ddfc76f21d216a4c113ca99dbd29a9f696ae0f93f07	61ad4e62	63	1	gba_lz77	64	64	0	streams/0193-LAYOUT_ABANDONED_SHIP_ROOM_B1F.lz	
194	LAYOUT_ABANDONED_SHIP_ROOMS2_1F	AbandonedShip_Rooms2_1F_Layout	emerald	9	17	306	744	1488	data/layouts/AbandonedShip_Rooms2_1F/map.bin	data/layouts/AbandonedShip_Rooms2_1F/map.bin	fb40beb4207568ac854f4214ed17c02382cebb697858afde3b4a5d89114cc388	830544e4	306	0	152	fcb5d355fc434f1404bc96c4c6cb58c880ce8d2b2e29ba3ca5fac347cd793013	1398e9e0	152	0	gba_lz77	152	152	0	streams/0194-LAYOUT_ABANDONED_SHIP_ROOMS2_1F.lz	
195	LAYOUT_ABANDONED_SHIP_CAPTAINS_OFFICE	AbandonedShip_CaptainsOffice_Layout	emerald	9	7	126	504	1008	data/layouts/AbandonedShip_CaptainsOffice/map.bin	data/layouts/AbandonedShip_CaptainsOffice/map.bin	1474644e37e27a13041ca876be160f6fc060f7b647f8265ef946a45078fc287d	b136f819	126	0	88	42a966f672bf61897d07ef0dce0f2cb6a25b7f91ef2ed5840362e90498ce405c	ed534f0b	85	3	gba_lz77	88	88	0	streams/0195-LAYOUT_ABANDONED_SHIP_CAPTAINS_OFFICE.lz	
196	LAYOUT_ABANDONED_SHIP_UNDERWATER2	AbandonedShip_Underwater2_Layout	emerald	21	7	294	756	1512	data/layouts/AbandonedShip_Underwater2/map.bin	data/layouts/AbandonedShip_Underwater2/map.bin	ee8009db0563719ed2638d976a533eb99e4dc867acecc977f1e171f55bcf8e47	94bb5686	294	0	112	25b60d798720408e8cd80a039770dc2d97bcdeaa8248e6394a2b3f32d207d617	523362c8	110	2	gba_lz77	112	112	0	streams/0196-LAYOUT_ABANDONED_SHIP_UNDERWATER2.lz	
197	LAYOUT_SECRET_BASE_RED_CAVE1	SecretBase_RedCave1_Layout	emerald	11	9	198	598	1196	data/layouts/SecretBase_RedCave1/map.bin	data/layouts/SecretBase_RedCave1/map.bin	736c354405f5c02d015cbc20fa7a4ce70ea1df59e37fa1e238b2aaae06227ec6	8e8ceaca	198	0	84	70877e163099b1bad2ce5d2680c33b5cc8eed50bfd98020be6921f73f635ef57	c7bc3223	84	0	gba_lz77	84	84	0	streams/0197-LAYOUT_SECRET_BASE_RED_CAVE1.lz	secret_base
198	LAYOUT_SECRET_BASE_BROWN_CAVE1	SecretBase_BrownCave1_Layout	emerald	11	9	198	598	1196	data/layouts/SecretBase_BrownCave1/map.bin	data/layouts/SecretBase_BrownCave1/map.bin	274a69f964b5d8bc61e55d63a8fb8abb5448bad2afd069abea4711730124d78c	af04ef4e	198	0	76	0d072c57cac27cb17485c8f83e6081c5ebbcfda2b860b04335bfb3c14fbc5972	afc74c8e	76	0	gba_lz77	76	76	0	streams/0198-LAYOUT_SECRET_BASE_BROWN_CAVE1.lz	secret_base
199	LAYOUT_SECRET_BASE_BLUE_CAVE1	SecretBase_BlueCave1_Layout	emerald	11	9	198	598	1196	data/layouts/SecretBase_BlueCave1/map.bin	data/layouts/SecretBase_BlueCave1/map.bin	0ff172e6ed63beacf53f9bf6465a6df441dc8b73231150e7c15c7bf01cd4e6b7	3d02e7a3	198	0	88	6fdc2dae27117ea11f809105bdbf743af9e466a502e9ca8c512dd9ed8451e685	36f16045	85	3	gba_lz77	88	88	0	streams/0199-LAYOUT_SECRET_BASE_BLUE_CAVE1.lz	secret_base
200	LAYOUT_SECRET_BASE_YELLOW_CAVE1	SecretBase_YellowCave1_Layout	emerald	11	9	198	598	1196	data/layouts/SecretBase_YellowCave1/map.bin	data/layouts/SecretBase_YellowCave1/map.bin	5966413b94bb216547c812028aafdb4aefc6a7c066b85d25a4f27389bff0ac35	f5eb5c43	198	0	80	3ab91ddca39d9f7a9377e37511dc9b8418918d4de76e35f886d4d80ba33a71c5	7f1716af	78	2	gba_lz77	80	80	0	streams/0200-LAYOUT_SECRET_BASE_YELLOW_CAVE1.lz	secret_base
201	LAYOUT_SECRET_BASE_TREE1	SecretBase_Tree1_Layout	emerald	11	9	198	598	1196	data/layouts/SecretBase_Tree1/map.bin	data/layouts/SecretBase_Tree1/map.bin	18882a5ad3577dd6e37d9856bfc6f60ecb2f257cae3964e0f2dca73658e72324	c8bccb9b	198	0	80	06cf2cba284fbe38bb81b56c1aa9579ac787a3e470000c47b648d2a42baacc6e	dc098a99	80	0	gba_lz77	80	80	0	streams/0201-LAYOUT_SECRET_BASE_TREE1.lz	secret_base
202	LAYOUT_SECRET_BASE_SHRUB1	SecretBase_Shrub1_Layout	emerald	11	9	198	598	1196	data/layouts/SecretBase_Shrub1/map.bin	data/layouts/SecretBase_Shrub1/map.bin	6cc9c41b82d2859fc861eb3a78f4e92401a666f75b60eb01f173fafc4f4aff78	92e9a733	198	0	88	a5394665ae5a578425cd2c1f5d64d7d2941679ceb7a385ae1b6d78eff637b32e	e25504bd	87	1	gba_lz77	88	88	0	streams/0202-LAYOUT_SECRET_BASE_SHRUB1.lz	secret_base
203	LAYOUT_SECRET_BASE_RED_CAVE2	SecretBase_RedCave2_Layout	emerald	7	16	224	660	1320	data/layouts/SecretBase_RedCave2/map.bin	data/layouts/SecretBase_RedCave2/map.bin	ee0c30ebdf3747ead15e0ea3534130a2c198d8ac88ae1031a05bbb514676ce8d	5870ec8c	224	0	100	1d093bfb3d3abca6554155b2e02c53aa56bc0faa97edf742fde6f0d9e212e0d2	7dc44571	98	2	gba_lz77	100	100	0	streams/0203-LAYOUT_SECRET_BASE_RED_CAVE2.lz	secret_base
204	LAYOUT_SECRET_BASE_BROWN_CAVE2	SecretBase_BrownCave2_Layout	emerald	14	9	252	667	1334	data/layouts/SecretBase_BrownCave2/map.bin	data/layouts/SecretBase_BrownCave2/map.bin	ff741c253db94314cfe9c06d0d96ff3fc7526c4bd07f6387d714281e5bf6e2f0	d7157df0	252	0	88	0a3c5ddaafa25b1bd0b8b8390f3564d283677bef783ce02263492292b9c152af	ae0f06cf	87	1	gba_lz77	88	88	0	streams/0204-LAYOUT_SECRET_BASE_BROWN_CAVE2.lz	secret_base
205	LAYOUT_SECRET_BASE_BLUE_CAVE2	SecretBase_BlueCave2_Layout	emerald	15	7	210	630	1260	data/layouts/SecretBase_BlueCave2/map.bin	data/layouts/SecretBase_BlueCave2/map.bin	577495c2336e098d3abd083891fa0f10ba8495463d72eab89bf11900854e9e9f	425e5916	210	0	80	3fc8ad634a3cc5368266c453412fd7bcd2623a75712b49bebfb08131e4e3799a	ea0bf99e	80	0	gba_lz77	80	80	0	streams/0205-LAYOUT_SECRET_BASE_BLUE_CAVE2.lz	secret_base
206	LAYOUT_SECRET_BASE_YELLOW_CAVE2	SecretBase_YellowCave2_Layout	emerald	14	9	252	667	1334	data/layouts/SecretBase_YellowCave2/map.bin	data/layouts/SecretBase_YellowCave2/map.bin	2df33d8de23f9290cdafcd8a42a0bd0176a989fc13ec5599c8ee74db3b8ba817	a892a242	252	0	92	fcc47ae2f408aa31336c78c790212ca95e570e025e6acae3d6c4457ff74e741b	f2076f1a	92	0	gba_lz77	92	92	0	streams/0206-LAYOUT_SECRET_BASE_YELLOW_CAVE2.lz	secret_base
207	LAYOUT_SECRET_BASE_TREE2	SecretBase_Tree2_Layout	emerald	7	16	224	660	1320	data/layouts/SecretBase_Tree2/map.bin	data/layouts/SecretBase_Tree2/map.bin	9e21fc292f83a92d736fc2b15f5adaf608566eb97c34c2966f8d0fa75157c54b	dbbf0622	224	0	88	9b86dd58e6e967d3847009be9166f3eb8999e65bc500cba62d110d333995d15d	6787c78b	87	1	gba_lz77	88	88	0	streams/0207-LAYOUT_SECRET_BASE_TREE2.lz	secret_base
208	LAYOUT_SECRET_BASE_SHRUB2	SecretBase_Shrub2_Layout	emerald	15	7	210	630	1260	data/layouts/SecretBase_Shrub2/map.bin	data/layouts/SecretBase_Shrub2/map.bin	6f5b80895e383f77b937a10e8fb1046f22fbaa9c72bd157b3b944e0b5c442032	c6f21815	210	0	80	350f8b163511f37e8b722bc64ea4d8d76f7f5d10494650582c8a232c02bc5a83	5056ddc2	79	1	gba_lz77	80	80	0	streams/0208-LAYOUT_SECRET_BASE_SHRUB2.lz	secret_base
209	LAYOUT_SECRET_BASE_RED_CAVE3	SecretBase_RedCave3_Layout	emerald	15	8	240	660	1320	data/layouts/SecretBase_RedCave3/map.bin	data/layouts/SecretBase_RedCave3/map.bin	2fcfcdec1b364d405ff32d836582341428704b1cb06670238cdcdefddee538e1	78646cd1	240	0	108	839a125a4bd9f5cf911a1433e788fa37467b7f6999740d9bcfbc561094a0e1eb	7f8e05d3	106	2	gba_lz77	108	108	0	streams/0209-LAYOUT_SECRET_BASE_RED_CAVE3.lz	secret_base
210	LAYOUT_SECRET_BASE_BROWN_CAVE3	SecretBase_BrownCave3_Layout	emerald	15	11	330	750	1500	data/layouts/SecretBase_BrownCave3/map.bin	data/layouts/SecretBase_BrownCave3/map.bin	1dc5b8c4855cec2594caab5484281b220c5a5353cba18dda451fb513439a85a0	211ff000	330	0	108	55e25de3c33ef4c95ce07dcf2d129e7dee58d31ef9ad093af73be9e0609ce420	1e26798e	107	1	gba_lz77	108	108	0	streams/0210-LAYOUT_SECRET_BASE_BROWN_CAVE3.lz	secret_base
211	LAYOUT_SECRET_BASE_BLUE_CAVE3	SecretBase_BlueCave3_Layout	emerald	10	17	340	775	1550	data/layouts/SecretBase_BlueCave3/map.bin	data/layouts/SecretBase_BlueCave3/map.bin	cb187e924d4ec0b2b6f68daef16c60f5a963cc8060395a6a0472a2fd3f902e9b	d5949f6f	340	0	120	d041feda6dcdb4933bbe21aa5e591363a1c6f0a495453e4b2dded4087431bd22	835a83bd	117	3	gba_lz77	120	120	0	streams/0211-LAYOUT_SECRET_BASE_BLUE_CAVE3.lz	secret_base
212	LAYOUT_SECRET_BASE_YELLOW_CAVE3	SecretBase_YellowCave3_Layout	emerald	12	11	264	675	1350	data/layouts/SecretBase_YellowCave3/map.bin	data/layouts/SecretBase_YellowCave3/map.bin	895cfda8ddac1eedc90a86acf7b84a98cb1dd5f058da7b113f34a2f925a403c6	01fb6b81	264	0	92	c6625fff6e4023294fb1c77f005ef03c9e746240eb14c602061d3523f58b19de	c60180ac	90	2	gba_lz77	92	92	0	streams/0212-LAYOUT_SECRET_BASE_YELLOW_CAVE3.lz	secret_base
213	LAYOUT_SECRET_BASE_TREE3	SecretBase_Tree3_Layout	emerald	17	8	272	704	1408	data/layouts/SecretBase_Tree3/map.bin	data/layouts/SecretBase_Tree3/map.bin	3db453a98153eab43a5fda9abdde321f9034f2307d529824f4a800b4f1a72a02	d3a0e907	272	0	92	9266b0cbdaa2297f5afb0e2fe2b766ace9fc6e3a98cd8c293e36d7e0f851f3dc	645a6de6	91	1	gba_lz77	92	92	0	streams/0213-LAYOUT_SECRET_BASE_TREE3.lz	secret_base
214	LAYOUT_SECRET_BASE_SHRUB3	SecretBase_Shrub3_Layout	emerald	13	11	286	700	1400	data/layouts/SecretBase_Shrub3/map.bin	data/layouts/SecretBase_Shrub3/map.bin	14aa546fbd8af337465c7bd00961b8899f26235445e74f6ea7f532027d19b544	75156e39	286	0	104	c41cacbae851213720512c4a3dfcbd2d53f6234480f31bdace4882383398ddd8	6f5833dd	103	1	gba_lz77	104	104	0	streams/0214-LAYOUT_SECRET_BASE_SHRUB3.lz	secret_base
215	LAYOUT_SECRET_BASE_RED_CAVE4	SecretBase_RedCave4_Layout	emerald	9	15	270	696	1392	data/layouts/SecretBase_RedCave4/map.bin	data/layouts/SecretBase_RedCave4/map.bin	6c27811f846b06b3f2892f9cd32b18ae10ea6c22cc7be1ca8b5d2207fcf7cd90	75f1b955	270	0	100	0ee0ca63992ea84f38bb67d3892139620b2971b59a684f1460210a345a248637	169cb707	100	0	gba_lz77	100	100	0	streams/0215-LAYOUT_SECRET_BASE_RED_CAVE4.lz	secret_base
216	LAYOUT_SECRET_BASE_BROWN_CAVE4	SecretBase_BrownCave4_Layout	emerald	14	12	336	754	1508	data/layouts/SecretBase_BrownCave4/map.bin	data/layouts/SecretBase_BrownCave4/map.bin	b00fcb25d10ce343d882c252dfc5ff995389d0db757e6f2287eab5fd18bd572e	d2a36b88	336	0	104	abc531a4708f21e9687b3d3d957d21c71ae0a10f2ed6c45db1a3231595ee0a7e	e3fc2d75	103	1	gba_lz77	104	104	0	streams/0216-LAYOUT_SECRET_BASE_BROWN_CAVE4.lz	secret_base
217	LAYOUT_SECRET_BASE_BLUE_CAVE4	SecretBase_BlueCave4_Layout	emerald	9	17	306	744	1488	data/layouts/SecretBase_BlueCave4/map.bin	data/layouts/SecretBase_BlueCave4/map.bin	911d2a4d8984f97a7fd5e9d817dda22e78dbd57ec47030dd9d9ad2ef3823f02e	cdece204	306	0	116	3bc3ddda93cdf284a382771225da3cc533a3059940748ffe211a8b3e5b9e69e2	5c53abc1	113	3	gba_lz77	116	116	0	streams/0217-LAYOUT_SECRET_BASE_BLUE_CAVE4.lz	secret_base
218	LAYOUT_SECRET_BASE_YELLOW_CAVE4	SecretBase_YellowCave4_Layout	emerald	13	14	364	784	1568	data/layouts/SecretBase_YellowCave4/map.bin	data/layouts/SecretBase_YellowCave4/map.bin	84d712b8ac5eba4e84740ca08c0740691fe45cbcbc3c18727962e5338cf3c98b	ab1b713e	364	0	116	d687170d2454f3f5ecbcc923289a219a4590e250a8129c939f1af6c58f0392b8	1f66724b	113	3	gba_lz77	116	116	0	streams/0218-LAYOUT_SECRET_BASE_YELLOW_CAVE4.lz	secret_base
219	LAYOUT_SECRET_BASE_TREE4	SecretBase_Tree4_Layout	emerald	14	14	392	812	1624	data/layouts/SecretBase_Tree4/map.bin	data/layouts/SecretBase_Tree4/map.bin	22710c6c30cf084361232425cb195ae5a81536ee05dcc35327e4f51239136a10	f65b5d98	392	0	128	6497f0c10d4193eed96bfdd4a3a4c3e2c24f4813b91f02c75daa6aa0fb189e10	c4ccaab5	128	0	gba_lz77	128	128	0	streams/0219-LAYOUT_SECRET_BASE_TREE4.lz	secret_base
220	LAYOUT_SECRET_BASE_SHRUB4	SecretBase_Shrub4_Layout	emerald	14	11	308	725	1450	data/layouts/SecretBase_Shrub4/map.bin	data/layouts/SecretBase_Shrub4/map.bin	388c8c85ab030d845b1bee096b74ff1e92ede5d1d67641befc72596511e6ae08	c508adf9	308	0	112	35b562522e4615923e0b61e9257838c0177a184e8f7ab26f38c93c3c80b8087f	43b8ef78	111	1	gba_lz77	112	112	0	streams/0220-LAYOUT_SECRET_BASE_SHRUB4.lz	secret_base
221	LAYOUT_BATTLE_COLOSSEUM_2P	BattleColosseum_2P_Layout	emerald	14	9	252	667	1334	data/layouts/BattleColosseum_2P/map.bin	data/layouts/BattleColosseum_2P/map.bin	aacc4cc47e0e23c12483e31192574b93af0c9172ce4a7c0c7c0e0437dbf4f0c9	b6cea9ad	252	0	172	cb7619c556fea79feb8fba75baecef1e2c00c8082a5ca2f3dc38c1b9f48a7242	67706853	170	2	gba_lz77	172	172	0	streams/0221-LAYOUT_BATTLE_COLOSSEUM_2P.lz	
222	LAYOUT_TRADE_CENTER	TradeCenter_Layout	emerald	12	9	216	621	1242	data/layouts/TradeCenter/map.bin	data/layouts/TradeCenter/map.bin	b4469368016755809e884b73bbe3a546ac5fac922a4fcd2df5307f149fdb4430	36b15a8f	216	0	196	fd3bdc3798524a25c877598eed3376e78c5566d0ac1f186f865980459616c917	4dace429	195	1	gba_lz77	196	196	0	streams/0222-LAYOUT_TRADE_CENTER.lz	
223	LAYOUT_TRADE_CENTER_HNS	TradeCenter_hns_Layout	hns	12	9	216	621	1242	data/layouts/TradeCenter_hns/map.bin	data/layouts/TradeCenter_hns/map.bin	b4469368016755809e884b73bbe3a546ac5fac922a4fcd2df5307f149fdb4430	36b15a8f	216	0	196	fd3bdc3798524a25c877598eed3376e78c5566d0ac1f186f865980459616c917	4dace429	195	1	gba_lz77	196	196	0	streams/0223-LAYOUT_TRADE_CENTER_HNS.lz	
224	LAYOUT_BATTLE_COLOSSEUM_2P_HNS	BattleColosseum_2P_hns_Layout	hns	14	9	252	667	1334	data/layouts/BattleColosseum_2P_hns/map.bin	data/layouts/BattleColosseum_2P_hns/map.bin	aacc4cc47e0e23c12483e31192574b93af0c9172ce4a7c0c7c0e0437dbf4f0c9	b6cea9ad	252	0	172	cb7619c556fea79feb8fba75baecef1e2c00c8082a5ca2f3dc38c1b9f48a7242	67706853	170	2	gba_lz77	172	172	0	streams/0224-LAYOUT_BATTLE_COLOSSEUM_2P_HNS.lz	
225	LAYOUT_RECORD_CORNER	RecordCorner_Layout	emerald	20	10	400	840	1680	data/layouts/RecordCorner/map.bin	data/layouts/RecordCorner/map.bin	8998e6622f67c87c8be7d91a5c81cc382c896a9a4c9065553df06e26a5fc89db	b5be15c8	400	0	188	9d1c3e2aa8f82ad6af03ed895fd41680e84d1c9b74e73ec9fb109c137ee25a48	44e2e25e	188	0	gba_lz77	188	188	0	streams/0225-LAYOUT_RECORD_CORNER.lz	
226	LAYOUT_BATTLE_COLOSSEUM_4P	BattleColosseum_4P_Layout	emerald	14	9	252	667	1334	data/layouts/BattleColosseum_4P/map.bin	data/layouts/BattleColosseum_4P/map.bin	69efaf03504bbceb003d4f068e566565572d2b7af15e94ce0ea71db2fca099a1	d7830e44	252	0	172	26ecb07b82b5f327545c756755bd1083ca01151c3c645f1014947d774a8250c7	6bd20d7e	170	2	gba_lz77	172	172	0	streams/0226-LAYOUT_BATTLE_COLOSSEUM_4P.lz	
227	LAYOUT_CONTEST_HALL	ContestHall_Layout	emerald	15	11	330	750	1500	data/layouts/ContestHall/map.bin	data/layouts/ContestHall/map.bin	e8fbb7611a5a9bbf5fe5278d413abb0d7740c9fdbd120d1d33900c6cd561dd59	6db567ea	330	0	132	339c40486acd186bc003958c5669daf19533fbc91e5c24b42910c74bbc2a1248	70758b6a	131	1	gba_lz77	132	132	0	streams/0227-LAYOUT_CONTEST_HALL.lz	
228	LAYOUT_UNUSED_CONTEST_HALL1	UnusedContestHall1_Layout	emerald	1	1	2	240	480	data/layouts/UnusedContestHall1/map.bin	data/layouts/UnusedContestHall1/map.bin	47f844a39ac23142445523cb72edb75f397308ac71efc17f2b9daede7e50e602	040ff8c6	2	0	8	c5f9f4fce19cdd7209a6c66703c795ed0d662778373e3ca5ce95b4da568ce7e0	d146a189	7	1	raw	2	4	0		
229	LAYOUT_UNUSED_CONTEST_HALL2	UnusedContestHall2_Layout	emerald	1	1	2	240	480	data/layouts/UnusedContestHall2/map.bin	data/layouts/UnusedContestHall2/map.bin	47f844a39ac23142445523cb72edb75f397308ac71efc17f2b9daede7e50e602	040ff8c6	2	0	8	c5f9f4fce19cdd7209a6c66703c795ed0d662778373e3ca5ce95b4da568ce7e0	d146a189	7	1	raw	2	4	2		
230	LAYOUT_UNUSED_CONTEST_HALL3	UnusedContestHall3_Layout	emerald	1	1	2	240	480	data/layouts/UnusedContestHall3/map.bin	data/layouts/UnusedContestHall3/map.bin	47f844a39ac23142445523cb72edb75f397308ac71efc17f2b9daede7e50e602	040ff8c6	2	0	8	c5f9f4fce19cdd7209a6c66703c795ed0d662778373e3ca5ce95b4da568ce7e0	d146a189	7	1	raw	2	4	2		
231	LAYOUT_UNUSED_CONTEST_HALL4	UnusedContestHall4_Layout	emerald	1	1	2	240	480	data/layouts/UnusedContestHall4/map.bin	data/layouts/UnusedContestHall4/map.bin	47f844a39ac23142445523cb72edb75f397308ac71efc17f2b9daede7e50e602	040ff8c6	2	0	8	c5f9f4fce19cdd7209a6c66703c795ed0d662778373e3ca5ce95b4da568ce7e0	d146a189	7	1	raw	2	4	2		
232	LAYOUT_UNUSED_CONTEST_HALL5	UnusedContestHall5_Layout	emerald	1	1	2	240	480	data/layouts/UnusedContestHall5/map.bin	data/layouts/UnusedContestHall5/map.bin	47f844a39ac23142445523cb72edb75f397308ac71efc17f2b9daede7e50e602	040ff8c6	2	0	8	c5f9f4fce19cdd7209a6c66703c795ed0d662778373e3ca5ce95b4da568ce7e0	d146a189	7	1	raw	2	4	2		
233	LAYOUT_UNUSED_CONTEST_HALL6	UnusedContestHall6_Layout	emerald	1	1	2	240	480	data/layouts/UnusedContestHall6/map.bin	data/layouts/UnusedContestHall6/map.bin	47f844a39ac23142445523cb72edb75f397308ac71efc17f2b9daede7e50e602	040ff8c6	2	0	8	c5f9f4fce19cdd7209a6c66703c795ed0d662778373e3ca5ce95b4da568ce7e0	d146a189	7	1	raw	2	4	2		
234	LAYOUT_CONTEST_HALL_BEAUTY	ContestHallBeauty_Layout	emerald	15	11	330	750	1500	data/layouts/ContestHallBeauty/map.bin	data/layouts/ContestHallBeauty/map.bin	ed5293fb453d55327020c6741c3cce83a0318aff98346b29e67ca712169eb5d8	18f77216	330	0	132	ba97aac65c1b73c65f2e6a821f8591e815cecad28fe44dee70c2d379cadcf775	df543b1f	131	1	gba_lz77	132	132	2	streams/0234-LAYOUT_CONTEST_HALL_BEAUTY.lz	
235	LAYOUT_CONTEST_HALL_TOUGH	ContestHallTough_Layout	emerald	15	11	330	750	1500	data/layouts/ContestHallTough/map.bin	data/layouts/ContestHallTough/map.bin	2febd3e41507406635e91ed040a89b410b7efc74e83ea296f0c0e61bd548b827	7c175d85	330	0	132	a2cc48209872116f9bcbde979a09fb6a46856ac597f355217b4d24d800feca3e	0493ade9	131	1	gba_lz77	132	132	0	streams/0235-LAYOUT_CONTEST_HALL_TOUGH.lz	
236	LAYOUT_CONTEST_HALL_COOL	ContestHallCool_Layout	emerald	15	11	330	750	1500	data/layouts/ContestHallCool/map.bin	data/layouts/ContestHallCool/map.bin	dfab7011b497e7179d388b0929888709a0a714a7eb815ea1720b646be77bb57d	4d017688	330	0	132	7b59915f34e99572dac6fdd9d7b73420bcc85d8130df0fc779f417a05353ebf4	93456b5c	131	1	gba_lz77	132	132	0	streams/0236-LAYOUT_CONTEST_HALL_COOL.lz	
237	LAYOUT_CONTEST_HALL_SMART	ContestHallSmart_Layout	emerald	15	11	330	750	1500	data/layouts/ContestHallSmart/map.bin	data/layouts/ContestHallSmart/map.bin	a72fd975d3ffd333e23f7c8a47aa25145a9367107a29a69041bbd4d41117fd4e	25c30138	330	0	132	15045ff4265e576bd562b0bf2b94ab923981d1bea0dc657be6ef83ec4caa47f3	1af30fd1	131	1	gba_lz77	132	132	0	streams/0237-LAYOUT_CONTEST_HALL_SMART.lz	
238	LAYOUT_CONTEST_HALL_CUTE	ContestHallCute_Layout	emerald	15	11	330	750	1500	data/layouts/ContestHallCute/map.bin	data/layouts/ContestHallCute/map.bin	74d3066c4f1f7e18fc7ef0898c1c7e59b69f97b16eef26f8081fd4c2c166be2d	65226ba9	330	0	132	29a07391ac0c97616b0f991807f55d29b5872669761e301752f743fc4606d4c3	0ca05203	131	1	gba_lz77	132	132	0	streams/0238-LAYOUT_CONTEST_HALL_CUTE.lz	
239	LAYOUT_INSIDE_OF_TRUCK	InsideOfTruck_Layout	emerald	5	5	50	380	760	data/layouts/InsideOfTruck/map.bin	data/layouts/InsideOfTruck/map.bin	66e6b4f115d9fcf884d8129fccad88c14458193f537de44b7b8cefcbd9944311	3b3149c9	50	0	64	8a35991971245965effaef16442208f1805bce33202146474a1325b15e8b1065	2767c1ef	61	3	raw	50	52	0		
240	LAYOUT_SAFARI_ZONE_NORTHWEST	SafariZone_Northwest_Layout	emerald	40	40	3200	2970	5940	data/layouts/SafariZone_Northwest/map.bin	data/layouts/SafariZone_Northwest/map.bin	73822abe288fc0f95ee6120d98bccab5865230ceb81b13997fadfbb716db772a	966500aa	3200	0	968	84b636d0b2a328c5c11607bfb387b19d586e993840a285ad75a859def97330e1	3c2a311a	965	3	gba_lz77	968	968	2	streams/0240-LAYOUT_SAFARI_ZONE_NORTHWEST.lz	
241	LAYOUT_SAFARI_ZONE_NORTH	SafariZone_North_Layout	emerald	40	40	3200	2970	5940	data/layouts/SafariZone_North/map.bin	data/layouts/SafariZone_North/map.bin	5d3b92cceaa6d9a6543802c998cfc89e8a405e740594c456ad7ed779a09c4e70	ef1acc24	3200	0	832	0a38981a14fc8fc81650601758f5c0a1ef98da7cf8365fded101244c41e094c9	61c33244	830	2	gba_lz77	832	832	0	streams/0241-LAYOUT_SAFARI_ZONE_NORTH.lz	
242	LAYOUT_SAFARI_ZONE_SOUTHWEST	SafariZone_Southwest_Layout	emerald	40	40	3200	2970	5940	data/layouts/SafariZone_Southwest/map.bin	data/layouts/SafariZone_Southwest/map.bin	158a126e05d21315e810f9d8919d7516857bc5603f7cce06d4eee3815c9e62fe	2515d6d3	3200	0	824	33b1bcd51ac3f2206617045d14cc429a505be139f71edc73a4fcad2f8c874a42	5920fc0d	823	1	gba_lz77	824	824	0	streams/0242-LAYOUT_SAFARI_ZONE_SOUTHWEST.lz	
243	LAYOUT_SAFARI_ZONE_SOUTH	SafariZone_South_Layout	emerald	40	40	3200	2970	5940	data/layouts/SafariZone_South/map.bin	data/layouts/SafariZone_South/map.bin	f58a8e3051e0af06e90f4323340aaa9dbb4545720a1032bba31f8e20e183c738	8c2c76b9	3200	0	840	18b92fe7e625a18bf3f979182e1b5562e6359d60c2c574dcfb9385d611d72c74	6579edb3	838	2	gba_lz77	840	840	0	streams/0243-LAYOUT_SAFARI_ZONE_SOUTH.lz	
244	LAYOUT_UNUSED_OUTDOOR_AREA	UnusedOutdoorArea_Layout	emerald	58	26	3016	2920	5840	data/layouts/UnusedOutdoorArea/map.bin	data/layouts/UnusedOutdoorArea/map.bin	b6f44d8e0d19ac9430fdb594d1f3f5abfb13e9401e239108a49f301a60a8baa8	348732f5	3016	0	748	a2c7a7c069fe77f340146e5d85de4161b8d0b4e8785f90154ee126ea317008ea	9ba85c3a	746	2	gba_lz77	748	748	0	streams/0244-LAYOUT_UNUSED_OUTDOOR_AREA.lz	
245	LAYOUT_ROUTE109_SEASHORE_HOUSE	Route109_SeashoreHouse_Layout	emerald	15	10	300	720	1440	data/layouts/Route109_SeashoreHouse/map.bin	data/layouts/Route109_SeashoreHouse/map.bin	c7485ff4023ad57cacf312ee151a93992dbf354b0c9c5452d5c6ef49190d8804	df8ba4ec	300	0	168	d9d89d8beb13eb2f58d5c73565deee7b6c197044717aec0f83585b59c93d93d7	8132a875	168	0	gba_lz77	168	168	0	streams/0245-LAYOUT_ROUTE109_SEASHORE_HOUSE.lz	
246	LAYOUT_ROUTE110_TRICK_HOUSE_ENTRANCE	Route110_TrickHouseEntrance_Layout	emerald	12	8	192	594	1188	data/layouts/Route110_TrickHouseEntrance/map.bin	data/layouts/Route110_TrickHouseEntrance/map.bin	822403817fd139aaea3678a01d24081a1b8d273bfe16b6b3297660d03165cde4	a403cb3e	192	0	116	e0153fc37be7f660e121942aff27d5f2d10a75e585319afc178d12c0c9c9d222	ef3a86f5	116	0	gba_lz77	116	116	0	streams/0246-LAYOUT_ROUTE110_TRICK_HOUSE_ENTRANCE.lz	
247	LAYOUT_ROUTE110_TRICK_HOUSE_END	Route110_TrickHouseEnd_Layout	emerald	12	8	192	594	1188	data/layouts/Route110_TrickHouseEnd/map.bin	data/layouts/Route110_TrickHouseEnd/map.bin	f2dc343fad8d17bced22a82e882a31a343c324df942e0c94f75038ef59972e36	3ea3ed0e	192	0	112	f5a9665f2159d3ca57c28691e350f48d48c94dd163e6d9918e3e6b6507f9071b	cb178a75	109	3	gba_lz77	112	112	0	streams/0247-LAYOUT_ROUTE110_TRICK_HOUSE_END.lz	
248	LAYOUT_ROUTE110_TRICK_HOUSE_CORRIDOR	Route110_TrickHouseCorridor_Layout	emerald	15	24	720	1140	2280	data/layouts/Route110_TrickHouseCorridor/map.bin	data/layouts/Route110_TrickHouseCorridor/map.bin	0922647c5ac6c1d0a09353a52eee82149393790652d0eea4551a0cf9dfa88d51	09c17a73	720	0	144	26d5f808c972454e29f8e6b1bf53c33546abaef28a9ac887c943fa29e0c053fb	1c1f7f2c	142	2	gba_lz77	144	144	0	streams/0248-LAYOUT_ROUTE110_TRICK_HOUSE_CORRIDOR.lz	
249	LAYOUT_ROUTE110_TRICK_HOUSE_PUZZLE1	Route110_TrickHousePuzzle1_Layout	emerald	15	22	660	1080	2160	data/layouts/Route110_TrickHousePuzzle1/map.bin	data/layouts/Route110_TrickHousePuzzle1/map.bin	d6114c1a240bbe5fd9ab2f2764e6bae41a5e7f1b0bb72541ddb319c4ee1568f7	336e3137	660	0	252	bb80577109c6036d9d67ab0b59d99a6762214289dcfa0049819260e6c0ae2939	21a6c85b	252	0	gba_lz77	252	252	0	streams/0249-LAYOUT_ROUTE110_TRICK_HOUSE_PUZZLE1.lz	
250	LAYOUT_ROUTE110_TRICK_HOUSE_PUZZLE2	Route110_TrickHousePuzzle2_Layout	emerald	15	22	660	1080	2160	data/layouts/Route110_TrickHousePuzzle2/map.bin	data/layouts/Route110_TrickHousePuzzle2/map.bin	be917a0a532ef8a25d746fc296c4439ea0f78805d18250d5cc8abc0cbe957bf0	f130f5f4	660	0	244	2b1579dacf203b0bc8473fc462d2a205b0e6a68cf1aa603cd27ee4f4e6e969f5	d5ed7373	241	3	gba_lz77	244	244	0	streams/0250-LAYOUT_ROUTE110_TRICK_HOUSE_PUZZLE2.lz	
251	LAYOUT_ROUTE110_TRICK_HOUSE_PUZZLE3	Route110_TrickHousePuzzle3_Layout	emerald	15	22	660	1080	2160	data/layouts/Route110_TrickHousePuzzle3/map.bin	data/layouts/Route110_TrickHousePuzzle3/map.bin	8efcf2b65841e4eb52db43953fbb8d13499ec7543db02577a00b39c39f729f8e	740f5f6e	660	0	280	ba084441871afdfb4e6a0d9a0a18f6309ff8db06750b5704e6bae9442ed529bd	3c743c18	278	2	gba_lz77	280	280	0	streams/0251-LAYOUT_ROUTE110_TRICK_HOUSE_PUZZLE3.lz	
252	LAYOUT_ROUTE110_TRICK_HOUSE_PUZZLE4	Route110_TrickHousePuzzle4_Layout	emerald	15	22	660	1080	2160	data/layouts/Route110_TrickHousePuzzle4/map.bin	data/layouts/Route110_TrickHousePuzzle4/map.bin	cd284006cfd2c4c3b71faf28ff6bded65867c368414b890663ddb66a6ea466ab	cf764980	660	0	216	6c29a9bad1fa01846b18346183e05b7646b3e0a60d83b69e2f71c8cf147c0ba3	4b408c8b	213	3	gba_lz77	216	216	0	streams/0252-LAYOUT_ROUTE110_TRICK_HOUSE_PUZZLE4.lz	
253	LAYOUT_ROUTE110_TRICK_HOUSE_PUZZLE5	Route110_TrickHousePuzzle5_Layout	emerald	15	22	660	1080	2160	data/layouts/Route110_TrickHousePuzzle5/map.bin	data/layouts/Route110_TrickHousePuzzle5/map.bin	db98141685236f44874cc580760750537b06904813e8b392d105371ac784c0db	3cbb87c8	660	0	132	b5742619a51dd3b608a84c593cdeb149d8cf7af231ebcc106d8e7038e210c843	3f2cb62d	131	1	gba_lz77	132	132	0	streams/0253-LAYOUT_ROUTE110_TRICK_HOUSE_PUZZLE5.lz	
254	LAYOUT_ROUTE110_TRICK_HOUSE_PUZZLE6	Route110_TrickHousePuzzle6_Layout	emerald	15	22	660	1080	2160	data/layouts/Route110_TrickHousePuzzle6/map.bin	data/layouts/Route110_TrickHousePuzzle6/map.bin	9ad00cd74907b49fd181450456a060ee67ef5735dcaafc983537d429f3afe24a	82398f61	660	0	220	e1f1d56834d46a57365c97571fa4deca779e619c010a2d4b4df04fc22f861895	1c07be24	218	2	gba_lz77	220	220	0	streams/0254-LAYOUT_ROUTE110_TRICK_HOUSE_PUZZLE6.lz	
255	LAYOUT_ROUTE110_TRICK_HOUSE_PUZZLE7	Route110_TrickHousePuzzle7_Layout	emerald	15	22	660	1080	2160	data/layouts/Route110_TrickHousePuzzle7/map.bin	data/layouts/Route110_TrickHousePuzzle7/map.bin	04e056422d17f6aff72736db7eff8a1dc5a905e1dff311790d3a85bbc8c0737c	abc0401f	660	0	316	fdf6d196b498d986868ade3d8fab0bea984818ad287b3267daef2ee65b20b0ed	9eb83e3b	314	2	gba_lz77	316	316	0	streams/0255-LAYOUT_ROUTE110_TRICK_HOUSE_PUZZLE7.lz	
256	LAYOUT_ROUTE110_TRICK_HOUSE_PUZZLE8	Route110_TrickHousePuzzle8_Layout	emerald	15	22	660	1080	2160	data/layouts/Route110_TrickHousePuzzle8/map.bin	data/layouts/Route110_TrickHousePuzzle8/map.bin	85e778f79e37654e3d71e43094d6825d5c3dd03093b622eff777cf030f51ba99	2c3cbc06	660	0	172	7212af2c8f35105b037824e8f54070d56c1e8e667aa3d424c9a4351719ac6527	c907fde2	169	3	gba_lz77	172	172	0	streams/0256-LAYOUT_ROUTE110_TRICK_HOUSE_PUZZLE8.lz	
257	LAYOUT_FORTREE_CITY_DECORATION_SHOP	FortreeCity_DecorationShop_Layout	emerald	8	6	96	460	920	data/layouts/FortreeCity_DecorationShop/map.bin	data/layouts/FortreeCity_DecorationShop/map.bin	30c4b1dd4341dbac6a4d67341a8983c4e69f49ed9f9fc5c949071396e6512bc9	4a6b3b0c	96	0	80	2ec81dc02820fc6fbd56c6439b36fdaf64ce9531463308beadb2222b4cf749bb	79d47e11	80	0	gba_lz77	80	80	0	streams/0257-LAYOUT_FORTREE_CITY_DECORATION_SHOP.lz	
258	LAYOUT_ROUTE110_SEASIDE_CYCLING_ROAD_ENTRANCE	Route110_SeasideCyclingRoadEntrance_Layout	emerald	15	6	180	600	1200	data/layouts/Route110_SeasideCyclingRoadEntrance/map.bin	data/layouts/Route110_SeasideCyclingRoadEntrance/map.bin	36140d418343358135549ff1b8b73501b56895abcedae83dbb98516022e26214	5ead1109	180	0	112	b5297ea1d4e679735668324c82e7b3d6cc4c7dde4e533709e402f3f7aa3ed00d	aaec429d	112	0	gba_lz77	112	112	0	streams/0258-LAYOUT_ROUTE110_SEASIDE_CYCLING_ROAD_ENTRANCE.lz	
259	LAYOUT_LILYCOVE_CITY_DEPARTMENT_STORE_1F	LilycoveCity_DepartmentStore_1F_Layout	emerald	18	8	288	726	1452	data/layouts/LilycoveCity_DepartmentStore_1F/map.bin	data/layouts/LilycoveCity_DepartmentStore_1F/map.bin	e1259d43cf4207d8326256a0904512c71b6082458560171534ddfb1b827787e6	0a0c975a	288	0	156	cec548aa186ef351e9ded2ec8c16961c27ff80381ca2cebcdea0eadaa17463af	c2fa568d	153	3	gba_lz77	156	156	0	streams/0259-LAYOUT_LILYCOVE_CITY_DEPARTMENT_STORE_1F.lz	
260	LAYOUT_LILYCOVE_CITY_DEPARTMENT_STORE_2F	LilycoveCity_DepartmentStore_2F_Layout	emerald	18	8	288	726	1452	data/layouts/LilycoveCity_DepartmentStore_2F/map.bin	data/layouts/LilycoveCity_DepartmentStore_2F/map.bin	8eff7826edc00ed09a8e262a36c45feb57d19e663a65c3ff1e7f9a5c511109d4	961382fe	288	0	164	19e17ef2d0f59f33ddb8022494b2edc40e50743c00b4ddc108b42b2bb324b6cc	c4e2672a	161	3	gba_lz77	164	164	0	streams/0260-LAYOUT_LILYCOVE_CITY_DEPARTMENT_STORE_2F.lz	
261	LAYOUT_LILYCOVE_CITY_DEPARTMENT_STORE_3F	LilycoveCity_DepartmentStore_3F_Layout	emerald	18	8	288	726	1452	data/layouts/LilycoveCity_DepartmentStore_3F/map.bin	data/layouts/LilycoveCity_DepartmentStore_3F/map.bin	d969d5fad1300159a0859a2c68cd425afe51bf3a198a395ed1ed81cb61a53fd5	fa2bf360	288	0	160	b5cd7bcf153a3ee890f671814bfdc6dd6b255cb54fd9232ef44cad63fa9a4aca	40cd8a79	159	1	gba_lz77	160	160	0	streams/0261-LAYOUT_LILYCOVE_CITY_DEPARTMENT_STORE_3F.lz	
262	LAYOUT_LILYCOVE_CITY_DEPARTMENT_STORE_4F	LilycoveCity_DepartmentStore_4F_Layout	emerald	18	8	288	726	1452	data/layouts/LilycoveCity_DepartmentStore_4F/map.bin	data/layouts/LilycoveCity_DepartmentStore_4F/map.bin	c40fb41728e2a300cf4432d08efb433bfe8849b54118f56aad861436dbdeeb12	f869289b	288	0	164	9c52f31069f45a8a2baee45de11f24263da0a01861e081bffc4572ea8c094b28	4e290590	163	1	gba_lz77	164	164	0	streams/0262-LAYOUT_LILYCOVE_CITY_DEPARTMENT_STORE_4F.lz	
263	LAYOUT_LILYCOVE_CITY_DEPARTMENT_STORE_5F	LilycoveCity_DepartmentStore_5F_Layout	emerald	18	8	288	726	1452	data/layouts/LilycoveCity_DepartmentStore_5F/map.bin	data/layouts/LilycoveCity_DepartmentStore_5F/map.bin	4ca810c617451e632786aaf8d17d03d8fd8e6fb77a5a5bf795712404c46a9115	448fc760	288	0	200	bdfc5954e2968679ac54f7a7209922d2e5c59d5d72113b44aecb6d50f4b227a5	624e0ab1	198	2	gba_lz77	200	200	0	streams/0263-LAYOUT_LILYCOVE_CITY_DEPARTMENT_STORE_5F.lz	
264	LAYOUT_LILYCOVE_CITY_DEPARTMENT_STORE_ROOFTOP	LilycoveCity_DepartmentStoreRooftop_Layout	emerald	18	12	432	858	1716	data/layouts/LilycoveCity_DepartmentStoreRooftop/map.bin	data/layouts/LilycoveCity_DepartmentStoreRooftop/map.bin	aa48c77b177c4ca044675a7c50354f8954972a2b9d034919b7ece325986f9473	857a37aa	432	0	184	a9da64843292a6701dbb8592ca0e25beb70ef72e65863d890f3698210bdf4be1	6274c08c	182	2	gba_lz77	184	184	0	streams/0264-LAYOUT_LILYCOVE_CITY_DEPARTMENT_STORE_ROOFTOP.lz	
265	LAYOUT_ROUTE130	Route130_Layout	emerald	80	40	6400	5130	10260	data/layouts/Route130/map.bin	data/layouts/Route130/map.bin	17b985fa2c35ccafd4c15cbb3ac99c2170fb9b5ec50b0a7526e6ab72d2eb1f51	e0187940	6400	0	1088	128a18bd29bebdb351da08fa1893c9d7226855e172a7fda49b383967ccdb3b9b	1ece06be	1086	2	gba_lz77	1088	1088	0	streams/0265-LAYOUT_ROUTE130.lz	
266	LAYOUT_BATTLE_FRONTIER_BATTLE_TOWER_LOBBY	BattleFrontier_BattleTowerLobby_Layout	emerald	25	10	500	960	1920	data/layouts/BattleFrontier_BattleTowerLobby/map.bin	data/layouts/BattleFrontier_BattleTowerLobby/map.bin	6fff6330ce17b9c61dc4a6afd9072b69fa7b57851494f423765687c185e9a616	96fdc3af	500	0	232	bf201ae8f216eefc9da6c9c359f0fe27acf847afe45e5b3545b07ff652b4c7df	788411f3	231	1	gba_lz77	232	232	0	streams/0266-LAYOUT_BATTLE_FRONTIER_BATTLE_TOWER_LOBBY.lz	
267	LAYOUT_BATTLE_FRONTIER_OUTSIDE_WEST	BattleFrontier_OutsideWest_Layout	emerald	56	72	8064	6106	12212	data/layouts/BattleFrontier_OutsideWest/map.bin	data/layouts/BattleFrontier_OutsideWest/map.bin	834df6a9c295fd05da40be7ec2337b77d52a4f567ae471217d33c04a07108400	94a3f124	8064	0	2952	ae374b3130ff8ec56c142f1e962c188274e4d618cf9fb70941665a5edb41bb1d	82f1e309	2951	1	gba_lz77	2952	2952	0	streams/0267-LAYOUT_BATTLE_FRONTIER_OUTSIDE_WEST.lz	
268	LAYOUT_BATTLE_ELEVATOR	BattleElevator_Layout	emerald	5	7	70	420	840	data/layouts/BattleElevator/map.bin	data/layouts/BattleElevator/map.bin	defb996d7f0bbbc255e999711156d53dc0a10839d2b6cc63be5227f682b108b4	cfedeaec	70	0	52	9a4f7818dff3794f9da310aa877e6ba8dc50c6e7358efdfa50c039541846db10	e090ac1d	50	2	gba_lz77	52	52	0	streams/0268-LAYOUT_BATTLE_ELEVATOR.lz	
269	LAYOUT_BATTLE_FRONTIER_BATTLE_TOWER_CORRIDOR	BattleFrontier_BattleTowerCorridor_Layout	emerald	17	5	170	608	1216	data/layouts/BattleFrontier_BattleTowerCorridor/map.bin	data/layouts/BattleFrontier_BattleTowerCorridor/map.bin	d1d2516c0c2f92c9c32a54f648b8c6d9b1d4b4084b5b6b92dfa07d88bf0285f1	a748e405	170	0	80	2063c518b48846a667b63113c6c219372274709389f7490f2ab6c15fc7385451	92554d8c	80	0	gba_lz77	80	80	0	streams/0269-LAYOUT_BATTLE_FRONTIER_BATTLE_TOWER_CORRIDOR.lz	
270	LAYOUT_BATTLE_FRONTIER_BATTLE_TOWER_BATTLE_ROOM	BattleFrontier_BattleTowerBattleRoom_Layout	emerald	10	9	180	575	1150	data/layouts/BattleFrontier_BattleTowerBattleRoom/map.bin	data/layouts/BattleFrontier_BattleTowerBattleRoom/map.bin	31f606c9f6d611d96fae041d1e719c91e242eb7f4227e2bfe2f2dac6b2789dd2	113d81c4	180	0	140	3d6e2cc721f79abb4585fb2a0c5bddcf6f97d6cff956911ac0d25fb6d1db7cc9	d6a58290	138	2	gba_lz77	140	140	0	streams/0270-LAYOUT_BATTLE_FRONTIER_BATTLE_TOWER_BATTLE_ROOM.lz	
271	LAYOUT_RUSTBORO_CITY_DEVON_CORP_3F	RustboroCity_DevonCorp_3F_Layout	emerald	19	9	342	782	1564	data/layouts/RustboroCity_DevonCorp_3F/map.bin	data/layouts/RustboroCity_DevonCorp_3F/map.bin	9805c919da40c085f1347a6b5f22ea3f928d3801204c7fe2aa0a63c4e46b2129	b35aad4b	342	0	176	0220dfba62f8abcf4068e6c24d8a42f26ec01668eed13a2fd4a76f884771fad9	63072793	176	0	gba_lz77	176	176	0	streams/0271-LAYOUT_RUSTBORO_CITY_DEVON_CORP_3F.lz	
272	LAYOUT_EVER_GRANDE_CITY_POKEMON_LEAGUE_1F	EverGrandeCity_PokemonLeague_1F_Layout	emerald	19	12	456	884	1768	data/layouts/EverGrandeCity_PokemonLeague_1F/map.bin	data/layouts/EverGrandeCity_PokemonLeague_1F/map.bin	aecc5a42619b5b8608a95651b4a313024dc9de3972a508af3c86e1a062df59fb	e4852ee7	456	0	308	1e29d68473807142caa07ee455d67ed8a9cb67c962c0dd0d64e7edac6e5a1b36	c0d31be4	305	3	gba_lz77	308	308	0	streams/0272-LAYOUT_EVER_GRANDE_CITY_POKEMON_LEAGUE_1F.lz	
273	LAYOUT_ROUTE119_WEATHER_INSTITUTE_1F	Route119_WeatherInstitute_1F_Layout	emerald	20	13	520	945	1890	data/layouts/Route119_WeatherInstitute_1F/map.bin	data/layouts/Route119_WeatherInstitute_1F/map.bin	516cc0a30b5be01cd76f13d2b11568760a77a8ab164ce85c87c34f3a2004d24c	a2a79ba6	520	0	264	2e92987b7e1479286aadde196332cf2a67b5463f528cadb9a40b0f41e937c423	574d54a9	262	2	gba_lz77	264	264	0	streams/0273-LAYOUT_ROUTE119_WEATHER_INSTITUTE_1F.lz	
274	LAYOUT_ROUTE119_WEATHER_INSTITUTE_2F	Route119_WeatherInstitute_2F_Layout	emerald	20	11	440	875	1750	data/layouts/Route119_WeatherInstitute_2F/map.bin	data/layouts/Route119_WeatherInstitute_2F/map.bin	438c52bf4383dd812b9d7db04b606d54fb129dc752bfcf54f87b9f02c5bc395f	3c534169	440	0	204	d454538b9e1a064bfedfeee96bf7b8c4cf2742ecc3b676335dd0b97e56dd7037	8d17b277	204	0	gba_lz77	204	204	0	streams/0274-LAYOUT_ROUTE119_WEATHER_INSTITUTE_2F.lz	
275	LAYOUT_LILYCOVE_CITY_DEPARTMENT_STORE_ELEVATOR	LilycoveCity_DepartmentStoreElevator_Layout	emerald	5	6	60	400	800	data/layouts/LilycoveCity_DepartmentStoreElevator/map.bin	data/layouts/LilycoveCity_DepartmentStoreElevator/map.bin	418e18bae2c978758b07de1208ba9cb1445d49c58d6b86488104a4a2da6ff583	c8825163	60	0	48	8fc0b628af71b2736109225a043f5f7a7f8b2a049d35d7080418ae0e16ece169	d19a55a3	47	1	gba_lz77	48	48	0	streams/0275-LAYOUT_LILYCOVE_CITY_DEPARTMENT_STORE_ELEVATOR.lz	
276	LAYOUT_UNDERWATER_ROUTE124	Underwater_Route124_Layout	emerald	80	80	12800	8930	17860	data/layouts/Underwater_Route124/map.bin	data/layouts/Underwater_Route124/map.bin	a2c4197407d5813e8123f8ef1df28b14e29df36e9954128d1ea3acdd49c20156	794aea09	12800	0	1784	28bc169e16309d652848d287283e6663ca94ff8c542b6e8a48001145c441eec9	a4812c47	1783	1	gba_lz77	1784	1784	0	streams/0276-LAYOUT_UNDERWATER_ROUTE124.lz	
277	LAYOUT_MOSSDEEP_CITY_SPACE_CENTER_1F	MossdeepCity_SpaceCenter_1F_Layout	emerald	16	10	320	744	1488	data/layouts/MossdeepCity_SpaceCenter_1F/map.bin	data/layouts/MossdeepCity_SpaceCenter_1F/map.bin	d9835923b2316b3cd7a689aa81e0998a04b42e7aa6fe0228716626d02838cbaa	d7502995	320	0	144	9142d31d4f1ef638d0e41229f9d33b7d13c6e375be41b2787e9d4678e736366f	bc42e0bb	141	3	gba_lz77	144	144	0	streams/0277-LAYOUT_MOSSDEEP_CITY_SPACE_CENTER_1F.lz	
278	LAYOUT_MOSSDEEP_CITY_SPACE_CENTER_2F	MossdeepCity_SpaceCenter_2F_Layout	emerald	16	10	320	744	1488	data/layouts/MossdeepCity_SpaceCenter_2F/map.bin	data/layouts/MossdeepCity_SpaceCenter_2F/map.bin	66185e428181f0ed1a4d17aacda8a773a4ebfa3af2780753648e1624e2e79c77	bfb58b30	320	0	136	b630c116d2183430a512b1a3cd07ab63c2238bb7581c56f0e9ef6b535bade088	c2dae188	134	2	gba_lz77	136	136	0	streams/0278-LAYOUT_MOSSDEEP_CITY_SPACE_CENTER_2F.lz	
279	LAYOUT_SS_TIDAL_CORRIDOR	SSTidalCorridor_Layout	emerald	18	13	468	891	1782	data/layouts/SSTidalCorridor/map.bin	data/layouts/SSTidalCorridor/map.bin	63a22e7e2f9a6d2c8e711aac588ac0315a507029a2b49fc9ebfb1dc380429151	75e13bf4	468	0	148	f9f4b626b812353e6336e894dcdf2694a3a46b4c97ea62aeb27866db2adce71d	28694b9f	145	3	gba_lz77	148	148	0	streams/0279-LAYOUT_SS_TIDAL_CORRIDOR.lz	
280	LAYOUT_SS_TIDAL_LOWER_DECK	SSTidalLowerDeck_Layout	emerald	17	13	442	864	1728	data/layouts/SSTidalLowerDeck/map.bin	data/layouts/SSTidalLowerDeck/map.bin	29b86bcafbae550651398d0e00361fa0b1487941ca9030d0aa241a2955448eda	9edaa0ac	442	0	204	95e05f722fcb5ff158c621300e8c09ac4c5507de26c703f70091850357c16215	215a8a1a	201	3	gba_lz77	204	204	0	streams/0280-LAYOUT_SS_TIDAL_LOWER_DECK.lz	
281	LAYOUT_SS_TIDAL_ROOMS	SSTidalRooms_Layout	emerald	36	18	1296	1632	3264	data/layouts/SSTidalRooms/map.bin	data/layouts/SSTidalRooms/map.bin	1447bda51222eec784c33d54eac9586ef686c561b0173e6f66c34bed6ad73f76	4288b06b	1296	0	424	3e06c93920a5e1b05cf6d7cfc9928df7b187fd8cbf6f6f2e87f070b6f3fa9984	7bc33faf	424	0	gba_lz77	424	424	0	streams/0281-LAYOUT_SS_TIDAL_ROOMS.lz	
282	LAYOUT_ISLAND_CAVE	IslandCave_Layout	emerald	17	33	1122	1504	3008	data/layouts/IslandCave/map.bin	data/layouts/IslandCave/map.bin	c26ef8a803db79d30aa0237f994df45c31f636f27b916cff6423c6193151e4a1	8b33e967	1122	0	292	52f318fa233559c64a0840a57c845941aceeea59b36a658e716214ad04cd1527	aed8b23f	290	2	gba_lz77	292	292	0	streams/0282-LAYOUT_ISLAND_CAVE.lz	
283	LAYOUT_ANCIENT_TOMB	AncientTomb_Layout	emerald	17	33	1122	1504	3008	data/layouts/AncientTomb/map.bin	data/layouts/AncientTomb/map.bin	16274566e3e109fbfb5812bc1c7bc9ebe3633526d07101baf13bf8a18863ff82	eb34b46c	1122	0	292	0231209b7c64adefc4a51d0e9bd41298856b0810b30a0d7732b1026cd3adfa62	5669ab77	291	1	gba_lz77	292	292	0	streams/0283-LAYOUT_ANCIENT_TOMB.lz	
284	LAYOUT_UNDERWATER_ROUTE134	Underwater_Route134_Layout	emerald	18	10	360	792	1584	data/layouts/Underwater_Route134/map.bin	data/layouts/Underwater_Route134/map.bin	cb2f9e740d7c6d6c2fc562dba349189387507b9500564429fa95394b82f33aef	804742d0	360	0	144	d59ada6c56eafc02dc878dd7aad5fe3048fa6231ddf76b20c7d31ca3c140dd3f	a7b0ff12	141	3	gba_lz77	144	144	0	streams/0284-LAYOUT_UNDERWATER_ROUTE134.lz	
285	LAYOUT_UNDERWATER_SEALED_CHAMBER	Underwater_SealedChamber_Layout	emerald	22	48	2112	2294	4588	data/layouts/Underwater_SealedChamber/map.bin	data/layouts/Underwater_SealedChamber/map.bin	72e1629f37040ac778a843398ca5ec3fc4cff163bbbd3256c64f8ed74195c3ff	72af37a1	2112	0	496	b750e52e32bdc54d6639d0159b9746c8f0061a495a082eab1a3387de7840ce12	2aabecb4	496	0	gba_lz77	496	496	0	streams/0285-LAYOUT_UNDERWATER_SEALED_CHAMBER.lz	
286	LAYOUT_SEALED_CHAMBER_OUTER_ROOM	SealedChamber_OuterRoom_Layout	emerald	21	23	966	1332	2664	data/layouts/SealedChamber_OuterRoom/map.bin	data/layouts/SealedChamber_OuterRoom/map.bin	c132019cf35459ee61fef1e4229d20861e9c4a5a0de27168dddc2fd0f17d5497	ead0517b	966	0	216	039bb3f004741c59b502d285f7e82e310cb6d7a27022eca07f251fe8d78f50fd	ddadb3de	215	1	gba_lz77	216	216	0	streams/0286-LAYOUT_SEALED_CHAMBER_OUTER_ROOM.lz	
287	LAYOUT_VICTORY_ROAD_B1F	VictoryRoad_B1F_Layout	emerald	46	31	2852	2745	5490	data/layouts/VictoryRoad_B1F/map.bin	data/layouts/VictoryRoad_B1F/map.bin	574316b10f2989df34eb3a53c3fc4bd946bb0e67bb679e15dfc91997cb47d684	968c2f90	2852	0	736	03fcdbe7b2b019d1f655979b67238b1f01488b02180895e7ac63b62380b19b4f	d61d67d1	735	1	gba_lz77	736	736	0	streams/0287-LAYOUT_VICTORY_ROAD_B1F.lz	
288	LAYOUT_VICTORY_ROAD_B2F	VictoryRoad_B2F_Layout	emerald	46	31	2852	2745	5490	data/layouts/VictoryRoad_B2F/map.bin	data/layouts/VictoryRoad_B2F/map.bin	60f525ef9b6e374604f4dcfd96ef1091b6b9bdaac2b73860b345eb75476c00c0	fa0ba5aa	2852	0	768	c4ad2ae9f0b77c8b9ce509c726d912c23333663d51f319113a60cd6611c598d5	44449f5a	768	0	gba_lz77	768	768	0	streams/0288-LAYOUT_VICTORY_ROAD_B2F.lz	
289	LAYOUT_ROUTE104_PROTOTYPE	Route104_Prototype_Layout	emerald	1	1	2	240	480	data/layouts/Route104_Prototype/map.bin	data/layouts/Route104_Prototype/map.bin	a12871fee210fb8619291eaea194581cbd2531e4b23759d225f6806923f63222	b6cc4292	2	0	8	bb12aaa86cc60c2492d9d698abb2bf87e69cbe07e81518eeb548896d1c32b4bb	bdf2f7de	7	1	raw	2	4	0		
290	LAYOUT_GRANITE_CAVE_STEVENS_ROOM	GraniteCave_StevensRoom_Layout	emerald	15	14	420	840	1680	data/layouts/GraniteCave_StevensRoom/map.bin	data/layouts/GraniteCave_StevensRoom/map.bin	ddf261937693159207733f50eabcbc29a90accc6653a82ebf013701e5774f270	6215df10	420	0	160	886fe2d91f583b57a0badf9bb6511d115727db29115571a7973f9fc184b1c847	0ad7c7d2	158	2	gba_lz77	160	160	2	streams/0290-LAYOUT_GRANITE_CAVE_STEVENS_ROOM.lz	
291	LAYOUT_ABANDONED_SHIP_HIDDEN_FLOOR_CORRIDORS	AbandonedShip_HiddenFloorCorridors_Layout	emerald	13	11	286	700	1400	data/layouts/AbandonedShip_HiddenFloorCorridors/map.bin	data/layouts/AbandonedShip_HiddenFloorCorridors/map.bin	2ff03e7f08ddf34d40a0b8110fe68bc182d16041ed5d25d9788ddc92d24e7026	5de63e43	286	0	156	19ee1f5ae38185c72e5a54c0f1877f45d5f5c23e91b47eaee62f9136b2eb3fde	ea9f66ce	154	2	gba_lz77	156	156	0	streams/0291-LAYOUT_ABANDONED_SHIP_HIDDEN_FLOOR_CORRIDORS.lz	
292	LAYOUT_SOUTHERN_ISLAND_EXTERIOR	SouthernIsland_Exterior_Layout	emerald	33	30	1980	2112	4224	data/layouts/SouthernIsland_Exterior/map.bin	data/layouts/SouthernIsland_Exterior/map.bin	cbc829d4d152ad97f40e7d703b71e0d9c5ac7daf4629e821e1b79da7ff4a0d42	1bb435ea	1980	0	572	270d4c9007a34bfb564f3d45e6d2e7e30b9b69c0b8ca9df05ccb461f962cf06d	5951714f	571	1	gba_lz77	572	572	0	streams/0292-LAYOUT_SOUTHERN_ISLAND_EXTERIOR.lz	
293	LAYOUT_SOUTHERN_ISLAND_INTERIOR	SouthernIsland_Interior_Layout	emerald	27	24	1296	1596	3192	data/layouts/SouthernIsland_Interior/map.bin	data/layouts/SouthernIsland_Interior/map.bin	be8285cee1976fa3850d23c805b9496d44c2fea0dc09f575a02069831b7a2851	151d2d5e	1296	0	336	62b96731d316294a4a6acdc8c6b672d71024110a6965f77565dadfe0c6d9956f	528dec87	336	0	gba_lz77	336	336	0	streams/0293-LAYOUT_SOUTHERN_ISLAND_INTERIOR.lz	
294	LAYOUT_JAGGED_PASS	JaggedPass_Layout	emerald	30	46	2760	2700	5400	data/layouts/JaggedPass/map.bin	data/layouts/JaggedPass/map.bin	912233ef593db8109d90c4777eb65c8171bbfd3d3c7e2d713cb7f2969a35aa15	1d7dc657	2760	0	1024	66f35aeef81a62a0242684c931a2456896867d5d0e22d6d60e49db4f2394df92	8257084d	1021	3	gba_lz77	1024	1024	0	streams/0294-LAYOUT_JAGGED_PASS.lz	
295	LAYOUT_FIERY_PATH	FieryPath_Layout	emerald	35	38	2660	2600	5200	data/layouts/FieryPath/map.bin	data/layouts/FieryPath/map.bin	696e312e961d5b6d7e904a4fdda7be2818a6119f0b21740ed546fdd82d42db16	1215b381	2660	0	608	64453333c774cdc285844ef4822e6057d001f48b731e53b3bbe821f46efcd1c3	bc770562	607	1	gba_lz77	608	608	0	streams/0295-LAYOUT_FIERY_PATH.lz	
296	LAYOUT_RUSTBORO_CITY_FLAT2_1F	RustboroCity_Flat2_1F_Layout	emerald	14	9	252	667	1334	data/layouts/RustboroCity_Flat2_1F/map.bin	data/layouts/RustboroCity_Flat2_1F/map.bin	7d063b5288e6d0cb0178e280a23c5249e2947a25f9d3e4ce766c60fd6cd7514e	162a0e5c	252	0	140	c8d7f282ceee1ef5ca7fad022ff8fd7e2427fba32596aa4b8c6b9dfd0ca711d2	f57711bc	140	0	gba_lz77	140	140	0	streams/0296-LAYOUT_RUSTBORO_CITY_FLAT2_1F.lz	
297	LAYOUT_RUSTBORO_CITY_FLAT2_2F	RustboroCity_Flat2_2F_Layout	emerald	14	9	252	667	1334	data/layouts/RustboroCity_Flat2_2F/map.bin	data/layouts/RustboroCity_Flat2_2F/map.bin	7cf63078b62463c6fe83a911e5c809bb98bfadcce0d080d8bcb24c63640c4490	0c533ae3	252	0	144	7fc5832b28109d6df387bba930c2a069a3b20dfc783a6e49d4b5b311fc9d98de	a7b2eedf	142	2	gba_lz77	144	144	0	streams/0297-LAYOUT_RUSTBORO_CITY_FLAT2_2F.lz	
298	LAYOUT_RUSTBORO_CITY_FLAT2_3F	RustboroCity_Flat2_3F_Layout	emerald	14	9	252	667	1334	data/layouts/RustboroCity_Flat2_3F/map.bin	data/layouts/RustboroCity_Flat2_3F/map.bin	939f571be78b397e58419d33ff5f46b5b58e75ce864d720cdc3503c985082de2	0b3298b0	252	0	152	ba95fafc8715d892c53ea86773f0c6a63ddad9b16d351180ab63aba439e9d17a	615c3786	151	1	gba_lz77	152	152	0	streams/0298-LAYOUT_RUSTBORO_CITY_FLAT2_3F.lz	
299	LAYOUT_SOOTOPOLIS_CITY_LOTAD_AND_SEEDOT_HOUSE	SootopolisCity_LotadAndSeedotHouse_Layout	emerald	8	7	112	483	966	data/layouts/SootopolisCity_LotadAndSeedotHouse/map.bin	data/layouts/SootopolisCity_LotadAndSeedotHouse/map.bin	ebc4bcb55044604367278070a7baa792ed66f89dc2533218aa07d45308b93734	e333eba7	112	0	88	51d4326581eae15112d17a76d34015a9d8c4bc8313423b243b33e974a8c29071	60d90de6	86	2	gba_lz77	88	88	0	streams/0299-LAYOUT_SOOTOPOLIS_CITY_LOTAD_AND_SEEDOT_HOUSE.lz	
300	LAYOUT_EVER_GRANDE_CITY_HALL_OF_FAME	EverGrandeCity_HallOfFame_Layout	emerald	15	17	510	930	1860	data/layouts/EverGrandeCity_HallOfFame/map.bin	data/layouts/EverGrandeCity_HallOfFame/map.bin	f5a19d9e9711f1704f7c06cdafc046fe3001b3e93ff040be8364075556ac4b90	5bf92408	510	0	188	d10fc172c558ad335c5af6a754a9355733147b477eb1e0d18e7b3580d9277002	25e55dce	187	1	gba_lz77	188	188	0	streams/0300-LAYOUT_EVER_GRANDE_CITY_HALL_OF_FAME.lz	
301	LAYOUT_LILYCOVE_CITY_COVE_LILY_MOTEL_1F	LilycoveCity_CoveLilyMotel_1F_Layout	emerald	12	9	216	621	1242	data/layouts/LilycoveCity_CoveLilyMotel_1F/map.bin	data/layouts/LilycoveCity_CoveLilyMotel_1F/map.bin	65cc7a55947afbeb960f77d4aa28b8ac63e8bab01180ed2144fcbfe81e5d1632	125bd25c	216	0	136	8fab76451f1c6483abb32557a43db709b41e4954383875b5a86ec73a66c35ddf	cb947a97	134	2	gba_lz77	136	136	0	streams/0301-LAYOUT_LILYCOVE_CITY_COVE_LILY_MOTEL_1F.lz	
302	LAYOUT_LILYCOVE_CITY_COVE_LILY_MOTEL_2F	LilycoveCity_CoveLilyMotel_2F_Layout	emerald	12	9	216	621	1242	data/layouts/LilycoveCity_CoveLilyMotel_2F/map.bin	data/layouts/LilycoveCity_CoveLilyMotel_2F/map.bin	8d23f95e5c408bf8ab9a16330d20eb216cd161eb09a572d24316f0355068ac62	f8ac611c	216	0	124	26627c4bd1a233c4131f741f062f2d5787f6e97dea20f1da07e3dfb3404fadc1	b435fd79	124	0	gba_lz77	124	124	0	streams/0302-LAYOUT_LILYCOVE_CITY_COVE_LILY_MOTEL_2F.lz	
303	LAYOUT_ROUTE124_DIVING_TREASURE_HUNTERS_HOUSE	Route124_DivingTreasureHuntersHouse_Layout	emerald	10	9	180	575	1150	data/layouts/Route124_DivingTreasureHuntersHouse/map.bin	data/layouts/Route124_DivingTreasureHuntersHouse/map.bin	650cd5d646f2908270faa59dbce390170422bd9118d08076f518c47a26a683ad	713c5002	180	0	124	0f47839eba03b64ad9e8521e8c049476e6c52f7c0e01bbb8da1c535d1d55378f	e501918d	124	0	gba_lz77	124	124	0	streams/0303-LAYOUT_ROUTE124_DIVING_TREASURE_HUNTERS_HOUSE.lz	
304	LAYOUT_MT_PYRE_EXTERIOR	MtPyre_Exterior_Layout	emerald	38	51	3876	3445	6890	data/layouts/MtPyre_Exterior/map.bin	data/layouts/MtPyre_Exterior/map.bin	05ec1b12abdd9f4f3d3890cd50625b8b2b4048c42945c7486758d71c663afe4f	898bc64a	3876	0	1092	351e6937429e24ae37e16baee12ae3477f29aad043fd160b800a449be1ab5c0c	3c331fd5	1089	3	gba_lz77	1092	1092	0	streams/0304-LAYOUT_MT_PYRE_EXTERIOR.lz	
305	LAYOUT_MT_PYRE_SUMMIT	MtPyre_Summit_Layout	emerald	50	37	3700	3315	6630	data/layouts/MtPyre_Summit/map.bin	data/layouts/MtPyre_Summit/map.bin	d67dee1500a9ff2a2bf36747cb911e8c4e5a2956995c98d981757b2548b3175d	811b8fee	3700	0	1004	163a4f950cd7222911bbb89986b822b494231f3aefcfb22a213027aa10580d5d	492b51ee	1001	3	gba_lz77	1004	1004	0	streams/0305-LAYOUT_MT_PYRE_SUMMIT.lz	
306	LAYOUT_SEALED_CHAMBER_INNER_ROOM	SealedChamber_InnerRoom_Layout	emerald	21	23	966	1332	2664	data/layouts/SealedChamber_InnerRoom/map.bin	data/layouts/SealedChamber_InnerRoom/map.bin	5c34046562706be716a55188d89cafe9aeaaa42dcb685da740f2569f5172852a	3a416616	966	0	232	73dcd050aa8e1cd2af63cadff1406b4c7f00f4e81e67fd8bcd56612df5b8c324	a2459f89	230	2	gba_lz77	232	232	0	streams/0306-LAYOUT_SEALED_CHAMBER_INNER_ROOM.lz	
307	LAYOUT_MOSSDEEP_CITY_GAME_CORNER_1F	MossdeepCity_GameCorner_1F_Layout	emerald	12	10	240	648	1296	data/layouts/MossdeepCity_GameCorner_1F/map.bin	data/layouts/MossdeepCity_GameCorner_1F/map.bin	c66808a921334b7b90fb77950e65edfcc7080c6991e4b65cda5778fc5a3bf5d6	591ad736	240	0	156	da063d46027058ee4f9b982aad6bd9058c7c58428d2ef9ac9577efc87aa508f9	8be780cd	153	3	gba_lz77	156	156	0	streams/0307-LAYOUT_MOSSDEEP_CITY_GAME_CORNER_1F.lz	
308	LAYOUT_MOSSDEEP_CITY_GAME_CORNER_B1F	MossdeepCity_GameCorner_B1F_Layout	emerald	12	9	216	621	1242	data/layouts/MossdeepCity_GameCorner_B1F/map.bin	data/layouts/MossdeepCity_GameCorner_B1F/map.bin	80ace146bc917a159b294a8943beb9793c1b14ab52821c0bdc221a862cfa2f8c	25fa3d06	216	0	100	bedc12d002386b7d0a2713e78ba3ba9ce39c42d5d136e3808cfed750b6b096e2	300d1e83	97	3	gba_lz77	100	100	0	streams/0308-LAYOUT_MOSSDEEP_CITY_GAME_CORNER_B1F.lz	
309	LAYOUT_SOOTOPOLIS_CITY_HOUSE1	SootopolisCity_House1_Layout	emerald	8	7	112	483	966	data/layouts/SootopolisCity_House1/map.bin	data/layouts/SootopolisCity_House1/map.bin	8432e7b1ffccad18ca30b8aa9a576ea01e8ce3cbf02647c00428dc0a8b345e39	09defa79	112	0	76	29279614d407c64fd1b21b328040bcb7018858f9d19d93b5119ae056ed75d3c9	31485c77	74	2	gba_lz77	76	76	0	streams/0309-LAYOUT_SOOTOPOLIS_CITY_HOUSE1.lz	
310	LAYOUT_SOOTOPOLIS_CITY_HOUSE2	SootopolisCity_House2_Layout	emerald	8	7	112	483	966	data/layouts/SootopolisCity_House2/map.bin	data/layouts/SootopolisCity_House2/map.bin	4bf6de0329a2959bb9ed7eb1b5a5adb9e7be18d6aa1b03cfd667ad1b34594ed9	92b328eb	112	0	92	e18bf97620ba59f7fdcb9b5607437d71cc921b3402cfc78a4e9e7b67703240ce	5bdf871e	92	0	gba_lz77	92	92	0	streams/0310-LAYOUT_SOOTOPOLIS_CITY_HOUSE2.lz	
311	LAYOUT_SOOTOPOLIS_CITY_HOUSE3	SootopolisCity_House3_Layout	emerald	8	7	112	483	966	data/layouts/SootopolisCity_House3/map.bin	data/layouts/SootopolisCity_House3/map.bin	05a2c8c623e3fb1993168ee2124a6928ffc1b46858b488f5014a5f4081b70e24	fb5c5062	112	0	76	b68e5f752cd5728e224cc20fbbec007f192372ba6b5549fb62319ae4a60c093c	a7834d51	76	0	gba_lz77	76	76	0	streams/0311-LAYOUT_SOOTOPOLIS_CITY_HOUSE3.lz	
312	LAYOUT_ABANDONED_SHIP_HIDDEN_FLOOR_ROOMS	AbandonedShip_HiddenFloorRooms_Layout	emerald	44	15	1320	1711	3422	data/layouts/AbandonedShip_HiddenFloorRooms/map.bin	data/layouts/AbandonedShip_HiddenFloorRooms/map.bin	9fafed7ca011dc0a2cdfad7675efcce9952d5c68db6544f401799d134ea03b95	e2bf2607	1320	0	340	47fb57c65f5bb416458cdbb6ff0c0b511b1ace39b0b77a598ef0473ae49be4ad	18ec30e3	338	2	gba_lz77	340	340	0	streams/0312-LAYOUT_ABANDONED_SHIP_HIDDEN_FLOOR_ROOMS.lz	
313	LAYOUT_SCORCHED_SLAB	ScorchedSlab_Layout	emerald	15	20	600	1020	2040	data/layouts/ScorchedSlab/map.bin	data/layouts/ScorchedSlab/map.bin	26bf30dd2b18a0e4ff8f78be0d29820219cfb0d48a00d91665f5b6953a6fa292	68b21437	600	0	168	fc05c9af5438f9e5f4998844534d05030bc6afbec3259b96783258a965671f45	5f8551ae	166	2	gba_lz77	168	168	0	streams/0313-LAYOUT_SCORCHED_SLAB.lz	
314	LAYOUT_CAVE_OF_ORIGIN_UNUSED_B4F_LAVA	CaveOfOrigin_Unused_B4F_Lava_Layout	emerald	19	19	722	1122	2244	data/layouts/CaveOfOrigin_Unused_B4F_Lava/map.bin	data/layouts/CaveOfOrigin_Unused_B4F_Lava/map.bin	7b44f7e295c29bd937677beb78599a4501bb7dfdad5bfc95abf790351c4312cd	63582cc2	724	2	264	5a117e90f63372b50ae314752d33cbcb7bea1245bebc8f34821d181c4f3c484d	e7c06d66	262	2	gba_lz77	264	264	0	streams/0314-LAYOUT_CAVE_OF_ORIGIN_UNUSED_B4F_LAVA.lz	
315	LAYOUT_RUSTBORO_CITY_FLAT1_1F	RustboroCity_Flat1_1F_Layout	emerald	14	8	224	638	1276	data/layouts/RustboroCity_Flat1_1F/map.bin	data/layouts/RustboroCity_Flat1_1F/map.bin	a2237e1dfee75acdccc02ce06fb4a110303011aacabd7b2c9d4b631fce5aa08b	f57d34db	224	0	140	a4a5aa1403aebe9bf5c849edd01d3b7cb0d41fb4ec6018f1e95a942b3b9644b0	ce5d1f24	138	2	gba_lz77	140	140	0	streams/0315-LAYOUT_RUSTBORO_CITY_FLAT1_1F.lz	
316	LAYOUT_RUSTBORO_CITY_FLAT1_2F	RustboroCity_Flat1_2F_Layout	emerald	14	8	224	638	1276	data/layouts/RustboroCity_Flat1_2F/map.bin	data/layouts/RustboroCity_Flat1_2F/map.bin	f2006d5515f83347697f074ac3020583c98d0c219c84c6e593b9d2a309805f61	325e36a1	224	0	148	fff53a5e4b6b7f6bd7f63e53f2e22f204c86f535040173130cfd0c91fcccbb99	e8214710	147	1	gba_lz77	148	148	0	streams/0316-LAYOUT_RUSTBORO_CITY_FLAT1_2F.lz	
317	LAYOUT_EVER_GRANDE_CITY_HALL4	EverGrandeCity_Hall4_Layout	emerald	11	34	748	1248	2496	data/layouts/EverGrandeCity_Hall4/map.bin	data/layouts/EverGrandeCity_Hall4/map.bin	a1efb6f7d1cf1a53b55f3813e784b9ee43f0fdce65889641197a20eb37fc79bf	872302d7	748	0	164	cc7f809c567538473dbfd5ecf0a18c11dbc0d8bf15e3b305c5cf81e9f89920ff	fb51e290	164	0	gba_lz77	164	164	0	streams/0317-LAYOUT_EVER_GRANDE_CITY_HALL4.lz	
318	LAYOUT_AQUA_HIDEOUT_UNUSED_RUBY_MAP1	AquaHideout_UnusedRubyMap1_Layout	emerald	28	30	1680	1892	3784	data/layouts/AquaHideout_UnusedRubyMap1/map.bin	data/layouts/AquaHideout_UnusedRubyMap1/map.bin	35086c363c4e3572ac613b1bd52bb54c46c73f72de7979b04eae8ecd83520092	9084a76e	1680	0	584	f4c8ae03aa741aaa82eafbeb80f09c3f53661d20cebdde222fb56deca51b6c3c	e712fd9d	582	2	gba_lz77	584	584	0	streams/0318-LAYOUT_AQUA_HIDEOUT_UNUSED_RUBY_MAP1.lz	
319	LAYOUT_AQUA_HIDEOUT_UNUSED_RUBY_MAP2	AquaHideout_UnusedRubyMap2_Layout	emerald	62	24	2976	2926	5852	data/layouts/AquaHideout_UnusedRubyMap2/map.bin	data/layouts/AquaHideout_UnusedRubyMap2/map.bin	ff77c241a6a5b42f186697dbe14f1f480ab48aa4699ca47f6249d3495985fa0a	b4fd6616	2976	0	880	357ef482578b835153cfb3810e2c94c7c1745a6ca12116f22b99a5de6c82fd9b	ee9dc15c	879	1	gba_lz77	880	880	0	streams/0319-LAYOUT_AQUA_HIDEOUT_UNUSED_RUBY_MAP2.lz	
320	LAYOUT_AQUA_HIDEOUT_UNUSED_RUBY_MAP3	AquaHideout_UnusedRubyMap3_Layout	emerald	34	24	1632	1862	3724	data/layouts/AquaHideout_UnusedRubyMap3/map.bin	data/layouts/AquaHideout_UnusedRubyMap3/map.bin	282e544a81afc48d8c4fa220ec8af6dd95a6c765134b9f143e92a3ee19ae45c0	01fbbdc1	1632	0	584	5683fcb3fc930f7c4eca3cb0a6e6ba6d1820efee954054d3d7ac708a1ab05cf2	ab476e89	584	0	gba_lz77	584	584	0	streams/0320-LAYOUT_AQUA_HIDEOUT_UNUSED_RUBY_MAP3.lz	
321	LAYOUT_ROUTE131_SKY_PILLAR	Route131_SkyPillar_Layout	emerald	60	40	4800	4050	8100	data/layouts/Route131_SkyPillar/map.bin	data/layouts/Route131_SkyPillar/map.bin	dd227ca04022aca896f6e04995f8cf8e579c98c5d521164038414ec717c8eeac	46b03fd4	4800	0	1052	2588864387938bb747ad56edda45c15025fdeb1d38d0ece4424024c22088b9e1	6daa29aa	1049	3	gba_lz77	1052	1052	0	streams/0321-LAYOUT_ROUTE131_SKY_PILLAR.lz	
322	LAYOUT_SKY_PILLAR_ENTRANCE	SkyPillar_Entrance_Layout	emerald	18	18	648	1056	2112	data/layouts/SkyPillar_Entrance/map.bin	data/layouts/SkyPillar_Entrance/map.bin	04b81ba9bdbe524139333a388bf3f71f212c6111c16b7e0097de5450c145df5e	899c63b0	648	0	176	1b9edaec3194f802224e9287a7058b7719980e5f7a7daf7712e3245d3c33851f	aa38e98d	175	1	gba_lz77	176	176	0	streams/0322-LAYOUT_SKY_PILLAR_ENTRANCE.lz	
323	LAYOUT_SKY_PILLAR_OUTSIDE	SkyPillar_Outside_Layout	emerald	28	23	1288	1591	3182	data/layouts/SkyPillar_Outside/map.bin	data/layouts/SkyPillar_Outside/map.bin	b4540f4c4a64fd413c13c5fdc3ac21a0bb0c7a544ac3e8e56539effbe3f918d1	6dc9aa7a	1288	0	568	84f8269c22de0176c8a44311ea60c17e49caf34ffe518cfff18e842a28f3b31a	652baafb	567	1	gba_lz77	568	568	0	streams/0323-LAYOUT_SKY_PILLAR_OUTSIDE.lz	
324	LAYOUT_SKY_PILLAR_1F	SkyPillar_1F_Layout	emerald	14	14	392	812	1624	data/layouts/SkyPillar_1F/map.bin	data/layouts/SkyPillar_1F/map.bin	356bb1cc03ab7cf37f5336c17696403b1fd638ded96b258a20d817f8ce730bdb	1579636f	392	0	128	c7048af7d757534dd837ec3e8b5426fc8a520519825def4b8b856611cac1f7c7	082ae25c	125	3	gba_lz77	128	128	0	streams/0324-LAYOUT_SKY_PILLAR_1F.lz	
325	LAYOUT_SKY_PILLAR_2F	SkyPillar_2F_Layout	emerald	14	14	392	812	1624	data/layouts/SkyPillar_2F/map.bin	data/layouts/SkyPillar_2F/map.bin	f3e33ef845fc5ed97f97e9e8a100338da09bc79859ebe6372378c6d3a205ff77	ef7d5c99	392	0	144	0c414373e7e61674f9bd7b91cc7e5753ea82bcf7fa816a1f29eb94e7c504414c	627a0234	143	1	gba_lz77	144	144	0	streams/0325-LAYOUT_SKY_PILLAR_2F.lz	
326	LAYOUT_SKY_PILLAR_3F	SkyPillar_3F_Layout	emerald	14	14	392	812	1624	data/layouts/SkyPillar_3F/map.bin	data/layouts/SkyPillar_3F/map.bin	e47b18e38db1b59b01907393678a691d71cfd373609f66f3cea297131fb8de22	d59e8b13	392	0	124	8655b5d1a4f3bb37f51d6b57a796df51361db66e404cfd4914a264247dcd4ef4	1178678d	123	1	gba_lz77	124	124	0	streams/0326-LAYOUT_SKY_PILLAR_3F.lz	
327	LAYOUT_SKY_PILLAR_4F	SkyPillar_4F_Layout	emerald	14	14	392	812	1624	data/layouts/SkyPillar_4F/map.bin	data/layouts/SkyPillar_4F/map.bin	692325a3215a820b6f5d3716c16426eb3819e57d818d274e864e3c065efee4c4	76592e87	392	0	168	ffd13689b9584906567e1d30e8241cc8c9fd18aea27aaac95061fec1596eb174	970b9bf4	165	3	gba_lz77	168	168	0	streams/0327-LAYOUT_SKY_PILLAR_4F.lz	
328	LAYOUT_SEAFLOOR_CAVERN_ROOM9_LAVA	SeafloorCavern_Room9_Lava_Layout	emerald	27	46	2484	2520	5040	data/layouts/SeafloorCavern_Room9_Lava/map.bin	data/layouts/SeafloorCavern_Room9_Lava/map.bin	8295ccd40352a713878a01cd47bd1facf37b9b2defa6633d48fddcce3a46cae2	b54e4bef	2484	0	672	28f433bf303c92edc878277358f4fd144ea452fd09c2b12d810faf965907df1e	1039f1f2	672	0	gba_lz77	672	672	0	streams/0328-LAYOUT_SEAFLOOR_CAVERN_ROOM9_LAVA.lz	
329	LAYOUT_MOSSDEEP_CITY_STEVENS_HOUSE	MossdeepCity_StevensHouse_Layout	emerald	11	8	176	572	1144	data/layouts/MossdeepCity_StevensHouse/map.bin	data/layouts/MossdeepCity_StevensHouse/map.bin	0768a4d832caea6f0f550ac54a217d4ffda70b0cf96cfa754305f9c44d893735	1d9b397e	176	0	104	472e22ba7ab155ea1ac02ad788e1b7020112efd9eba9d958bd31903f31301083	8e025b22	102	2	gba_lz77	104	104	0	streams/0329-LAYOUT_MOSSDEEP_CITY_STEVENS_HOUSE.lz	
330	LAYOUT_SHOAL_CAVE_LOW_TIDE_ICE_ROOM	ShoalCave_LowTideIceRoom_Layout	emerald	20	30	1200	1540	3080	data/layouts/ShoalCave_LowTideIceRoom/map.bin	data/layouts/ShoalCave_LowTideIceRoom/map.bin	1932631e5c01bef35649f791413ff82c248abe8eb419681f95b588812302a3db	0dfa2c6f	1200	0	380	df8d79beb737907bd819c9dfb569cb545fcd884b786ab9d7b472c7d9fc0ffed3	fe175790	379	1	gba_lz77	380	380	0	streams/0330-LAYOUT_SHOAL_CAVE_LOW_TIDE_ICE_ROOM.lz	
331	LAYOUT_SAFARI_ZONE_REST_HOUSE	SafariZone_RestHouse_Layout	emerald	10	9	180	575	1150	data/layouts/SafariZone_RestHouse/map.bin	data/layouts/SafariZone_RestHouse/map.bin	abd55dcfca8910976744940b9f4d44f78c2dd66d3148be47811a04e5f2733ddb	bcb6b11e	180	0	72	2dec6ad739d4d590c87e6bf0d7149e3be8fb2ea8af4381d668e0ea37ddaf4a6e	b86560d9	71	1	gba_lz77	72	72	0	streams/0331-LAYOUT_SAFARI_ZONE_REST_HOUSE.lz	
332	LAYOUT_SKY_PILLAR_5F	SkyPillar_5F_Layout	emerald	14	14	392	812	1624	data/layouts/SkyPillar_5F/map.bin	data/layouts/SkyPillar_5F/map.bin	97626b4e6ca11bcb5cfaa61cb7dbdc550ce374001fd772b621b320d3f047f7aa	e3b86260	392	0	140	ca38aa44811856c41598a8d4a84cf014f8ba21ee61008208d9a91d87a688f3da	396f2409	140	0	gba_lz77	140	140	0	streams/0332-LAYOUT_SKY_PILLAR_5F.lz	
333	LAYOUT_SKY_PILLAR_TOP	SkyPillar_Top_Layout	emerald	27	24	1296	1596	3192	data/layouts/SkyPillar_Top/map.bin	data/layouts/SkyPillar_Top/map.bin	80bbe44563def5477c420586c2fa94e7657aae25903729ba4de12cedc208b577	0f154bd4	1296	0	356	02d9fe5ddf159cf015c96fc798913dc4aa223b4baf2359659aad92df56a0e075	981c5554	354	2	gba_lz77	356	356	0	streams/0333-LAYOUT_SKY_PILLAR_TOP.lz	
334	LAYOUT_BATTLE_FRONTIER_BATTLE_DOME_LOBBY	BattleFrontier_BattleDomeLobby_Layout	emerald	23	17	782	1178	2356	data/layouts/BattleFrontier_BattleDomeLobby/map.bin	data/layouts/BattleFrontier_BattleDomeLobby/map.bin	50a8d3304745befcfdc6c3f7802708bdd7480710802b32853613d4f857769efc	64e68a07	782	0	332	c6cf2431f7ca76de7c55a0d4e27ae4080eb56e6f28c8f7846f42d323aab00023	6303909c	329	3	gba_lz77	332	332	0	streams/0334-LAYOUT_BATTLE_FRONTIER_BATTLE_DOME_LOBBY.lz	
335	LAYOUT_BATTLE_FRONTIER_BATTLE_DOME_CORRIDOR	BattleFrontier_BattleDomeCorridor_Layout	emerald	48	7	672	1323	2646	data/layouts/BattleFrontier_BattleDomeCorridor/map.bin	data/layouts/BattleFrontier_BattleDomeCorridor/map.bin	c88b5cf9bc48aafcc709ae646b7b93bdca158d810d8901198620920f5c8b2541	67a5febc	672	0	188	8f0934d44d6d937c9a28f7b5226045c2339df6d85cb95df6fcfd40f70fa312f8	d9dbc718	185	3	gba_lz77	188	188	0	streams/0335-LAYOUT_BATTLE_FRONTIER_BATTLE_DOME_CORRIDOR.lz	
336	LAYOUT_BATTLE_FRONTIER_BATTLE_DOME_PRE_BATTLE_ROOM	BattleFrontier_BattleDomePreBattleRoom_Layout	emerald	9	8	144	528	1056	data/layouts/BattleFrontier_BattleDomePreBattleRoom/map.bin	data/layouts/BattleFrontier_BattleDomePreBattleRoom/map.bin	38810dbcabb3387790443696a09d12af064215090494043045c823e5875f9ead	b903ced1	144	0	124	2a97f7f4c6a1d62650eeae3bc32b5526391f0df8ccc384d986e7a18274d4e508	f3a339d2	124	0	gba_lz77	124	124	0	streams/0336-LAYOUT_BATTLE_FRONTIER_BATTLE_DOME_PRE_BATTLE_ROOM.lz	
337	LAYOUT_BATTLE_FRONTIER_BATTLE_DOME_BATTLE_ROOM	BattleFrontier_BattleDomeBattleRoom_Layout	emerald	20	10	400	840	1680	data/layouts/BattleFrontier_BattleDomeBattleRoom/map.bin	data/layouts/BattleFrontier_BattleDomeBattleRoom/map.bin	e722e38ed684b2bc39790850fded37589b80b365c660d50879bec1b98cc699dc	9a5e4d39	400	0	260	9e078d89cb4c3e0655feeaf4355c992f8ddff68fcd905581757376fc2803aaf0	c28b1232	258	2	gba_lz77	260	260	0	streams/0337-LAYOUT_BATTLE_FRONTIER_BATTLE_DOME_BATTLE_ROOM.lz	
338	LAYOUT_MAGMA_HIDEOUT_1F	MagmaHideout_1F_Layout	emerald	37	38	2812	2704	5408	data/layouts/MagmaHideout_1F/map.bin	data/layouts/MagmaHideout_1F/map.bin	5b0b99ed326ba904628936f2d342ab59e3712e9d8915c299008722579d98f5e5	05c709b2	2812	0	756	e9bb6d0de8351d19f13a430a65d627c59db96ea2fd51822b3e487235e24dd7eb	bc54b6de	756	0	gba_lz77	756	756	0	streams/0338-LAYOUT_MAGMA_HIDEOUT_1F.lz	
339	LAYOUT_MAGMA_HIDEOUT_2F_1R	MagmaHideout_2F_1R_Layout	emerald	33	39	2574	2544	5088	data/layouts/MagmaHideout_2F_1R/map.bin	data/layouts/MagmaHideout_2F_1R/map.bin	b5809235e4ff5a8e57be455bef3a8a254243727ce1e855e1f60dca68f6aaade6	0573ad84	2574	0	520	acacf62c86add8429655ad678b8b9018fd021c5bb79a45f19a5927fb5f0905d3	10da0fc6	517	3	gba_lz77	520	520	0	streams/0339-LAYOUT_MAGMA_HIDEOUT_2F_1R.lz	
340	LAYOUT_MAGMA_HIDEOUT_2F_2R	MagmaHideout_2F_2R_Layout	emerald	49	28	2744	2688	5376	data/layouts/MagmaHideout_2F_2R/map.bin	data/layouts/MagmaHideout_2F_2R/map.bin	335b8f97d4bf4c69c0ef136613ac5da1d952dbf8ca7d3576a556c452af367253	2253e40f	2744	0	728	c538d339658d1e74963521f08dd15454b176c25cd220593e21f8a6ad7d335b87	87f351c2	727	1	gba_lz77	728	728	0	streams/0340-LAYOUT_MAGMA_HIDEOUT_2F_2R.lz	
341	LAYOUT_MAGMA_HIDEOUT_3F_1R	MagmaHideout_3F_1R_Layout	emerald	28	24	1344	1634	3268	data/layouts/MagmaHideout_3F_1R/map.bin	data/layouts/MagmaHideout_3F_1R/map.bin	2d9b81e6ba4013dd8c57d6f2c0c82269cb78cf17f591d7a2084dbbaaaed37e59	d0b73a13	1344	0	468	800da7a3f6560d37ab462e639be537a713aafb394629e9e27ffe8573c7e4231a	bcdd2473	467	1	gba_lz77	468	468	0	streams/0341-LAYOUT_MAGMA_HIDEOUT_3F_1R.lz	
342	LAYOUT_MAGMA_HIDEOUT_3F_2R	MagmaHideout_3F_2R_Layout	emerald	24	17	816	1209	2418	data/layouts/MagmaHideout_3F_2R/map.bin	data/layouts/MagmaHideout_3F_2R/map.bin	826b0a3cf6947217db5f38315c94884ef43c9fedb2934e30eca15d49bb14d908	4da37da7	816	0	384	135d6692e17f721ae9ac7467627c2e9fabd2733d9c8aea414f8045db6d6ef7e0	67e95715	382	2	gba_lz77	384	384	0	streams/0342-LAYOUT_MAGMA_HIDEOUT_3F_2R.lz	
343	LAYOUT_MAGMA_HIDEOUT_4F	MagmaHideout_4F_Layout	emerald	59	28	3304	3108	6216	data/layouts/MagmaHideout_4F/map.bin	data/layouts/MagmaHideout_4F/map.bin	b67876eca5fef90bfe17e891efbf8fb1ef2acd71127c378db3b484d32077cce8	16819264	3304	0	1116	da345b59fa140907db56dea2ed54f64101d1062e32082cfa7fac9e76c6a24ed9	19bec3f4	1114	2	gba_lz77	1116	1116	0	streams/0343-LAYOUT_MAGMA_HIDEOUT_4F.lz	
344	LAYOUT_BATTLE_FRONTIER_BATTLE_PALACE_LOBBY	BattleFrontier_BattlePalaceLobby_Layout	emerald	25	12	600	1040	2080	data/layouts/BattleFrontier_BattlePalaceLobby/map.bin	data/layouts/BattleFrontier_BattlePalaceLobby/map.bin	eff008da15b3f504fed7d8c763b695e383a85b3492ebd0289c9c4091d886d0ce	7112d1bc	600	0	248	9cfd33dd6193d3edfc05e4443c033fe70dbe0a2b899d60b46d0a1349311f4c19	c79fe55e	247	1	gba_lz77	248	248	0	streams/0344-LAYOUT_BATTLE_FRONTIER_BATTLE_PALACE_LOBBY.lz	
345	LAYOUT_BATTLE_FRONTIER_BATTLE_PALACE_CORRIDOR	BattleFrontier_BattlePalaceCorridor_Layout	emerald	17	14	476	896	1792	data/layouts/BattleFrontier_BattlePalaceCorridor/map.bin	data/layouts/BattleFrontier_BattlePalaceCorridor/map.bin	95b0b9c62f31d496e6fe8f6b5167c6c44b4d7bc10a6b7fe014ee2877e0ab71e5	96860714	476	0	196	932b68ebbabadea9a0b34fb89357a53ae75c88c8ea70243760a28c87fcde030a	9421f609	195	1	gba_lz77	196	196	0	streams/0345-LAYOUT_BATTLE_FRONTIER_BATTLE_PALACE_CORRIDOR.lz	
346	LAYOUT_BATTLE_FRONTIER_BATTLE_PALACE_BATTLE_ROOM	BattleFrontier_BattlePalaceBattleRoom_Layout	emerald	15	10	300	720	1440	data/layouts/BattleFrontier_BattlePalaceBattleRoom/map.bin	data/layouts/BattleFrontier_BattlePalaceBattleRoom/map.bin	150fdb107c3a5088d7bb2c4a0ef9795ec3727ae71fbd3a4f53c72333bc68ba98	af4e48bb	300	0	180	2df7d4ce0bf5ed34f4a6d64f0fc5f8d954833a6ebf2d3d209fffffef510f2ea3	783dc1d7	178	2	gba_lz77	180	180	0	streams/0346-LAYOUT_BATTLE_FRONTIER_BATTLE_PALACE_BATTLE_ROOM.lz	
347	LAYOUT_BATTLE_FRONTIER_OUTSIDE_EAST	BattleFrontier_OutsideEast_Layout	emerald	72	72	10368	7482	14964	data/layouts/BattleFrontier_OutsideEast/map.bin	data/layouts/BattleFrontier_OutsideEast/map.bin	71c00faaeff210b9a2f9a30ee9ae6f18c6f55355d573a151581ea506b71fbaca	26349caf	10368	0	3764	c4e912406c3a1c28018eb9c14ad9f7ee412d234171c67fb8a7070b058525cc07	c0c506b3	3762	2	gba_lz77	3764	3764	0	streams/0347-LAYOUT_BATTLE_FRONTIER_OUTSIDE_EAST.lz	
348	LAYOUT_BATTLE_FRONTIER_BATTLE_FACTORY_LOBBY	BattleFrontier_BattleFactoryLobby_Layout	emerald	19	12	456	884	1768	data/layouts/BattleFrontier_BattleFactoryLobby/map.bin	data/layouts/BattleFrontier_BattleFactoryLobby/map.bin	0bdc8ef7bf8057904b4221d6bd6bc3144932a81cbe4c325ab8427308e4841f53	2c378194	456	0	308	57798f6276ae50f4a81deebf78fccdd2b54557cbdb0e3fdaa56a87894e977407	c9ecc843	308	0	gba_lz77	308	308	0	streams/0348-LAYOUT_BATTLE_FRONTIER_BATTLE_FACTORY_LOBBY.lz	
349	LAYOUT_BATTLE_FRONTIER_BATTLE_FACTORY_PRE_BATTLE_ROOM	BattleFrontier_BattleFactoryPreBattleRoom_Layout	emerald	17	14	476	896	1792	data/layouts/BattleFrontier_BattleFactoryPreBattleRoom/map.bin	data/layouts/BattleFrontier_BattleFactoryPreBattleRoom/map.bin	81633f5d84cfe745747f37c7e1a9bb354382fd5bf81d55cdca8586755a18e51e	eb101f1f	476	0	344	484a8aaa557e4db27d1dd59e98778d94f9892324866b2febfa3ba37bcc7b43e2	c693afc6	342	2	gba_lz77	344	344	0	streams/0349-LAYOUT_BATTLE_FRONTIER_BATTLE_FACTORY_PRE_BATTLE_ROOM.lz	
350	LAYOUT_BATTLE_FRONTIER_BATTLE_FACTORY_BATTLE_ROOM	BattleFrontier_BattleFactoryBattleRoom_Layout	emerald	13	12	312	728	1456	data/layouts/BattleFrontier_BattleFactoryBattleRoom/map.bin	data/layouts/BattleFrontier_BattleFactoryBattleRoom/map.bin	ac8f24432f335295452713b8fb81b0a3036a84dd5e1c83d5672ed5ea7959033c	864cf0a5	312	0	348	262e8fd64b1e365c1c86c604657881433a88d570fda2347184a3d53d2c2bc578	5d3e9165	348	0	raw	312	312	0		
351	LAYOUT_BATTLE_FRONTIER_BATTLE_PIKE_LOBBY	BattleFrontier_BattlePikeLobby_Layout	emerald	11	13	286	702	1404	data/layouts/BattleFrontier_BattlePikeLobby/map.bin	data/layouts/BattleFrontier_BattlePikeLobby/map.bin	c30f1bf321d01ed79b48152eabe136289572d186bed81a308c8509a58fa1f9d0	b58c1bc2	286	0	220	8ebfb581ed6cbc2f80b13d484c1f7eddb14d960164622e5e27e1b8badc7a6ab7	bd05efd5	217	3	gba_lz77	220	220	0	streams/0351-LAYOUT_BATTLE_FRONTIER_BATTLE_PIKE_LOBBY.lz	
352	LAYOUT_BATTLE_FRONTIER_BATTLE_PIKE_CORRIDOR	BattleFrontier_BattlePikeCorridor_Layout	emerald	14	8	224	638	1276	data/layouts/BattleFrontier_BattlePikeCorridor/map.bin	data/layouts/BattleFrontier_BattlePikeCorridor/map.bin	21f8e9eca9c382c033d84ec7044b1c510ac38345bc2a0a8eb11b3e2be1faebf3	2cfb45fc	224	0	188	fb3f8bedd634919b3f14a7383c8775b0a436067b9e36532ad9ff49b051727fa6	e55144d8	186	2	gba_lz77	188	188	0	streams/0352-LAYOUT_BATTLE_FRONTIER_BATTLE_PIKE_CORRIDOR.lz	
353	LAYOUT_BATTLE_FRONTIER_BATTLE_PIKE_THREE_PATH_ROOM	BattleFrontier_BattlePikeThreePathRoom_Layout	emerald	13	11	286	700	1400	data/layouts/BattleFrontier_BattlePikeThreePathRoom/map.bin	data/layouts/BattleFrontier_BattlePikeThreePathRoom/map.bin	bbd7936a3415d3e94d3cd3ee06573ccd9b8328691fdd0ea54bde72e54242469c	eb39ee20	286	0	120	efcb09e02fe5f7a021f5316af16f46bd0d85f259d10bb145334568b596ce5dff	670b82b0	118	2	gba_lz77	120	120	0	streams/0353-LAYOUT_BATTLE_FRONTIER_BATTLE_PIKE_THREE_PATH_ROOM.lz	
354	LAYOUT_BATTLE_FRONTIER_BATTLE_PIKE_ROOM_NORMAL	BattleFrontier_BattlePikeRoomNormal_Layout	emerald	9	8	144	528	1056	data/layouts/BattleFrontier_BattlePikeRoomNormal/map.bin	data/layouts/BattleFrontier_BattlePikeRoomNormal/map.bin	6a7cc4f7c7d330507921e783d3cb65cacb90078f944b34dba818643efbb74f13	ca682f8f	144	0	140	0339801a0da2b656cbd287fba714ee8b248ab25ee7f332ab4117e6b4c905f90d	baa8d2e7	139	1	gba_lz77	140	140	0	streams/0354-LAYOUT_BATTLE_FRONTIER_BATTLE_PIKE_ROOM_NORMAL.lz	
355	LAYOUT_BATTLE_FRONTIER_BATTLE_PIKE_ROOM_FINAL	BattleFrontier_BattlePikeRoomFinal_Layout	emerald	5	8	80	440	880	data/layouts/BattleFrontier_BattlePikeRoomFinal/map.bin	data/layouts/BattleFrontier_BattlePikeRoomFinal/map.bin	9e0d2bef1efbcee00d108959c43b6b9f914ac1a2d3016461f6b0224b173c303f	b84b4991	80	0	96	2afe56a7cbf1cfc7404dccc85afffb01ded98e481f69c5a139f07730de4f72ff	ef8e8a02	94	2	raw	80	80	0		
356	LAYOUT_BATTLE_FRONTIER_BATTLE_ARENA_LOBBY	BattleFrontier_BattleArenaLobby_Layout	emerald	16	13	416	837	1674	data/layouts/BattleFrontier_BattleArenaLobby/map.bin	data/layouts/BattleFrontier_BattleArenaLobby/map.bin	83620e4c540babca53604a5d9e96b7983d386187d8631b837800e8a1aaa49de2	76721d3b	416	0	264	9b2490c0cc7756853b38b3b73b8fd5084d2b7b064d40b10af2749e02db2928e1	7b3d9d8a	263	1	gba_lz77	264	264	0	streams/0356-LAYOUT_BATTLE_FRONTIER_BATTLE_ARENA_LOBBY.lz	
357	LAYOUT_BATTLE_FRONTIER_BATTLE_ARENA_CORRIDOR	BattleFrontier_BattleArenaCorridor_Layout	emerald	18	14	504	924	1848	data/layouts/BattleFrontier_BattleArenaCorridor/map.bin	data/layouts/BattleFrontier_BattleArenaCorridor/map.bin	6080873853b21a59dbb9dbce1a091cb86d2fdc375a122026b6b18498b706385f	98f913f5	504	0	164	168117c08389bb06006e0d9ae867b1f65be76e5a53a7dd0d783b9311344b1ef1	d66a4624	164	0	gba_lz77	164	164	0	streams/0357-LAYOUT_BATTLE_FRONTIER_BATTLE_ARENA_CORRIDOR.lz	
358	LAYOUT_BATTLE_FRONTIER_BATTLE_ARENA_BATTLE_ROOM	BattleFrontier_BattleArenaBattleRoom_Layout	emerald	16	11	352	775	1550	data/layouts/BattleFrontier_BattleArenaBattleRoom/map.bin	data/layouts/BattleFrontier_BattleArenaBattleRoom/map.bin	6cea1d39155602af690c4e5dad93c11bffaad197a41b7a36d17c1c03e8d9083c	a641a59e	352	0	184	f28638dc595fdd248461d0dbb7f0e3cd0c086823ce704ea91f96e4d5512bdcd8	2d1aefea	184	0	gba_lz77	184	184	0	streams/0358-LAYOUT_BATTLE_FRONTIER_BATTLE_ARENA_BATTLE_ROOM.lz	
359	LAYOUT_SOOTOPOLIS_CITY_LEGENDS_BATTLE	SootopolisCity_LegendsBattle_Layout	emerald	60	60	7200	5550	11100	data/layouts/SootopolisCity_LegendsBattle/map.bin	data/layouts/SootopolisCity_LegendsBattle/map.bin	a46095c6047903c2549b15c4f5f9551412291fc8cd825997ae5b7c5c4f8b3017	f4328334	7200	0	2184	9e624f248ac981c246d2ee2025c5690f6ec0eab983e1d7c1d11c64983e0658a6	5b649401	2183	1	gba_lz77	2184	2184	0	streams/0359-LAYOUT_SOOTOPOLIS_CITY_LEGENDS_BATTLE.lz	
360	LAYOUT_BATTLE_FRONTIER_BATTLE_PIKE_ROOM_WILD_MONS	BattleFrontier_BattlePikeRoomWildMons_Layout	emerald	9	20	360	816	1632	data/layouts/BattleFrontier_BattlePikeRoomWildMons/map.bin	data/layouts/BattleFrontier_BattlePikeRoomWildMons/map.bin	8040ca7195fb9dc6b2c99b9b13f6dd41cb60f9abf12c00072206d592f91fa5c8	46654df7	360	0	220	470dfb6666191706e4ab5c29773d5ee97923a7d60fe9386262ef2b4dbcd2c605	0c1c1216	220	0	gba_lz77	220	220	0	streams/0360-LAYOUT_BATTLE_FRONTIER_BATTLE_PIKE_ROOM_WILD_MONS.lz	
361	LAYOUT_BATTLE_FRONTIER_BATTLE_PIKE_ROOM_UNUSED	BattleFrontier_BattlePikeRoomUnused_Layout	emerald	1	1	2	240	480	data/layouts/BattleFrontier_BattlePikeRoomUnused/map.bin	data/layouts/BattleFrontier_BattlePikeRoomUnused/map.bin	95bbb69057343664b86e2c986fe59a8841dc00c1f0a335e8f9f05e19a2c611af	baebb50a	4	2	12	ce77ac62b2545932140cdbe38d592b9915255e13820f5c97c8108f02aec587c2	06c4ba1c	9	3	raw	4	4	0		
362	LAYOUT_BATTLE_FRONTIER_BATTLE_PYRAMID_LOBBY	BattleFrontier_BattlePyramidLobby_Layout	emerald	15	18	540	960	1920	data/layouts/BattleFrontier_BattlePyramidLobby/map.bin	data/layouts/BattleFrontier_BattlePyramidLobby/map.bin	64d965808c893cb906dbbdb7146b78ee93bdd488675f25f1070e8c3a185dfa9d	2eb90c06	540	0	272	2b28401a891d7036d694a0a9ed1e970bc22fabf6d2fa298a4452bdba2c490698	40b2b655	271	1	gba_lz77	272	272	0	streams/0362-LAYOUT_BATTLE_FRONTIER_BATTLE_PYRAMID_LOBBY.lz	battle_pyramid
363	LAYOUT_BATTLE_FRONTIER_BATTLE_PYRAMID_FLOOR	BattleFrontier_BattlePyramidFloor_Layout	emerald	8	8	128	506	1012	data/layouts/BattleFrontier_BattlePyramidFloor/map.bin	data/layouts/BattleFrontier_BattlePyramidFloor/map.bin	38d8091d9925f23fca107761f0588c731b32ecd41c5dd89f30308ffdd921d758	d0efa777	128	0	36	51220893dcd60de89cd59b9f40d422ba9d1d9919dbd8e84da0772320bbda005e	5f646465	33	3	gba_lz77	36	36	0	streams/0363-LAYOUT_BATTLE_FRONTIER_BATTLE_PYRAMID_FLOOR.lz	battle_pyramid
364	LAYOUT_BATTLE_PYRAMID_SQUARE01	BattlePyramidSquare01_Layout	emerald	8	8	128	506	1012	data/layouts/BattlePyramidSquare01/map.bin	data/layouts/BattlePyramidSquare01/map.bin	5a4ba682c74660cbe884ec28220a120e10756ef93154ccd10b4bd5a0029cc29d	f25bbb3b	128	0	48	d157a96573541a97865ec71d4b55c50a0a03840a4087c647a3a9cab50e5a6eda	887ca711	48	0	gba_lz77	48	48	0	streams/0364-LAYOUT_BATTLE_PYRAMID_SQUARE01.lz	battle_pyramid
365	LAYOUT_BATTLE_PYRAMID_SQUARE02	BattlePyramidSquare02_Layout	emerald	8	8	128	506	1012	data/layouts/BattlePyramidSquare02/map.bin	data/layouts/BattlePyramidSquare02/map.bin	51ca502b4fd4bdd452b132c9098619c148f6aba6dc276d1da00f75f88b620a6d	7c6883f4	128	0	52	a610d96420243b6334f42813b491980fa33f86bca91ec7d7d61cf5efc97b170f	b3e4fd55	50	2	gba_lz77	52	52	0	streams/0365-LAYOUT_BATTLE_PYRAMID_SQUARE02.lz	battle_pyramid
366	LAYOUT_BATTLE_PYRAMID_SQUARE03	BattlePyramidSquare03_Layout	emerald	8	8	128	506	1012	data/layouts/BattlePyramidSquare03/map.bin	data/layouts/BattlePyramidSquare03/map.bin	c272b50cb06b3b03d423377054a5d4f28cedf2ff8719d10da44738042c87326d	d1fbfac5	128	0	48	224333f46d31e2b287be9aa427ee0f0205e76262d11495018a7200e2e81de76b	892937dc	48	0	gba_lz77	48	48	0	streams/0366-LAYOUT_BATTLE_PYRAMID_SQUARE03.lz	battle_pyramid
367	LAYOUT_BATTLE_PYRAMID_SQUARE04	BattlePyramidSquare04_Layout	emerald	8	8	128	506	1012	data/layouts/BattlePyramidSquare04/map.bin	data/layouts/BattlePyramidSquare04/map.bin	9c299d9f617aa56be4c47fcd0bc3a672086a9a1cb8cb4848b5c72f70383fc5a6	87c1ea09	128	0	40	fdd014796946ba0432461e219b59a7a9a5ab20e288744ddf98d134b59a7ef3c4	cec16fa4	39	1	gba_lz77	40	40	0	streams/0367-LAYOUT_BATTLE_PYRAMID_SQUARE04.lz	battle_pyramid
368	LAYOUT_BATTLE_PYRAMID_SQUARE05	BattlePyramidSquare05_Layout	emerald	8	8	128	506	1012	data/layouts/BattlePyramidSquare05/map.bin	data/layouts/BattlePyramidSquare05/map.bin	42147a3e9940c654281df80297069e38a04bf4b0ac97915f7f64f5e8b262feae	85189d8b	128	0	48	95ba50e6f9578e6aa356d7e54c0fe8ce6d501bf0d3d6742945dbdb8ba8b99614	53f2547a	46	2	gba_lz77	48	48	0	streams/0368-LAYOUT_BATTLE_PYRAMID_SQUARE05.lz	battle_pyramid
369	LAYOUT_BATTLE_PYRAMID_SQUARE06	BattlePyramidSquare06_Layout	emerald	8	8	128	506	1012	data/layouts/BattlePyramidSquare06/map.bin	data/layouts/BattlePyramidSquare06/map.bin	08027d54732f24d195f29e9444fceac1d637a6b560d6cb5a0dbe04efb2e837be	ee9364e2	128	0	56	c4882aaf1fa1d6548659f94d3833367f0c370855f27ac769532f8fa4aa2a46b4	acc05d37	53	3	gba_lz77	56	56	0	streams/0369-LAYOUT_BATTLE_PYRAMID_SQUARE06.lz	battle_pyramid
370	LAYOUT_BATTLE_PYRAMID_SQUARE07	BattlePyramidSquare07_Layout	emerald	8	8	128	506	1012	data/layouts/BattlePyramidSquare07/map.bin	data/layouts/BattlePyramidSquare07/map.bin	b53e4dd36b18978ea88613dab05b77349ca2633e1c42ec4d9f2599557871d61c	386a58bf	128	0	56	97a32e465686bff62919246daa00de4a34c8cb25b25f0dc998bce07c6f9f3cc5	b1afa58a	54	2	gba_lz77	56	56	0	streams/0370-LAYOUT_BATTLE_PYRAMID_SQUARE07.lz	battle_pyramid
371	LAYOUT_BATTLE_PYRAMID_SQUARE08	BattlePyramidSquare08_Layout	emerald	8	8	128	506	1012	data/layouts/BattlePyramidSquare08/map.bin	data/layouts/BattlePyramidSquare08/map.bin	4b3458eb3dbf90d94c4612340abd3b9ced5c349c0451e4a39a2fd83b63934d75	426e9380	128	0	48	7c99324a753033da3607349349632d1d1a2e05a030385ec41a77c25c581f1e83	cc401d97	47	1	gba_lz77	48	48	0	streams/0371-LAYOUT_BATTLE_PYRAMID_SQUARE08.lz	battle_pyramid
372	LAYOUT_BATTLE_PYRAMID_SQUARE09	BattlePyramidSquare09_Layout	emerald	8	8	128	506	1012	data/layouts/BattlePyramidSquare09/map.bin	data/layouts/BattlePyramidSquare09/map.bin	05a021eec1a40d3f24e54939dcaa5d1401ab4e0178cd85366a84493f49f5351e	005fa374	128	0	60	80d470bd7ed9d8bf9f291fdb162f34e66be30f890f4ad2fae7bbbdc59084633a	206010f0	57	3	gba_lz77	60	60	0	streams/0372-LAYOUT_BATTLE_PYRAMID_SQUARE09.lz	battle_pyramid
373	LAYOUT_BATTLE_PYRAMID_SQUARE10	BattlePyramidSquare10_Layout	emerald	8	8	128	506	1012	data/layouts/BattlePyramidSquare10/map.bin	data/layouts/BattlePyramidSquare10/map.bin	95093663811112947f3c9154b85db6c82c0caad30974040f87c6eb7992bfa1ca	d4759225	128	0	40	1e5cc7a85d0280470bd9855c94a2b1b447a84f294811a4beeeeb563d7bff5961	8697229a	37	3	gba_lz77	40	40	0	streams/0373-LAYOUT_BATTLE_PYRAMID_SQUARE10.lz	battle_pyramid
374	LAYOUT_BATTLE_PYRAMID_SQUARE11	BattlePyramidSquare11_Layout	emerald	8	8	128	506	1012	data/layouts/BattlePyramidSquare11/map.bin	data/layouts/BattlePyramidSquare11/map.bin	e9dbc2f0f60fc56a9282710aee1db0c2b5e7c36b457c8104682dde5dcc4fc7f5	dd2ce99e	128	0	64	4f608a9eefd10940343cfa88caf92c4e6eac085097bb0f79d7a65223326341e0	10e488ab	61	3	gba_lz77	64	64	0	streams/0374-LAYOUT_BATTLE_PYRAMID_SQUARE11.lz	battle_pyramid
375	LAYOUT_BATTLE_PYRAMID_SQUARE12	BattlePyramidSquare12_Layout	emerald	8	8	128	506	1012	data/layouts/BattlePyramidSquare12/map.bin	data/layouts/BattlePyramidSquare12/map.bin	bcffc6f7d33f9a1665952f3aeb19624e8fd928729fb414fc27f8a778325f9435	ed6d1afb	128	0	44	08cfb53bea597952dbacd6d86a0d109df61e9b87a90cfb7df35b56c49d390695	e68cf12c	42	2	gba_lz77	44	44	0	streams/0375-LAYOUT_BATTLE_PYRAMID_SQUARE12.lz	battle_pyramid
376	LAYOUT_BATTLE_PYRAMID_SQUARE13	BattlePyramidSquare13_Layout	emerald	8	8	128	506	1012	data/layouts/BattlePyramidSquare13/map.bin	data/layouts/BattlePyramidSquare13/map.bin	069395c7ab676dc39cfc7c1b63945aeaa26a58422add328d4b20e7a01ab4c8bd	450c262e	128	0	56	2d8b1faf79f342debb1e7201af528022bf299274d129fbd43f4bf2c8d6347f4b	6a007856	56	0	gba_lz77	56	56	0	streams/0376-LAYOUT_BATTLE_PYRAMID_SQUARE13.lz	battle_pyramid
377	LAYOUT_BATTLE_PYRAMID_SQUARE14	BattlePyramidSquare14_Layout	emerald	8	8	128	506	1012	data/layouts/BattlePyramidSquare14/map.bin	data/layouts/BattlePyramidSquare14/map.bin	57503df7b174c3999408a06348ef593a12e3b0576da82f19ab4469e490126c80	943aeec6	128	0	32	57f38ccba50e0007ea90fcf0b4d68ba3c1aef9bc772144325bf23b612606d809	14f51b9b	30	2	gba_lz77	32	32	0	streams/0377-LAYOUT_BATTLE_PYRAMID_SQUARE14.lz	battle_pyramid
378	LAYOUT_BATTLE_PYRAMID_SQUARE15	BattlePyramidSquare15_Layout	emerald	8	8	128	506	1012	data/layouts/BattlePyramidSquare15/map.bin	data/layouts/BattlePyramidSquare15/map.bin	0bb8301c36e81285a2a1a177807a10783190d7479f58bfb15a96b9fdb555ed34	66804066	128	0	32	ddf04b28e47151cc963c1c8eb7aabb245fbe1a784e5d5b8655243a073805c65d	0c937e66	30	2	gba_lz77	32	32	0	streams/0378-LAYOUT_BATTLE_PYRAMID_SQUARE15.lz	battle_pyramid
379	LAYOUT_BATTLE_PYRAMID_SQUARE16	BattlePyramidSquare16_Layout	emerald	8	8	128	506	1012	data/layouts/BattlePyramidSquare16/map.bin	data/layouts/BattlePyramidSquare16/map.bin	e0c27d1c4d0f21282c1aca172ed2ad570e00bd2b65f4461f2d96f6d078d594b1	eba8b378	128	0	28	036dc50cb5a5e9753e6fd374af43964d30ac1de27fa9592f7301e1c0ba009717	84487231	25	3	gba_lz77	28	28	0	streams/0379-LAYOUT_BATTLE_PYRAMID_SQUARE16.lz	battle_pyramid
380	LAYOUT_BATTLE_FRONTIER_BATTLE_PYRAMID_TOP	BattleFrontier_BattlePyramidTop_Layout	emerald	34	23	1564	1813	3626	data/layouts/BattleFrontier_BattlePyramidTop/map.bin	data/layouts/BattleFrontier_BattlePyramidTop/map.bin	d53fb40fd5d35d0bfd33bfd1f5cddd3d2fb610c9e1c1a64d400df6e8c10ffbe2	1b46558d	1564	0	444	11b9879959dcd1428986aa2067c1f92cc8b60a952a214dbbc4fdacd369b148dd	b7a01e64	442	2	gba_lz77	444	444	0	streams/0380-LAYOUT_BATTLE_FRONTIER_BATTLE_PYRAMID_TOP.lz	battle_pyramid
381	LAYOUT_MAGMA_HIDEOUT_3F_3R	MagmaHideout_3F_3R_Layout	emerald	33	24	1584	1824	3648	data/layouts/MagmaHideout_3F_3R/map.bin	data/layouts/MagmaHideout_3F_3R/map.bin	8953fbbe3bfc9df9943284b24475ea20c3b4021b5137c0f064b803845c170e61	59a9d618	1584	0	436	ff824ab2378dd7dc7b4e0016ba08de5a31ad95589856e8c37da608b7e70b1394	1cd661fc	435	1	gba_lz77	436	436	0	streams/0381-LAYOUT_MAGMA_HIDEOUT_3F_3R.lz	
382	LAYOUT_MAGMA_HIDEOUT_2F_3R	MagmaHideout_2F_3R_Layout	emerald	60	19	2280	2475	4950	data/layouts/MagmaHideout_2F_3R/map.bin	data/layouts/MagmaHideout_2F_3R/map.bin	ad6e3d27de79fc4c37499806b9a258b70e7e5da26ac8192ef8507354805a4603	dd940574	2280	0	432	583a691b1c6ffdf4f94d2f1e7b717fe185ef4fb8d656bcfbc4cc9d2eaa1f68c5	03fe18bd	432	0	gba_lz77	432	432	0	streams/0382-LAYOUT_MAGMA_HIDEOUT_2F_3R.lz	
383	LAYOUT_MIRAGE_TOWER_1F	MirageTower_1F_Layout	emerald	21	17	714	1116	2232	data/layouts/MirageTower_1F/map.bin	data/layouts/MirageTower_1F/map.bin	6fc5563d85e936bbe8f692b1dbbc6c6cafbc7460234c53dc9040abeb47ac093d	a4dbc3c0	714	0	288	399d95ae7f2df528f4b0e332c734cabb64ad5cd8d1d63320b028bd968f23ded7	9949cf2f	287	1	gba_lz77	288	288	0	streams/0383-LAYOUT_MIRAGE_TOWER_1F.lz	
384	LAYOUT_MIRAGE_TOWER_2F	MirageTower_2F_Layout	emerald	21	17	714	1116	2232	data/layouts/MirageTower_2F/map.bin	data/layouts/MirageTower_2F/map.bin	2bc641218cee47b12848ab6abcf87d9240176867b27cf63c43f4bfd5e7224b37	8ba0a973	714	0	288	23e40bc7545b1bae784c5c077408eb06268161d86321ee26f334eb4055bfdb59	a082256b	286	2	gba_lz77	288	288	0	streams/0384-LAYOUT_MIRAGE_TOWER_2F.lz	
385	LAYOUT_MIRAGE_TOWER_3F	MirageTower_3F_Layout	emerald	21	17	714	1116	2232	data/layouts/MirageTower_3F/map.bin	data/layouts/MirageTower_3F/map.bin	9fb83af8dca8ffcacfc2ec54719ce598d17cd48213025961f74720fab6d2b341	53f8f8af	714	0	284	d4eff111edf9ac70df1a718f6bf5df23c9e58d0f311289edfbda2d6fc1b59cfd	110f5349	282	2	gba_lz77	284	284	0	streams/0385-LAYOUT_MIRAGE_TOWER_3F.lz	
386	LAYOUT_BATTLE_TENT_LOBBY	BattleTentLobby_Layout	emerald	13	10	260	672	1344	data/layouts/BattleTentLobby/map.bin	data/layouts/BattleTentLobby/map.bin	039c084371b6c30fc4307c42a6ae3ac67d811c646a3c213f175a9a7dce83dd6e	16507fc9	260	0	212	0442281ac086a40b838ba5ec17661c961649130ee7a9baada06a31c3294af647	f2021c97	211	1	gba_lz77	212	212	0	streams/0386-LAYOUT_BATTLE_TENT_LOBBY.lz	
387	LAYOUT_BATTLE_TENT_CORRIDOR	BattleTentCorridor_Layout	emerald	5	8	80	440	880	data/layouts/BattleTentCorridor/map.bin	data/layouts/BattleTentCorridor/map.bin	41b3380fb07e9781dce3f8767d6039b8302ea6e96bb80557c0049f88e75fbe56	bfca39d2	80	0	60	214788dc8d41c3eab8da7b48d1dd8ea83b2d3116d6decb4859cde1da29caacc4	dafbf6f8	59	1	gba_lz77	60	60	0	streams/0387-LAYOUT_BATTLE_TENT_CORRIDOR.lz	
388	LAYOUT_BATTLE_TENT_BATTLE_ROOM	BattleTentBattleRoom_Layout	emerald	10	9	180	575	1150	data/layouts/BattleTentBattleRoom/map.bin	data/layouts/BattleTentBattleRoom/map.bin	83c87c78eec37f7e84f25fb94bcd978ed6f07369297ad421d5cea72da68c728d	28138e53	180	0	140	b24e4278593872299a890270eada20c41961c99b0839638f8e53064f9874061d	d77d9ec7	139	1	gba_lz77	140	140	0	streams/0388-LAYOUT_BATTLE_TENT_BATTLE_ROOM.lz	
389	LAYOUT_VERDANTURF_TOWN_BATTLE_TENT_BATTLE_ROOM	VerdanturfTown_BattleTentBattleRoom_Layout	emerald	13	9	234	644	1288	data/layouts/VerdanturfTown_BattleTentBattleRoom/map.bin	data/layouts/VerdanturfTown_BattleTentBattleRoom/map.bin	bdb5858372a3450949b761670132647c60f91ccb2f47641a0f773abf36de009e	8fd3fc10	234	0	144	058b9f1974a0fae863a9ef9abe076a1c64f3e2a7aab5af908e2adf3acc6dcd52	43a4d3b1	144	0	gba_lz77	144	144	0	streams/0389-LAYOUT_VERDANTURF_TOWN_BATTLE_TENT_BATTLE_ROOM.lz	
390	LAYOUT_BATTLE_TENT_LOBBY_HNS	BattleTentLobby_hns_Layout	hns	13	10	260	672	1344	data/layouts/BattleTentLobby_hns/map.bin	data/layouts/BattleTentLobby_hns/map.bin	039c084371b6c30fc4307c42a6ae3ac67d811c646a3c213f175a9a7dce83dd6e	16507fc9	260	0	212	0442281ac086a40b838ba5ec17661c961649130ee7a9baada06a31c3294af647	f2021c97	211	1	gba_lz77	212	212	0	streams/0390-LAYOUT_BATTLE_TENT_LOBBY_HNS.lz	
391	LAYOUT_BATTLE_TENT_CORRIDOR_HNS	BattleTentCorridor_hns_Layout	hns	5	8	80	440	880	data/layouts/BattleTentCorridor_hns/map.bin	data/layouts/BattleTentCorridor_hns/map.bin	41b3380fb07e9781dce3f8767d6039b8302ea6e96bb80557c0049f88e75fbe56	bfca39d2	80	0	60	214788dc8d41c3eab8da7b48d1dd8ea83b2d3116d6decb4859cde1da29caacc4	dafbf6f8	59	1	gba_lz77	60	60	0	streams/0391-LAYOUT_BATTLE_TENT_CORRIDOR_HNS.lz	
392	LAYOUT_BATTLE_TENT_BATTLE_ROOM_HNS	BattleTentBattleRoom_hns_Layout	hns	10	9	180	575	1150	data/layouts/BattleTentBattleRoom_hns/map.bin	data/layouts/BattleTentBattleRoom_hns/map.bin	83c87c78eec37f7e84f25fb94bcd978ed6f07369297ad421d5cea72da68c728d	28138e53	180	0	140	b24e4278593872299a890270eada20c41961c99b0839638f8e53064f9874061d	d77d9ec7	139	1	gba_lz77	140	140	0	streams/0392-LAYOUT_BATTLE_TENT_BATTLE_ROOM_HNS.lz	
393	LAYOUT_VERDANTURF_TOWN_BATTLE_TENT_BATTLE_ROOM_HNS	VerdanturfTown_BattleTentBattleRoom_hns_Layout	hns	13	9	234	644	1288	data/layouts/VerdanturfTown_BattleTentBattleRoom_hns/map.bin	data/layouts/VerdanturfTown_BattleTentBattleRoom_hns/map.bin	bdb5858372a3450949b761670132647c60f91ccb2f47641a0f773abf36de009e	8fd3fc10	234	0	144	058b9f1974a0fae863a9ef9abe076a1c64f3e2a7aab5af908e2adf3acc6dcd52	43a4d3b1	144	0	gba_lz77	144	144	0	streams/0393-LAYOUT_VERDANTURF_TOWN_BATTLE_TENT_BATTLE_ROOM_HNS.lz	
394	LAYOUT_MIRAGE_TOWER_4F	MirageTower_4F_Layout	emerald	13	10	260	672	1344	data/layouts/MirageTower_4F/map.bin	data/layouts/MirageTower_4F/map.bin	2b2027fd9aab5be98eb2504d66af2ad0953ea42ba1c5be02f159b266986d8aa2	725f2807	260	0	176	09da98650bb27426a49aa4a232731b6b98d95a68ebd165047f7aabe3fd42ea28	c6759c2b	173	3	gba_lz77	176	176	0	streams/0394-LAYOUT_MIRAGE_TOWER_4F.lz	
395	LAYOUT_DESERT_UNDERPASS	DesertUnderpass_Layout	emerald	139	23	6394	5698	11396	data/layouts/DesertUnderpass/map.bin	data/layouts/DesertUnderpass/map.bin	cc35ef51eb4fd1f14ad65ea02a81b8118a1191006e70d46261f0eb766e5289b1	f4a9de1c	6394	0	1624	f21d60b2ccf7b8a4698e745b0b1699cd772647258c5dcbd55c24f3c5153dfa37	b1ed360b	1621	3	gba_lz77	1624	1624	0	streams/0395-LAYOUT_DESERT_UNDERPASS.lz	
396	LAYOUT_BATTLE_FRONTIER_BATTLE_TOWER_MULTI_PARTNER_ROOM	BattleFrontier_BattleTowerMultiPartnerRoom_Layout	emerald	21	15	630	1044	2088	data/layouts/BattleFrontier_BattleTowerMultiPartnerRoom/map.bin	data/layouts/BattleFrontier_BattleTowerMultiPartnerRoom/map.bin	740a8c140e03f21a9b8e57fd62bf288a18c2c81e169a2bbe495776bb06c6abf2	bd43d883	630	0	132	a4cf3c9dce0a53c373c10aa060ef17a23df32d800156471f177646512e697f08	9770b874	129	3	gba_lz77	132	132	0	streams/0396-LAYOUT_BATTLE_FRONTIER_BATTLE_TOWER_MULTI_PARTNER_ROOM.lz	
397	LAYOUT_BATTLE_FRONTIER_BATTLE_TOWER_MULTI_CORRIDOR	BattleFrontier_BattleTowerMultiCorridor_Layout	emerald	17	5	170	608	1216	data/layouts/BattleFrontier_BattleTowerMultiCorridor/map.bin	data/layouts/BattleFrontier_BattleTowerMultiCorridor/map.bin	97609a3ea06a1557abe6af0f28fa9afa06ada297d6adc7da8076389002208a07	1f5c9523	170	0	76	9fabab3302ae5ada88924fde62fde33ad22c736084e262c64c6db334c8c288ec	417b9496	75	1	gba_lz77	76	76	0	streams/0397-LAYOUT_BATTLE_FRONTIER_BATTLE_TOWER_MULTI_CORRIDOR.lz	
398	LAYOUT_ROUTE111_NO_MIRAGE_TOWER	Route111_NoMirageTower_Layout	emerald	40	140	11200	8470	16940	data/layouts/Route111_NoMirageTower/map.bin	data/layouts/Route111_NoMirageTower/map.bin	cbda47b060bd3129c9f4092dd3c51285a794e4cc17893a0f9267f32c7e078067	cff3fee2	11200	0	3532	cda23b2cd4da393120449c39949a9fa822e303154680bf5dd7060790e0902553	b66cc887	3531	1	gba_lz77	3532	3532	0	streams/0398-LAYOUT_ROUTE111_NO_MIRAGE_TOWER.lz	
399	LAYOUT_UNION_ROOM	UnionRoom_Layout	emerald	15	12	360	780	1560	data/layouts/UnionRoom/map.bin	data/layouts/UnionRoom/map.bin	7ed9e90212ae1d73704c1777b88fd29d9ea8323a8383e477b452960dcd20aa88	6ab2939d	360	0	124	b2e2caab9149144783fad54acebb09a400f467d47e71e6335e172e264aa6b027	d31c94a1	123	1	gba_lz77	124	124	0	streams/0399-LAYOUT_UNION_ROOM.lz	
400	LAYOUT_SAFARI_ZONE_NORTHEAST	SafariZone_Northeast_Layout	emerald	40	40	3200	2970	5940	data/layouts/SafariZone_Northeast/map.bin	data/layouts/SafariZone_Northeast/map.bin	528ec2de1456b9c5bc44bfb94e1245e49d2149c2a5fe3dd053ef3be5437c19d4	539f27ca	3200	0	872	914faba3f693d479363c0cf25c8f200d88d4e4a9f4ee43c9bc81f5be7aec0423	de9b1768	869	3	gba_lz77	872	872	0	streams/0400-LAYOUT_SAFARI_ZONE_NORTHEAST.lz	
401	LAYOUT_SAFARI_ZONE_SOUTHEAST	SafariZone_Southeast_Layout	emerald	40	40	3200	2970	5940	data/layouts/SafariZone_Southeast/map.bin	data/layouts/SafariZone_Southeast/map.bin	2bfc58cb1dba4b070e48e6a6d2179264bcc3e4496dd1f0b7a74833d429a4d28c	ba0bc436	3200	0	924	48b8432bc8731bcc3c1d93a5208ae5762dc529622deab1f605de04552003b56f	b9558f8f	922	2	gba_lz77	924	924	0	streams/0401-LAYOUT_SAFARI_ZONE_SOUTHEAST.lz	
402	LAYOUT_BATTLE_FRONTIER_RANKING_HALL	BattleFrontier_RankingHall_Layout	emerald	53	15	1590	1972	3944	data/layouts/BattleFrontier_RankingHall/map.bin	data/layouts/BattleFrontier_RankingHall/map.bin	638f368fba31c15eed921865f494ff7995261ab117d13104762c04cf3d72b8a9	1de17b24	1590	0	416	38c6bd93b05d51957ce25bfe60e9c3c427535cbcda377807ebbce1eae147557b	71b4e044	414	2	gba_lz77	416	416	0	streams/0402-LAYOUT_BATTLE_FRONTIER_RANKING_HALL.lz	
403	LAYOUT_BATTLE_FRONTIER_LOUNGE1	BattleFrontier_Lounge1_Layout	emerald	13	8	208	616	1232	data/layouts/BattleFrontier_Lounge1/map.bin	data/layouts/BattleFrontier_Lounge1/map.bin	9b9c0393d372d2ec4706408790262bdde2f987c66361e6ba6bbf8e7b05ddb866	2fe760ae	208	0	116	9db530a031bc23082837d102cc9213921633953696104e2a7319cd2f8fe438e5	2ec0d6f1	116	0	gba_lz77	116	116	0	streams/0403-LAYOUT_BATTLE_FRONTIER_LOUNGE1.lz	
404	LAYOUT_BATTLE_FRONTIER_EXCHANGE_SERVICE_CORNER	BattleFrontier_ExchangeServiceCorner_Layout	emerald	15	11	330	750	1500	data/layouts/BattleFrontier_ExchangeServiceCorner/map.bin	data/layouts/BattleFrontier_ExchangeServiceCorner/map.bin	8d1d6144c8e95253dde19cf9bfb1ae09f7f7bbc7f1c7a0ab6bec02274533a2a0	4a768883	330	0	184	cfb0024b7246b6e0fe481d3a4b97fe20b63757ee4f95d431e3d40a17a3238d58	210bcbb3	182	2	gba_lz77	184	184	0	streams/0404-LAYOUT_BATTLE_FRONTIER_EXCHANGE_SERVICE_CORNER.lz	
405	LAYOUT_BATTLE_FRONTIER_RECEPTION_GATE	BattleFrontier_ReceptionGate_Layout	emerald	9	14	252	672	1344	data/layouts/BattleFrontier_ReceptionGate/map.bin	data/layouts/BattleFrontier_ReceptionGate/map.bin	65375f69f93514e8152d7d1ad3ce1ee98d638b47fe126ea87c1445109b7ea8ef	6623c6de	252	0	164	bfa9599fabb0d28b019e48317c6ad90f4df6a9dc7446cacf4dc6c57df2ae6cf9	95944866	161	3	gba_lz77	164	164	0	streams/0405-LAYOUT_BATTLE_FRONTIER_RECEPTION_GATE.lz	
406	LAYOUT_ARTISAN_CAVE_B1F	ArtisanCave_B1F_Layout	emerald	46	54	4968	4148	8296	data/layouts/ArtisanCave_B1F/map.bin	data/layouts/ArtisanCave_B1F/map.bin	852d2f50cee68af7fcba76fd02acfa9e0d66b5ff146bda987b977bb2a2072e63	5ae637ee	4968	0	1064	1bf2dfca8545f7809a8a865e89feac037fabe56ca913964fff4fdde98ba4d622	37fccbbc	1064	0	gba_lz77	1064	1064	0	streams/0406-LAYOUT_ARTISAN_CAVE_B1F.lz	
407	LAYOUT_ARTISAN_CAVE_1F	ArtisanCave_1F_Layout	emerald	21	22	924	1296	2592	data/layouts/ArtisanCave_1F/map.bin	data/layouts/ArtisanCave_1F/map.bin	3d2d505ddefe0bca0392f8afe3a09c8a569e7b2b1abd33026b0b13d915b8b0fb	8633b5c1	924	0	212	a4821ac6bec65aa303df120ced4c1e14c43a3912a336c09a914a2af17cf4a18e	b890e4bb	209	3	gba_lz77	212	212	0	streams/0407-LAYOUT_ARTISAN_CAVE_1F.lz	
408	LAYOUT_FARAWAY_ISLAND_ENTRANCE	FarawayIsland_Entrance_Layout	emerald	34	46	3128	2940	5880	data/layouts/FarawayIsland_Entrance/map.bin	data/layouts/FarawayIsland_Entrance/map.bin	197addfb7f0f5faa084df0bac0a8b019693945e1a7a9553a7598af9f635e2908	957b65ec	3128	0	988	32eb5c52deff03564c2216e580a1c94d5e13e820939ed8d106ee36856bcc419d	c8f63e09	988	0	gba_lz77	988	988	0	streams/0408-LAYOUT_FARAWAY_ISLAND_ENTRANCE.lz	
409	LAYOUT_FARAWAY_ISLAND_INTERIOR	FarawayIsland_Interior_Layout	emerald	29	26	1508	1760	3520	data/layouts/FarawayIsland_Interior/map.bin	data/layouts/FarawayIsland_Interior/map.bin	228d50c39d4c99edf6b060363672dfddae34ca51f67bd6cb6d0eeca59adb70e4	48906830	1508	0	548	f10e192e44d995ab8d9e96a99277d26923cbb030271df9560a6f6973ce0acb24	d7ec3774	545	3	gba_lz77	548	548	0	streams/0409-LAYOUT_FARAWAY_ISLAND_INTERIOR.lz	
410	LAYOUT_BIRTH_ISLAND_EXTERIOR	BirthIsland_Exterior_Layout	emerald	30	30	1800	1980	3960	data/layouts/BirthIsland_Exterior/map.bin	data/layouts/BirthIsland_Exterior/map.bin	3d6916a26031f0efdb14b326ea029e3de0ae71658cbff240fece1d279eb9057a	eb4dc64a	1800	0	472	c88586b4621dd8ff6faac220b594075001e3318c1c6812f9ee01c235525666c7	80537159	472	0	gba_lz77	472	472	0	streams/0410-LAYOUT_BIRTH_ISLAND_EXTERIOR.lz	
411	LAYOUT_ISLAND_HARBOR	IslandHarbor_Layout	emerald	17	13	442	864	1728	data/layouts/IslandHarbor/map.bin	data/layouts/IslandHarbor/map.bin	5a425906de1b1bef15f6d7d7b948f3816e26b10e6cecf3be0451d1eec530bfef	a15b51f8	442	0	156	aa70f95000da1906d59d7fbad51aba3d3784364531668ee9c01e058d6986688f	b1e6978f	156	0	gba_lz77	156	156	0	streams/0411-LAYOUT_ISLAND_HARBOR.lz	
412	LAYOUT_UNDERWATER_MARINE_CAVE	Underwater_MarineCave_Layout	emerald	20	10	400	840	1680	data/layouts/Underwater_MarineCave/map.bin	data/layouts/Underwater_MarineCave/map.bin	ad54c7478469a7d904073477fe62ce5920432762920282f8a77ac451ad253f0e	1e46ed51	400	0	104	5a6198cff68071d177213bf98a981351819e521b43c5c6d9e308fff34576519d	d80f3e85	103	1	gba_lz77	104	104	0	streams/0412-LAYOUT_UNDERWATER_MARINE_CAVE.lz	
413	LAYOUT_MARINE_CAVE_ENTRANCE	MarineCave_Entrance_Layout	emerald	20	20	800	1190	2380	data/layouts/MarineCave_Entrance/map.bin	data/layouts/MarineCave_Entrance/map.bin	e66b2517ab76b8ed6c3b62f9b67d4c081d7274406648de0ffcf5bd96a226a3e7	de38593e	800	0	276	f9eb76ae85617f59724c4d71ed6c5e9fb2ca8aeafbe7d6b56093532fdacff5a4	e1464f62	273	3	gba_lz77	276	276	0	streams/0413-LAYOUT_MARINE_CAVE_ENTRANCE.lz	
414	LAYOUT_TERRA_CAVE_ENTRANCE	TerraCave_Entrance_Layout	emerald	20	20	800	1190	2380	data/layouts/TerraCave_Entrance/map.bin	data/layouts/TerraCave_Entrance/map.bin	d62a00f1d0362a670e9c8361624c19400f9fabbae5afd83b4fa5cc2844bfe74d	92a4421f	800	0	252	2e62a2fb106abbf5403e979942179912ba9212291c2a31f709eb74a85af66a87	4d5d7bb4	249	3	gba_lz77	252	252	0	streams/0414-LAYOUT_TERRA_CAVE_ENTRANCE.lz	
415	LAYOUT_TERRA_CAVE_END	TerraCave_End_Layout	emerald	27	30	1620	1848	3696	data/layouts/TerraCave_End/map.bin	data/layouts/TerraCave_End/map.bin	69f4d8304c9b1a3d86a1423fa8515c58615d465b45bad9fb2369ade3906d35be	b9eb39ab	1620	0	480	655402e97ef388ae40aeb28d1a80472bfe908f204d08532aeea1d779f422dc67	0eafe098	480	0	gba_lz77	480	480	0	streams/0415-LAYOUT_TERRA_CAVE_END.lz	
416	LAYOUT_UNDERWATER_ROUTE105	Underwater_Route105_Layout	emerald	40	80	6400	5170	10340	data/layouts/Underwater_Route105/map.bin	data/layouts/Underwater_Route105/map.bin	0f4ef8ecd10decd35968f9ed3e5c681d473d565f8cbe900058c8f9cb8fd31a27	43131e73	6400	0	1144	2534b868020cc2a786bdfec31df03ba0e0e40fc17361ef531b174f0610c0c9dd	238224ff	1141	3	gba_lz77	1144	1144	0	streams/0416-LAYOUT_UNDERWATER_ROUTE105.lz	
417	LAYOUT_UNDERWATER_ROUTE125	Underwater_Route125_Layout	emerald	80	40	6400	5130	10260	data/layouts/Underwater_Route125/map.bin	data/layouts/Underwater_Route125/map.bin	e42c399846d2383603174ebaa379ee99f638c27426acb3f7cec06168941184f1	fca0a82b	6400	0	1160	b6f7eb1e080383f3261f42002a10c691d6f5df0f9a5e67443d0bdfdc4b0dcc59	0a3724f4	1158	2	gba_lz77	1160	1160	0	streams/0417-LAYOUT_UNDERWATER_ROUTE125.lz	
418	LAYOUT_UNDERWATER_ROUTE129	Underwater_Route129_Layout	emerald	80	40	6400	5130	10260	data/layouts/Underwater_Route129/map.bin	data/layouts/Underwater_Route129/map.bin	0b0174043c169cef2769e34a1c81e779b3445317471dcf5a5b61e52f48b2930c	a740a74a	6400	0	1136	8dc53bd907fb642329e65bdec2d9c99c90c1a305d0a3f025e81fac21e72346d8	07a57345	1134	2	gba_lz77	1136	1136	0	streams/0418-LAYOUT_UNDERWATER_ROUTE129.lz	
419	LAYOUT_MARINE_CAVE_END	MarineCave_End_Layout	emerald	27	30	1620	1848	3696	data/layouts/MarineCave_End/map.bin	data/layouts/MarineCave_End/map.bin	fd5befb573f36779fb29c09a4f072a90737a95001412917b7d525b1ae6062c75	8f2028f4	1620	0	464	d86530cc23796fdda376229ca4209fb5669020c35e55893e517f17c801860c37	d62c7746	462	2	gba_lz77	464	464	0	streams/0419-LAYOUT_MARINE_CAVE_END.lz	
420	LAYOUT_TRAINER_HILL_ENTRANCE	TrainerHill_Entrance_Layout	emerald	19	17	646	1054	2108	data/layouts/TrainerHill_Entrance/map.bin	data/layouts/TrainerHill_Entrance/map.bin	f096dd0cb05b188c814e1af27a18944cc65566ed7be01a02fa97c9184bad5406	32e55ef3	646	0	312	7de90437bf46803258063c26db581bbb6f443dc27e4c846221df9d300cb545e1	a0ded3ca	311	1	gba_lz77	312	312	0	streams/0420-LAYOUT_TRAINER_HILL_ENTRANCE.lz	trainer_hill
421	LAYOUT_TRAINER_HILL_1F	TrainerHill_1F_Layout	emerald	16	21	672	1085	2170	data/layouts/TrainerHill_1F/map.bin	data/layouts/TrainerHill_1F/map.bin	e8e7cc9b36aea4d4936de1ed9617777ed391cf5782f615a07ff0cf03501cb74e	e1a767d1	672	0	176	66fecba8bd909c97796c6f4506bf65b908bd9980c60873c8ba5eeeed8d3e3b4b	5d4b0435	175	1	gba_lz77	176	176	0	streams/0421-LAYOUT_TRAINER_HILL_1F.lz	trainer_hill
422	LAYOUT_TRAINER_HILL_2F	TrainerHill_2F_Layout	emerald	16	21	672	1085	2170	data/layouts/TrainerHill_2F/map.bin	data/layouts/TrainerHill_2F/map.bin	700860d411c4c65039aa337effe5bfcca15a5ab30b408622d97ce3c52d9166ed	5bf2fca5	672	0	176	cd79ef2c5a48677c14c61d944df5fe120511ae9e1b94dd0cf6282824366b6186	e943d593	175	1	gba_lz77	176	176	0	streams/0422-LAYOUT_TRAINER_HILL_2F.lz	trainer_hill
423	LAYOUT_TRAINER_HILL_3F	TrainerHill_3F_Layout	emerald	16	21	672	1085	2170	data/layouts/TrainerHill_3F/map.bin	data/layouts/TrainerHill_3F/map.bin	5d360042c2b577c2a5618b8714e570a85444574ca5d88f0c91f170912ef561dc	c6e31f35	672	0	176	e51f4a11a20a668bc17a92ec9d0f5ee1274d65fb254841865fb7289740920dea	14f9c0fe	175	1	gba_lz77	176	176	0	streams/0423-LAYOUT_TRAINER_HILL_3F.lz	trainer_hill
424	LAYOUT_TRAINER_HILL_4F	TrainerHill_4F_Layout	emerald	16	21	672	1085	2170	data/layouts/TrainerHill_4F/map.bin	data/layouts/TrainerHill_4F/map.bin	571711499b9fbb91c3e4756b64a23bfbae627ad5ac1e6a4982322483b5568184	4850c0d7	672	0	176	c69c59c453eb7547976b2e04533b04f7e22b2e056889603e433a97428565fce0	202234d6	175	1	gba_lz77	176	176	0	streams/0424-LAYOUT_TRAINER_HILL_4F.lz	trainer_hill
425	LAYOUT_TRAINER_HILL_ROOF	TrainerHill_Roof_Layout	emerald	25	16	800	1200	2400	data/layouts/TrainerHill_Roof/map.bin	data/layouts/TrainerHill_Roof/map.bin	90a565e221c1942bb93aa2d2f9fd48e2598d28b431fbbee0286020eb2d7dd69b	3b795023	800	0	392	0466dbe0b1f761e97fd2c3445ed12ef35cb1b9fa9e1ce0124b115e9bb618b19d	dfe4b7a0	390	2	gba_lz77	392	392	0	streams/0425-LAYOUT_TRAINER_HILL_ROOF.lz	trainer_hill
426	LAYOUT_ALTERING_CAVE	AlteringCave_Layout	emerald	32	24	1536	1786	3572	data/layouts/AlteringCave/map.bin	data/layouts/AlteringCave/map.bin	51fab8b4622ddd10f45814a2210b7d3c9836020edee71d51002c03c4d107b5e9	5179b6cf	1536	0	400	db420fe04c71ad53c37231a63e7523ced1a725b11a102d3ea2a5e4d3a34e440d	15746815	397	3	gba_lz77	400	400	0	streams/0426-LAYOUT_ALTERING_CAVE.lz	
427	LAYOUT_NAVEL_ROCK_EXTERIOR	NavelRock_Exterior_Layout	emerald	21	24	1008	1368	2736	data/layouts/NavelRock_Exterior/map.bin	data/layouts/NavelRock_Exterior/map.bin	cf44c4b93ee64e5b60f8548a494c1d82fd355cc4e46f4a46036bb968e93ff3df	725a14aa	1008	0	380	2f5a81c818ac4c66660f611844eab88c278485e2058e3b42ab665289d706bed3	c1874548	379	1	gba_lz77	380	380	0	streams/0427-LAYOUT_NAVEL_ROCK_EXTERIOR.lz	
428	LAYOUT_NAVEL_ROCK_ENTRANCE	NavelRock_Entrance_Layout	emerald	21	32	1344	1656	3312	data/layouts/NavelRock_Entrance/map.bin	data/layouts/NavelRock_Entrance/map.bin	c6cc88aff1bc8af80df41e08cbd0dcdd5bba4dfcca5e3ced91d2f19af2a2670e	cab9390c	1344	0	232	2be480401311026afabbc955258528585013f8f85527467244e76d7ffef0be10	d7762522	232	0	gba_lz77	232	232	0	streams/0428-LAYOUT_NAVEL_ROCK_ENTRANCE.lz	
429	LAYOUT_NAVEL_ROCK_TOP	NavelRock_Top_Layout	emerald	25	28	1400	1680	3360	data/layouts/NavelRock_Top/map.bin	data/layouts/NavelRock_Top/map.bin	15d0f37e5d9250cb0ca98db9369693c896b247605fd1cc6e793f27456cac6135	71d2ab38	1400	0	332	232f427947be77e0622a3807867fa36b92710cb4aa634d4c62e4348838575798	cf0e25e1	329	3	gba_lz77	332	332	0	streams/0429-LAYOUT_NAVEL_ROCK_TOP.lz	
430	LAYOUT_NAVEL_ROCK_BOTTOM	NavelRock_Bottom_Layout	emerald	22	22	968	1332	2664	data/layouts/NavelRock_Bottom/map.bin	data/layouts/NavelRock_Bottom/map.bin	ef1cf6e4c45570cb2fb49761baad42900e0aa46c8d60eeb512d5ce3ecb33d936	87e94d90	968	0	224	2f10f546756000dee831016b07d2cd4ca923bec3ef1b73a668e86b981cac8292	d16fa115	224	0	gba_lz77	224	224	0	streams/0430-LAYOUT_NAVEL_ROCK_BOTTOM.lz	
431	LAYOUT_NAVEL_ROCK_LADDER_ROOM1	NavelRock_LadderRoom1_Layout	emerald	9	8	144	528	1056	data/layouts/NavelRock_LadderRoom1/map.bin	data/layouts/NavelRock_LadderRoom1/map.bin	9c56dcddda7173c0c9b25602e53ad3863e6681b4d6869ffc37a3e47b5abbb018	b94c8dbc	144	0	60	df1941bcb1032f4cb16f73f24fc9c6d290c47a33603b3bef6d20af3c722fb521	fa3808e8	60	0	gba_lz77	60	60	0	streams/0431-LAYOUT_NAVEL_ROCK_LADDER_ROOM1.lz	
432	LAYOUT_NAVEL_ROCK_LADDER_ROOM2	NavelRock_LadderRoom2_Layout	emerald	9	8	144	528	1056	data/layouts/NavelRock_LadderRoom2/map.bin	data/layouts/NavelRock_LadderRoom2/map.bin	300d8b453fc30c7521320adac3dfaf07fdfb64bfdf8a158c3adb48f55abf2278	f5bde78f	144	0	64	6fb542e5fad1e56a4df3e7b95647b1d7bad756aa4d881207ae9a95d34d1d412f	7ddd81e5	64	0	gba_lz77	64	64	0	streams/0432-LAYOUT_NAVEL_ROCK_LADDER_ROOM2.lz	
433	LAYOUT_NAVEL_ROCK_B1F	NavelRock_B1F_Layout	emerald	23	11	506	950	1900	data/layouts/NavelRock_B1F/map.bin	data/layouts/NavelRock_B1F/map.bin	6fd9992392134aa57893998bdf56a1c578619f40d4b0a6e5a9aa3f6699f54554	089d4cb9	506	0	104	3c7f8d98dc37b72aee48edb1c044ee427d67dcb6c66f0f5137c949f3c4e71695	dc84d5db	101	3	gba_lz77	104	104	0	streams/0433-LAYOUT_NAVEL_ROCK_B1F.lz	
434	LAYOUT_NAVEL_ROCK_FORK	NavelRock_Fork_Layout	emerald	27	86	4644	4200	8400	data/layouts/NavelRock_Fork/map.bin	data/layouts/NavelRock_Fork/map.bin	8d03b8ef2241f6e93e2d361e05d91cd1cab93250aeae4b556a99b12727dc1e13	34d844c8	4644	0	652	24daceef44dc5fa5cbd31eddd784b20c87a51428be0f7cd2114624da8a2aea34	343a164c	650	2	gba_lz77	652	652	0	streams/0434-LAYOUT_NAVEL_ROCK_FORK.lz	
435	LAYOUT_BATTLE_FRONTIER_LOUNGE2	BattleFrontier_Lounge2_Layout	emerald	9	10	180	576	1152	data/layouts/BattleFrontier_Lounge2/map.bin	data/layouts/BattleFrontier_Lounge2/map.bin	8c277464aafe19a99704dd4f7fe744d7c9584824e408d84ba70700ed1b1c771f	a583c927	180	0	120	89c2f3aeac5701e1b9890b6458e92f5adc7ab3dcce98660dc870df1902852a8e	8ffca6e3	118	2	gba_lz77	120	120	0	streams/0435-LAYOUT_BATTLE_FRONTIER_LOUNGE2.lz	
436	LAYOUT_BATTLE_FRONTIER_SCOTTS_HOUSE	BattleFrontier_ScottsHouse_Layout	emerald	6	8	96	462	924	data/layouts/BattleFrontier_ScottsHouse/map.bin	data/layouts/BattleFrontier_ScottsHouse/map.bin	718810b7aa1ec200318329dfe017e317ebbddec56d5ae3d994d800dcf36916fc	cf09a9ea	96	0	64	9a316cff0b7730b9bd6c12cf6cc1acbbba791aceb3eeabc2d9c8dac50fd9e41d	405e592b	61	3	gba_lz77	64	64	0	streams/0436-LAYOUT_BATTLE_FRONTIER_SCOTTS_HOUSE.lz	
437	LAYOUT_METEOR_FALLS_STEVENS_CAVE	MeteorFalls_StevensCave_Layout	emerald	30	32	1920	2070	4140	data/layouts/MeteorFalls_StevensCave/map.bin	data/layouts/MeteorFalls_StevensCave/map.bin	571732ac5ca3962e1586e772cfdbd39edc02d5b6ed12bf3b1054ed60c0ce302c	54351776	1920	0	536	4d70be0369b82c1357384ea764b67eb02f0ba715b46c2e6454e4842d20ef4108	4455a751	533	3	gba_lz77	536	536	0	streams/0437-LAYOUT_METEOR_FALLS_STEVENS_CAVE.lz	
438	LAYOUT_LITTLEROOT_TOWN_PROFESSOR_BIRCHS_LAB_WITH_TABLE	LittlerootTown_ProfessorBirchsLabWithTable_Layout	emerald	13	13	338	756	1512	data/layouts/LittlerootTown_ProfessorBirchsLabWithTable/map.bin	data/layouts/LittlerootTown_ProfessorBirchsLabWithTable/map.bin	6276fbd2a44d156a7cc80747062c7de067ae837c8653694110949d15902ba641	c199c927	340	2	232	091aa6bf5b777bb76816ba06665bad894705e6ca8cf762f42146cd431b838bda	817f485f	230	2	gba_lz77	232	232	0	streams/0438-LAYOUT_LITTLEROOT_TOWN_PROFESSOR_BIRCHS_LAB_WITH_TABLE.lz	
439	LAYOUT_SKY_PILLAR_1F_CLEAN	SkyPillar_1F_Clean_Layout	emerald	14	14	392	812	1624	data/layouts/SkyPillar_1F_Clean/map.bin	data/layouts/SkyPillar_1F_Clean/map.bin	5ffeaefd64eb1e7ef93ae0a4b468c0f7b61d2a6e2781ec044e95fec215aa2858	1ca41973	392	0	100	f311a92327c432854756e4be79655052a549b409baeefcea185eda3dc710d79b	24ae1e78	98	2	gba_lz77	100	100	0	streams/0439-LAYOUT_SKY_PILLAR_1F_CLEAN.lz	
440	LAYOUT_SKY_PILLAR_2F_CLEAN	SkyPillar_2F_Clean_Layout	emerald	14	14	392	812	1624	data/layouts/SkyPillar_2F_Clean/map.bin	data/layouts/SkyPillar_2F_Clean/map.bin	9a03bf3fa76793e4cb84179da84bbca33b8b34c5f6097e1af47f859aba0b21f4	d474afe8	392	0	104	691f84667fda3af1b4cfa9b37ae94040623a179935e32ffb89f9287ba65b8188	1beb76a4	104	0	gba_lz77	104	104	0	streams/0440-LAYOUT_SKY_PILLAR_2F_CLEAN.lz	
441	LAYOUT_SKY_PILLAR_3F_CLEAN	SkyPillar_3F_Clean_Layout	emerald	14	14	392	812	1624	data/layouts/SkyPillar_3F_Clean/map.bin	data/layouts/SkyPillar_3F_Clean/map.bin	adc0102849f97384bfe2a94956a21a257f868692f306bc2881ad1268a24ae347	841b04d3	392	0	112	cc83ff35e93d61e7d868da3282bd3f69eedf85d10bef3825f2a21d867e39fdcc	99608575	110	2	gba_lz77	112	112	0	streams/0441-LAYOUT_SKY_PILLAR_3F_CLEAN.lz	
442	LAYOUT_SKY_PILLAR_4F_CLEAN	SkyPillar_4F_Clean_Layout	emerald	14	14	392	812	1624	data/layouts/SkyPillar_4F_Clean/map.bin	data/layouts/SkyPillar_4F_Clean/map.bin	ad02406be9682cd22d28409109743c057cc435d952b53c99695c4ca22d56bdf3	d6f526ae	392	0	128	3c795d9ce1ad3c35aa5378f2a6f35bae27a66e18c0dd56458a067b8767e6ae28	51a5361e	125	3	gba_lz77	128	128	0	streams/0442-LAYOUT_SKY_PILLAR_4F_CLEAN.lz	
443	LAYOUT_SKY_PILLAR_5F_CLEAN	SkyPillar_5F_Clean_Layout	emerald	14	14	392	812	1624	data/layouts/SkyPillar_5F_Clean/map.bin	data/layouts/SkyPillar_5F_Clean/map.bin	4e0df28fb0610b5ca550128b676d5d282387c82de3726fcc990fd7cebccf5d21	d4f8041c	392	0	108	78be58cbe1d7e1fec12f15ba206a1afa2ad2665475635766284d90a70fcefea8	d020f752	107	1	gba_lz77	108	108	0	streams/0443-LAYOUT_SKY_PILLAR_5F_CLEAN.lz	
444	LAYOUT_SKY_PILLAR_TOP_CLEAN	SkyPillar_Top_Clean_Layout	emerald	27	24	1296	1596	3192	data/layouts/SkyPillar_Top_Clean/map.bin	data/layouts/SkyPillar_Top_Clean/map.bin	59d583d1c0a457f0963c746b2aaa52dbb2fd35acb1ba959d7d9d93c37821ea80	368f50ed	1296	0	220	a9917a91a6397944e0dbfbff951941802e1b917295079040163eb5caf843a645	b1e6ac1f	217	3	gba_lz77	220	220	0	streams/0444-LAYOUT_SKY_PILLAR_TOP_CLEAN.lz	
445	LAYOUT_SOOTOPOLIS_CITY_MYSTERY_EVENTS_HOUSE_1F	SootopolisCity_MysteryEventsHouse_1F_Layout	emerald	11	8	176	572	1144	data/layouts/SootopolisCity_MysteryEventsHouse_1F/map.bin	data/layouts/SootopolisCity_MysteryEventsHouse_1F/map.bin	2911489999f1f22a8a96f33486d0a997148c2e07549e6474370b223a5367ec70	12eb9158	176	0	100	048bab01f9240bffde4ec68b8e4960e51ba445404ec02547565ceec56ad470eb	1294c7f2	100	0	gba_lz77	100	100	0	streams/0445-LAYOUT_SOOTOPOLIS_CITY_MYSTERY_EVENTS_HOUSE_1F.lz	
446	LAYOUT_SOOTOPOLIS_CITY_MYSTERY_EVENTS_HOUSE_B1F	SootopolisCity_MysteryEventsHouse_B1F_Layout	emerald	12	9	216	621	1242	data/layouts/SootopolisCity_MysteryEventsHouse_B1F/map.bin	data/layouts/SootopolisCity_MysteryEventsHouse_B1F/map.bin	4a84f95c2e11ba0f0cb11edc92ad05ebe049da57856a1a7225dc72908b8517be	4722f39b	216	0	96	f4158976b7b2d00e65560bd9f96a7977e2f06b78de9cd03b0e2d58e774c4440a	5a132b66	93	3	gba_lz77	96	96	0	streams/0446-LAYOUT_SOOTOPOLIS_CITY_MYSTERY_EVENTS_HOUSE_B1F.lz	
447	LAYOUT_SOOTOPOLIS_CITY_MYSTERY_EVENTS_HOUSE_1F_STAIRS_UNBLOCKED	SootopolisCity_MysteryEventsHouse_1F_StairsUnblocked_Layout	emerald	11	8	176	572	1144	data/layouts/SootopolisCity_MysteryEventsHouse_1F_StairsUnblocked/map.bin	data/layouts/SootopolisCity_MysteryEventsHouse_1F_StairsUnblocked/map.bin	f094f4710bf9e01349202a835e34d048f5d8d61c01d41bd5edf4a5ad6c00251e	f06ebfd5	176	0	104	378613a3f75aff43b96205bf4c26ac01ea89ef2a67fd2a477aa74ca209d538df	f743ad4c	101	3	gba_lz77	104	104	0	streams/0447-LAYOUT_SOOTOPOLIS_CITY_MYSTERY_EVENTS_HOUSE_1F_STAIRS_UNBLOCKED.lz	
454	LAYOUT_POKEMON_CENTER_1F_FRLG	PokemonCenter_1F_FRLG_Layout	frlg	15	10	300	720	1440	data/layouts/PokemonCenter_1F_Frlg/map.bin	data/layouts/PokemonCenter_1F_Frlg/map.bin	32a6f854088ca261ed410ebff549e73d7e732aa1143223377e8f290e8df52e0d	60cc3b6c	300	0	232	04344f772eefb2ee60d957e83359c308b49da099035c83dea134d5fb577d5b9e	49aa1b75	230	2	gba_lz77	232	232	0	streams/0454-LAYOUT_POKEMON_CENTER_1F_FRLG.lz	
455	LAYOUT_POKEMON_CENTER_2F_FRLG	PokemonCenter_2F_FRLG_Layout	frlg	15	10	300	720	1440	data/layouts/PokemonCenter_2F_Frlg/map.bin	data/layouts/PokemonCenter_2F_Frlg/map.bin	e7d363794382cbdb50e54b75b2da65ad1cddd5af4c69fc24f74a18bec227cfde	bf2f0b4c	300	0	232	99c1e77a4c95cc2083b4fc6dc44524f98115db2861ee07ed0e25592433c82ba2	e64cab30	230	2	gba_lz77	232	232	0	streams/0455-LAYOUT_POKEMON_CENTER_2F_FRLG.lz	
456	LAYOUT_MART_FRLG	Mart_Layout_FRLG	frlg	11	9	198	598	1196	data/layouts/Mart_Frlg/map.bin	data/layouts/Mart_Frlg/map.bin	8f5493928d1f5f834f6ea39e055a23f49ae04a132d452ce7846607780a53d082	51732a6f	198	0	176	df7f934ed07fdb45c38aec118bbb10069f0b7411365629d78aa46687fa198f48	b79fb1fd	176	0	gba_lz77	176	176	0	streams/0456-LAYOUT_MART_FRLG.lz	
457	LAYOUT_HOUSE3_FRLG	House3_FRLG_Layout	frlg	11	9	198	598	1196	data/layouts/House3_Frlg/map.bin	data/layouts/House3_Frlg/map.bin	d66fbb3a7f090642156faebacb4d7dfaff31b8463d1f90be13705b4015c127b2	8da370f5	198	0	124	d80399ab886fa4bf9eb68009290fdf7198fc5c62b7b4a0b81bb932019069bf56	d26dfc91	124	0	gba_lz77	124	124	0	streams/0457-LAYOUT_HOUSE3_FRLG.lz	
459	LAYOUT_HOUSE4_FRLG	House4_FRLG_Layout	frlg	11	9	198	598	1196	data/layouts/House4_Frlg/map.bin	data/layouts/House4_Frlg/map.bin	8d917e586fb7677abaca6b0661b2d05eeaa9e3025e1199ef69a5d5105ce41a80	a3f97ee2	198	0	112	01ab8ec739a0d250e2353b0190533ec9cfa52bd7c3998d5c5270fd37cad3d606	d88fa2ba	110	2	gba_lz77	112	112	0	streams/0459-LAYOUT_HOUSE4_FRLG.lz	
462	LAYOUT_FIVE_ISLAND_RESORT_GORGEOUS_HOUSE	FiveIsland_ResortGorgeous_House_Layout	frlg	11	9	198	598	1196	data/layouts/FiveIsland_ResortGorgeous_House_Frlg/map.bin	data/layouts/FiveIsland_ResortGorgeous_House_Frlg/map.bin	66df962935d7aa4fd2c3d68d2af41ff929d699837f2e8375e9fb85be10e3c9e7	ca99ace5	198	0	148	b64c193f69984ae4e060e4a3f9e512fe7b5ec700e521b613316c2451f41d88e0	1c99e09c	146	2	gba_lz77	148	148	0	streams/0462-LAYOUT_FIVE_ISLAND_RESORT_GORGEOUS_HOUSE.lz	
469	LAYOUT_FOUR_ISLAND_LORELEIS_HOUSE	FourIsland_LoreleisHouse_Layout	frlg	11	9	198	598	1196	data/layouts/FourIsland_LoreleisHouse_Frlg/map.bin	data/layouts/FourIsland_LoreleisHouse_Frlg/map.bin	39adba631adfc6667d7405670b0f6df4bcc0e51176bd856b06e9407d473da0d1	eba70584	198	0	172	a232b376d50ac9761202c1f6b1fcbda06e65063e7ce297c8cb1acb49b910358f	362a3124	169	3	gba_lz77	172	172	0	streams/0469-LAYOUT_FOUR_ISLAND_LORELEIS_HOUSE.lz	
470	LAYOUT_THREE_ISLAND_HOUSE1	ThreeIsland_House1_Layout	frlg	11	9	198	598	1196	data/layouts/ThreeIsland_House1_Frlg/map.bin	data/layouts/ThreeIsland_House1_Frlg/map.bin	7859c46b08772b269edb3e8c391d25dca284ea2c5cc8cdb1ba928531bd1305f4	46264ccc	198	0	124	b60406eeccbc9c3736f2a772405268e762b49b6bbfe1dcd4c5c712e642332549	08eff673	123	1	gba_lz77	124	124	0	streams/0470-LAYOUT_THREE_ISLAND_HOUSE1.lz	
638	LAYOUT_ONE_ISLAND	OneIsland_Layout	frlg	24	20	960	1326	2652	data/layouts/OneIsland_Frlg/map.bin	data/layouts/OneIsland_Frlg/map.bin	8464f4675d6049e54d55bc8fb7a13445a280b637bdbff3e541985871f4f6e3a0	8b3f1486	960	0	564	a1c38d8b5e546aaec8cc58981722cf21f70f88e64609d400a8ffad1755036199	c584ed9c	562	2	gba_lz77	564	564	0	streams/0638-LAYOUT_ONE_ISLAND.lz	
639	LAYOUT_TWO_ISLAND	TwoIsland_Layout	frlg	48	20	1920	2142	4284	data/layouts/TwoIsland_Frlg/map.bin	data/layouts/TwoIsland_Frlg/map.bin	0c0bc7ac68719e088258efbaabbc3d6a57ba5009a9581731d6aa6b55ecff7b30	cd0c0ddc	1920	0	816	accf0841880e6dd3bf02a5f4acee64a4949d7bab5ba4efc39a440816deedb308	9ff25f01	816	0	gba_lz77	816	816	0	streams/0639-LAYOUT_TWO_ISLAND.lz	
640	LAYOUT_THREE_ISLAND	ThreeIsland_Layout	frlg	24	40	1920	2106	4212	data/layouts/ThreeIsland_Frlg/map.bin	data/layouts/ThreeIsland_Frlg/map.bin	381268fff146f81298d7a7a706a9af0c2ad37faed7ab1d59fcf4242e468424c0	7e9bb507	1920	0	684	5c4f6f3b2179de1b01bbc641900a1e5d0c11aa46fe44257e7687cb7a3d336210	c9472cb3	684	0	gba_lz77	684	684	0	streams/0640-LAYOUT_THREE_ISLAND.lz	
641	LAYOUT_FOUR_ISLAND	FourIsland_Layout	frlg	48	40	3840	3402	6804	data/layouts/FourIsland_Frlg/map.bin	data/layouts/FourIsland_Frlg/map.bin	afc338d34731aece79809d65d7c729c3030ca5974d24c704f60f2bf6f8236951	767c0364	3840	0	1276	11ac80bc028f5bfe775ce5e082a10fb4c470f4bc8f63af9abd6ac329ccc1f145	d7075655	1273	3	gba_lz77	1276	1276	0	streams/0641-LAYOUT_FOUR_ISLAND.lz	
642	LAYOUT_FIVE_ISLAND	FiveIsland_Layout	frlg	24	20	960	1326	2652	data/layouts/FiveIsland_Frlg/map.bin	data/layouts/FiveIsland_Frlg/map.bin	5e37c55393c46609576239efef916f4358929afb77ded7efea24acde88d58dd0	896afff7	960	0	500	7ddaed676a947fc487ddd0c8158b6c9a7523f3ec67c4524947521838008119a1	81e0a5de	500	0	gba_lz77	500	500	0	streams/0642-LAYOUT_FIVE_ISLAND.lz	
643	LAYOUT_SEVEN_ISLAND	SevenIsland_Layout	frlg	24	20	960	1326	2652	data/layouts/SevenIsland_Frlg/map.bin	data/layouts/SevenIsland_Frlg/map.bin	a0a75f0afb4aec2a35508a74ba23daf8ffcbefb9b48693c7b4f5d396335c5da5	aa78832f	960	0	528	a078e1227c6bfba94c779bf0ef8892e05d836f6793acde5e7ccaaf4c6d613a5a	dcb68e3a	527	1	gba_lz77	528	528	0	streams/0643-LAYOUT_SEVEN_ISLAND.lz	
644	LAYOUT_SIX_ISLAND	SixIsland_Layout	frlg	24	30	1440	1716	3432	data/layouts/SixIsland_Frlg/map.bin	data/layouts/SixIsland_Frlg/map.bin	cf683cc9e7731f5575a19424cdd533e462cb4ffccbe2f0abbf384332547027b9	66ff75a7	1440	0	632	e7e8ee49f71b8761b51739a6b2caf1af40d52ce233b6bb8bc9fa7f246df0630a	14f2d07b	630	2	gba_lz77	632	632	0	streams/0644-LAYOUT_SIX_ISLAND.lz	
645	LAYOUT_ONE_ISLAND_KINDLE_ROAD	OneIsland_KindleRoad_Layout	frlg	24	140	6720	6006	12012	data/layouts/OneIsland_KindleRoad_Frlg/map.bin	data/layouts/OneIsland_KindleRoad_Frlg/map.bin	0c39b58ca418fcd29c894196a8bb3bb3e7de45b6f31bb5ba7f2285094f85e160	5605a151	6720	0	1980	b1c7b62219dc497783a8acea0409f97427d2ba80b3a429dafc4181d3da76f0eb	008afcaa	1980	0	gba_lz77	1980	1980	0	streams/0645-LAYOUT_ONE_ISLAND_KINDLE_ROAD.lz	
646	LAYOUT_ONE_ISLAND_TREASURE_BEACH	OneIsland_TreasureBeach_Layout	frlg	24	40	1920	2106	4212	data/layouts/OneIsland_TreasureBeach_Frlg/map.bin	data/layouts/OneIsland_TreasureBeach_Frlg/map.bin	94557bcab422102acecd0e7adfb2b0b0d30610f9f61cad343eb71955443b4d3c	16c970d0	1920	0	760	3f4a9b7b335158bc24228a0151934363c259ea4e6627ee880bbcb9ba56305d88	928c01c6	757	3	gba_lz77	760	760	0	streams/0646-LAYOUT_ONE_ISLAND_TREASURE_BEACH.lz	
647	LAYOUT_TWO_ISLAND_CAPE_BRINK	TwoIsland_CapeBrink_Layout	frlg	24	40	1920	2106	4212	data/layouts/TwoIsland_CapeBrink_Frlg/map.bin	data/layouts/TwoIsland_CapeBrink_Frlg/map.bin	212c786812d95500e15c886cd4154a0864d8acba31779cfccaf5b96ca8a4d240	631aedef	1920	0	612	5cb3999027a1d2e6fce84f307f58194a125784b75b92d065b461d4c91a1d3147	6a1ad8c9	611	1	gba_lz77	612	612	0	streams/0647-LAYOUT_TWO_ISLAND_CAPE_BRINK.lz	
648	LAYOUT_THREE_ISLAND_BOND_BRIDGE	ThreeIsland_BondBridge_Layout	frlg	96	20	3840	3774	7548	data/layouts/ThreeIsland_BondBridge_Frlg/map.bin	data/layouts/ThreeIsland_BondBridge_Frlg/map.bin	a9242e90886ccbf13ad2941c076050938c9a35dce7721f297354625596c30b4b	142417b1	3840	0	1132	2d4e2db4216a269aa56ceaeed0c52d64a25d989814fe47fcb81de2c54bcc2112	34149801	1131	1	gba_lz77	1132	1132	0	streams/0648-LAYOUT_THREE_ISLAND_BOND_BRIDGE.lz	
649	LAYOUT_THREE_ISLAND_PORT	ThreeIsland_Port_Layout	frlg	48	20	1920	2142	4284	data/layouts/ThreeIsland_Port_Frlg/map.bin	data/layouts/ThreeIsland_Port_Frlg/map.bin	3144442a21ea608f442bacffb1683fc617f07ff6e80cb87fe10e5fcb6a93df94	a75d9fea	1920	0	616	483a1cda13d8fbb45396c04520bb9bc9fac56e246d71f18a5d3afec9ff4081d7	7e8a9b2e	614	2	gba_lz77	616	616	0	streams/0649-LAYOUT_THREE_ISLAND_PORT.lz	
654	LAYOUT_FIVE_ISLAND_RESORT_GORGEOUS	FiveIsland_ResortGorgeous_Layout	frlg	72	20	2880	2958	5916	data/layouts/FiveIsland_ResortGorgeous_Frlg/map.bin	data/layouts/FiveIsland_ResortGorgeous_Frlg/map.bin	4e4255f2bf5e05096bc38dd42457e68e8057192bdd6440742c699234a99c6e7c	3a7781e4	2880	0	832	99949a6fc090995542d9235c4692fdde4d7b92953d34c6dfc0f5f3f2452551a5	3b18c893	830	2	gba_lz77	832	832	0	streams/0654-LAYOUT_FIVE_ISLAND_RESORT_GORGEOUS.lz	
655	LAYOUT_FIVE_ISLAND_WATER_LABYRINTH	FiveIsland_WaterLabyrinth_Layout	frlg	72	20	2880	2958	5916	data/layouts/FiveIsland_WaterLabyrinth_Frlg/map.bin	data/layouts/FiveIsland_WaterLabyrinth_Frlg/map.bin	67141c089cb2a171110b861aec9961c706c73f31cd6284ff077288a6185309cf	01a2030e	2880	0	652	1197c2b49cbb4b5ab27becd40198531c8ff142f3f1e847785495b7a4c2ce9297	b3c6f2d8	651	1	gba_lz77	652	652	0	streams/0655-LAYOUT_FIVE_ISLAND_WATER_LABYRINTH.lz	
656	LAYOUT_FIVE_ISLAND_MEADOW	FiveIsland_Meadow_Layout	frlg	24	40	1920	2106	4212	data/layouts/FiveIsland_Meadow_Frlg/map.bin	data/layouts/FiveIsland_Meadow_Frlg/map.bin	0f6e0d0cd7f89f5cb12cbcf3523b3623230b5917aab0c95d1a852f5447c84543	6addc8cc	1920	0	852	67cf67525f875cfbc807fbef9bcdda7ccec48b974cd245bb94e74f33abdcd50d	37976ec1	851	1	gba_lz77	852	852	0	streams/0656-LAYOUT_FIVE_ISLAND_MEADOW.lz	
657	LAYOUT_FIVE_ISLAND_MEMORIAL_PILLAR	FiveIsland_MemorialPillar_Layout	frlg	24	60	2880	2886	5772	data/layouts/FiveIsland_MemorialPillar_Frlg/map.bin	data/layouts/FiveIsland_MemorialPillar_Frlg/map.bin	591fef42ec6d4051a992d598a78412b4d3c99f6c09e18e5bc31c3a0f3cf69b7d	a40ca5c8	2880	0	996	32c01fa097cfe44ea7fe4b90d3884e3bdd8f97a38af8edf8fee0c5df181007a8	dc1822fe	994	2	gba_lz77	996	996	0	streams/0657-LAYOUT_FIVE_ISLAND_MEMORIAL_PILLAR.lz	
658	LAYOUT_SIX_ISLAND_OUTCAST_ISLAND	SixIsland_OutcastIsland_Layout	frlg	24	80	3840	3666	7332	data/layouts/SixIsland_OutcastIsland_Frlg/map.bin	data/layouts/SixIsland_OutcastIsland_Frlg/map.bin	ae9b10654825aba0a15807782e7f0642c3dcc279a75bb4e61c00b44047f5bfb1	10283f0a	3840	0	988	fe2ad651aae955bd34fd435072dfa849972c73812bfd5d7c404b2b43bad2dbf8	367d5a0b	988	0	gba_lz77	988	988	0	streams/0658-LAYOUT_SIX_ISLAND_OUTCAST_ISLAND.lz	
659	LAYOUT_SIX_ISLAND_GREEN_PATH	SixIsland_GreenPath_Layout	frlg	72	20	2880	2958	5916	data/layouts/SixIsland_GreenPath_Frlg/map.bin	data/layouts/SixIsland_GreenPath_Frlg/map.bin	e0201b0bc1de323964f9942ca03108d5672ecc8b010337c5f2bd7bad48e471d6	c73b475e	2880	0	904	347fa58bb2eacc19302f725ca8660c0ae0988a7ac0df54d464ae43704187d3df	b8a14dbd	901	3	gba_lz77	904	904	0	streams/0659-LAYOUT_SIX_ISLAND_GREEN_PATH.lz	
660	LAYOUT_SIX_ISLAND_WATER_PATH	SixIsland_WaterPath_Layout	frlg	24	100	4800	4446	8892	data/layouts/SixIsland_WaterPath_Frlg/map.bin	data/layouts/SixIsland_WaterPath_Frlg/map.bin	8ed8ffef5ab1553c901faabd0960c4c085b4c5db5a33944d6b46be4297138fc4	87e413f2	4800	0	1536	5d206b1ee25533248b85798ec816c43c75cf9a2c7dd3df103ad3c73a590199a8	21a13d42	1534	2	gba_lz77	1536	1536	0	streams/0660-LAYOUT_SIX_ISLAND_WATER_PATH.lz	
661	LAYOUT_SIX_ISLAND_RUIN_VALLEY	SixIsland_RuinValley_Layout	frlg	48	40	3840	3402	6804	data/layouts/SixIsland_RuinValley_Frlg/map.bin	data/layouts/SixIsland_RuinValley_Frlg/map.bin	e6fb32cd9088501324d734d4de5cb6cab3898363a4ce3003d8c647c0677f3e05	c8426d1b	3840	0	1152	5e3b00069951792d4169f9b60c0041eda07f51b2b4c348f4c925c79ae8edde07	4a462283	1150	2	gba_lz77	1152	1152	0	streams/0661-LAYOUT_SIX_ISLAND_RUIN_VALLEY.lz	
662	LAYOUT_SEVEN_ISLAND_TRAINER_TOWER	SevenIsland_TrainerTower_Layout	frlg	120	40	9600	7290	14580	data/layouts/SevenIsland_TrainerTower_Frlg/map.bin	data/layouts/SevenIsland_TrainerTower_Frlg/map.bin	71a7094c4be68769dded27d7bb7db0109294dcef53b72dfc3c362e387ca753d5	f8d7b1bb	9600	0	1872	e11ab641a29a18dfb7b197b302ad913f9e41b288250a047c8fc499b75cfe0d22	7caa0414	1871	1	gba_lz77	1872	1872	0	streams/0662-LAYOUT_SEVEN_ISLAND_TRAINER_TOWER.lz	
663	LAYOUT_SEVEN_ISLAND_SEVAULT_CANYON_ENTRANCE	SevenIsland_SevaultCanyon_Entrance_Layout	frlg	24	40	1920	2106	4212	data/layouts/SevenIsland_SevaultCanyon_Entrance_Frlg/map.bin	data/layouts/SevenIsland_SevaultCanyon_Entrance_Frlg/map.bin	d0850de8b198dfccf5a08d93c2a48a5d741725bf9dc5a506ad70f5f9524d073b	01d26813	1920	0	652	e058605d1dae4ace9215720049fe8d4181a596b0a860472a97b6edb60ffeb7a8	5c701023	650	2	gba_lz77	652	652	0	streams/0663-LAYOUT_SEVEN_ISLAND_SEVAULT_CANYON_ENTRANCE.lz	
664	LAYOUT_SEVEN_ISLAND_SEVAULT_CANYON	SevenIsland_SevaultCanyon_Layout	frlg	24	80	3840	3666	7332	data/layouts/SevenIsland_SevaultCanyon_Frlg/map.bin	data/layouts/SevenIsland_SevaultCanyon_Frlg/map.bin	2f923dcaa6f34735b5d8edeac00c031531b97de7c784e1b41bd22aba215c4ed5	1f4160c2	3840	0	1260	16de624497985a5a3f877e22dbf68325d4ca9d7ed6b50747f7f71eebae7a83ff	c5c26c3d	1260	0	gba_lz77	1260	1260	0	streams/0664-LAYOUT_SEVEN_ISLAND_SEVAULT_CANYON.lz	
665	LAYOUT_SEVEN_ISLAND_TANOBY_RUINS	SevenIsland_TanobyRuins_Layout	frlg	144	20	5760	5406	10812	data/layouts/SevenIsland_TanobyRuins_Frlg/map.bin	data/layouts/SevenIsland_TanobyRuins_Frlg/map.bin	4f342552895fb6b12aa7bdbdc5c2acaf655353cd688067deaa347c51861b0d77	6b5bd93c	5760	0	1288	0bd9d17774c6eaa4672824bac73eb8ecc30b5489da8d819dcfad0971f9815eda	989bf4b7	1287	1	gba_lz77	1288	1288	0	streams/0665-LAYOUT_SEVEN_ISLAND_TANOBY_RUINS.lz	
673	LAYOUT_SEVEN_ISLAND_HOUSE_ROOM2	SevenIsland_House_Room2_Layout	frlg	12	9	216	621	1242	data/layouts/SevenIsland_House_Room2_Frlg/map.bin	data/layouts/SevenIsland_House_Room2_Frlg/map.bin	4b6ad72c97221a3fe8abdeb1d25ab8812100ac95f8dc81ad14d0332fdb1df7f7	8d540353	216	0	104	6640ecedf609269b94d4844741f3ad1920f71fd4c84beff6f535698c71e29659	a76ca4c4	104	0	gba_lz77	104	104	0	streams/0673-LAYOUT_SEVEN_ISLAND_HOUSE_ROOM2.lz	
677	LAYOUT_MT_EMBER_RUBY_PATH_B4F	MtEmber_RubyPath_B4F_Layout	frlg	18	16	576	990	1980	data/layouts/MtEmber_RubyPath_B4F_Frlg/map.bin	data/layouts/MtEmber_RubyPath_B4F_Frlg/map.bin	2fe87f543a2c590ecd8684f2502a117a7982c9d947c03be0e5c782da9f0cd158	a388e27a	576	0	156	6048715b1f80b16a4edc712573687b5936307fa8deb43cbafa3670dca970e7ca	9eab6e50	153	3	gba_lz77	156	156	0	streams/0677-LAYOUT_MT_EMBER_RUBY_PATH_B4F.lz	
678	LAYOUT_THREE_ISLAND_BERRY_FOREST	ThreeIsland_BerryForest_Layout	frlg	57	47	5358	4392	8784	data/layouts/ThreeIsland_BerryForest_Frlg/map.bin	data/layouts/ThreeIsland_BerryForest_Frlg/map.bin	4b4aacbd692b2a54a9e88c5594e144a22cb0eb63cb4186490ea235551b6e9a09	1e25fe28	5358	0	1260	be7f57a786f609b8ee49c987e95941805762d3df57a32c32a6b15c3012ceb6e6	372cc0c3	1260	0	gba_lz77	1260	1260	0	streams/0678-LAYOUT_THREE_ISLAND_BERRY_FOREST.lz	
679	LAYOUT_ONE_ISLAND_POKEMON_CENTER_1F	OneIsland_PokemonCenter_1F_Layout	frlg	19	11	418	850	1700	data/layouts/OneIsland_PokemonCenter_1F_Frlg/map.bin	data/layouts/OneIsland_PokemonCenter_1F_Frlg/map.bin	8d45566724f39d6108b085a36d30b2229818968874ed86d776898fcf2130f984	0cc0f9ad	418	0	308	73aae01b23cbbde53f4fc84fb5536e33cf0d1eb4bbd1a3ea4510c37adf5ac41f	64527901	307	1	gba_lz77	308	308	0	streams/0679-LAYOUT_ONE_ISLAND_POKEMON_CENTER_1F.lz	
680	LAYOUT_TWO_ISLAND_JOYFUL_GAME_CORNER	TwoIsland_JoyfulGameCorner_Layout	frlg	12	10	240	648	1296	data/layouts/TwoIsland_JoyfulGameCorner_Frlg/map.bin	data/layouts/TwoIsland_JoyfulGameCorner_Frlg/map.bin	ee4a466ec21e80812827f6da8222b85b0dfc8a5b768b4eaf5b2547dd63438ee2	a1c111d9	240	0	184	fcdefdc5795a2dfefc02db870f95a3b15bc3371752495a26c0d06a5922d95f30	a1866bea	184	0	gba_lz77	184	184	0	streams/0680-LAYOUT_TWO_ISLAND_JOYFUL_GAME_CORNER.lz	
685	LAYOUT_FOUR_ISLAND_POKEMON_DAY_CARE	FourIsland_PokemonDayCare_Layout	frlg	12	9	216	621	1242	data/layouts/FourIsland_PokemonDayCare_Frlg/map.bin	data/layouts/FourIsland_PokemonDayCare_Frlg/map.bin	186044e9a1fe53b95c6199b7892f6b267ce3ac4c8ef72ae635c5bf83173da97b	d28e2a82	216	0	164	b86741645c8928cf4616f66d375d3a2db96499f84b31188935bea1329fba449c	b042f30f	163	1	gba_lz77	164	164	0	streams/0685-LAYOUT_FOUR_ISLAND_POKEMON_DAY_CARE.lz	
688	LAYOUT_MT_EMBER_EXTERIOR	MtEmber_Exterior_Layout	frlg	57	54	6156	4896	9792	data/layouts/MtEmber_Exterior_Frlg/map.bin	data/layouts/MtEmber_Exterior_Frlg/map.bin	4c5fe95ed02bc1ee28cb168831f08af4d294ba45b87df2939f755533218e30e7	ef8f663d	6156	0	1540	4538a48a92adf46cd4fdfd7c298afb88972b07f3ee45a94da5aa80159bf7a56d	9aca584d	1540	0	gba_lz77	1540	1540	0	streams/0688-LAYOUT_MT_EMBER_EXTERIOR.lz	
689	LAYOUT_MT_EMBER_SUMMIT	MtEmber_Summit_Layout	frlg	19	22	836	1224	2448	data/layouts/MtEmber_Summit_Frlg/map.bin	data/layouts/MtEmber_Summit_Frlg/map.bin	0efd4f245616c42d6afef63f885491271d8abf41879eb998ffa1c08263e8027c	5c4e729c	836	0	268	77288eb218d6b14576211356af83feea11da88e4e2b0a8c1cb31f8fba6813101	3ce1526a	265	3	gba_lz77	268	268	0	streams/0689-LAYOUT_MT_EMBER_SUMMIT.lz	
690	LAYOUT_MT_EMBER_SUMMIT_PATH_1F	MtEmber_SummitPath_1F_Layout	frlg	15	18	540	960	1920	data/layouts/MtEmber_SummitPath_1F_Frlg/map.bin	data/layouts/MtEmber_SummitPath_1F_Frlg/map.bin	c779cceabd90de8ad285169136d5ef1af8ca3a98d14c830b55057e93e6d67cdb	018c70a5	540	0	192	f1e2af66eabdc6bbfee1fba56011208c50e5971b0c57d6824c56517a4704dc5c	28dd2551	192	0	gba_lz77	192	192	0	streams/0690-LAYOUT_MT_EMBER_SUMMIT_PATH_1F.lz	
691	LAYOUT_MT_EMBER_SUMMIT_PATH_2F	MtEmber_SummitPath_2F_Layout	frlg	48	46	4416	3780	7560	data/layouts/MtEmber_SummitPath_2F_Frlg/map.bin	data/layouts/MtEmber_SummitPath_2F_Frlg/map.bin	9b150186de2929e28f7adbcf5360ac98dac22e161c910fc3f980aced7061424a	4c88afa6	4416	0	1076	4d6ae99cca603096cd334c38de32575ca51f2e382e1f455ddca8f48d3cdc01f6	3e126f9f	1076	0	gba_lz77	1076	1076	0	streams/0691-LAYOUT_MT_EMBER_SUMMIT_PATH_2F.lz	
692	LAYOUT_MT_EMBER_SUMMIT_PATH_3F	MtEmber_SummitPath_3F_Layout	frlg	15	11	330	750	1500	data/layouts/MtEmber_SummitPath_3F_Frlg/map.bin	data/layouts/MtEmber_SummitPath_3F_Frlg/map.bin	d79c72dcb5c9127b9b49e5fd5c962096e2d00085e229d7ee090791314e48ff34	1303cd2a	330	0	152	2e215a53dcb4ee6a4fc5563ee02eedb9b07b1b1ea99309da2ef97ee95b7def15	40540691	149	3	gba_lz77	152	152	0	streams/0692-LAYOUT_MT_EMBER_SUMMIT_PATH_3F.lz	
693	LAYOUT_MT_EMBER_RUBY_PATH_1F	MtEmber_RubyPath_1F_Layout	frlg	27	19	1026	1386	2772	data/layouts/MtEmber_RubyPath_1F_Frlg/map.bin	data/layouts/MtEmber_RubyPath_1F_Frlg/map.bin	c4881290befcbd3ba0e8d4d14ab5c0720dfe2d7b8ed508897df9fce8d885c8bf	85f90e64	1026	0	248	7e49a257df87be9a80f4966ccbcd18f8a3e97ff7088d279d3d8cb2d471b93092	611c5aca	247	1	gba_lz77	248	248	0	streams/0693-LAYOUT_MT_EMBER_RUBY_PATH_1F.lz	
694	LAYOUT_MT_EMBER_RUBY_PATH_B1F	MtEmber_RubyPath_B1F_Layout	frlg	11	23	506	962	1924	data/layouts/MtEmber_RubyPath_B1F_Frlg/map.bin	data/layouts/MtEmber_RubyPath_B1F_Frlg/map.bin	1b296b0c69f042dcbdc3bbf6ff236c060cefa86fd1e4bef5902c86d478a348d4	979cd0df	506	0	164	ed99009ae94c43bc23a67dd82027e1beb4a4361eddf8af4b3f574d96398eb180	64d6bfc3	164	0	gba_lz77	164	164	0	streams/0694-LAYOUT_MT_EMBER_RUBY_PATH_B1F.lz	
695	LAYOUT_MT_EMBER_RUBY_PATH_B2F	MtEmber_RubyPath_B2F_Layout	frlg	16	11	352	775	1550	data/layouts/MtEmber_RubyPath_B2F_Frlg/map.bin	data/layouts/MtEmber_RubyPath_B2F_Frlg/map.bin	68558d523d0a10abcbadbb45de39d4524f8e19873e93dada194756ca1756d571	40e00dcf	352	0	148	daccfc28135ffe1eabe3f28324860d9fd7c44b12ab2b7404a2c529022bbefe38	e17f1ad4	146	2	gba_lz77	148	148	0	streams/0695-LAYOUT_MT_EMBER_RUBY_PATH_B2F.lz	
696	LAYOUT_MT_EMBER_RUBY_PATH_B3F	MtEmber_RubyPath_B3F_Layout	frlg	31	23	1426	1702	3404	data/layouts/MtEmber_RubyPath_B3F_Frlg/map.bin	data/layouts/MtEmber_RubyPath_B3F_Frlg/map.bin	d3c091a1f772a4f94e0616ac6942b4c72b32d7cabe5e6cc3f3e258b4ad9f5316	98ff4872	1426	0	444	37e4fdcdb5ea7ab19bddfff6b9b382a1fe552c75c24364222c2044cc8fd66423	6dc6e228	441	3	gba_lz77	444	444	0	streams/0696-LAYOUT_MT_EMBER_RUBY_PATH_B3F.lz	
697	LAYOUT_MT_EMBER_RUBY_PATH_B1F_STAIRS	MtEmber_RubyPath_B1F_Stairs_Layout	frlg	6	7	84	441	882	data/layouts/MtEmber_RubyPath_B1F_Stairs_Frlg/map.bin	data/layouts/MtEmber_RubyPath_B1F_Stairs_Frlg/map.bin	bbd065e41bb821c3c4f4e2b4ebc19786889357f26680438104039cda57b2068b	0b06b332	84	0	76	955aaab07e6f87bfbbacb062b44c45958c93c075cc6610b54baef716677c21a7	cb29f41e	76	0	gba_lz77	76	76	0	streams/0697-LAYOUT_MT_EMBER_RUBY_PATH_B1F_STAIRS.lz	
698	LAYOUT_MT_EMBER_RUBY_PATH_B2F_STAIRS	MtEmber_RubyPath_B2F_Stairs_Layout	frlg	8	6	96	460	920	data/layouts/MtEmber_RubyPath_B2F_Stairs_Frlg/map.bin	data/layouts/MtEmber_RubyPath_B2F_Stairs_Frlg/map.bin	64c2069d8700d275a19709e5f81c5a630303eaaabce2a8405dddb926cefbf567	96273df4	96	0	80	2260c6350c7e8f9e3a9cabaa457e3a911768903b6ea66f2d1612fbeb4b0a94ed	78ca6470	79	1	gba_lz77	80	80	0	streams/0698-LAYOUT_MT_EMBER_RUBY_PATH_B2F_STAIRS.lz	
699	LAYOUT_MT_EMBER_RUBY_PATH_B5F	MtEmber_RubyPath_B5F_Layout	frlg	16	15	480	899	1798	data/layouts/MtEmber_RubyPath_B5F_Frlg/map.bin	data/layouts/MtEmber_RubyPath_B5F_Frlg/map.bin	db2a91245ebcb4503de8a2c1a129134ca2babc25a41b735655dbf27170cb7e4c	6ed552bc	480	0	196	89ac5bf06eb8b39c8f387b575996c6e0a9c252cb516ab11aad850f25836d2545	67007579	196	0	gba_lz77	196	196	0	streams/0699-LAYOUT_MT_EMBER_RUBY_PATH_B5F.lz	
700	LAYOUT_FIVE_ISLAND_ROCKET_WAREHOUSE	FiveIsland_RocketWarehouse_Layout	frlg	29	27	1566	1804	3608	data/layouts/FiveIsland_RocketWarehouse_Frlg/map.bin	data/layouts/FiveIsland_RocketWarehouse_Frlg/map.bin	3709bd1556fa0a1fbefb0b3660da55dbe94efb927aa2cc9ec035f6f750b918fa	0e95afa1	1566	0	768	3da0bfe7e00a9e3743122045a73b41c5994b4447947fd8fe5b8a8c97b78f4c41	9fecb81f	765	3	gba_lz77	768	768	0	streams/0700-LAYOUT_FIVE_ISLAND_ROCKET_WAREHOUSE.lz	
701	LAYOUT_FOUR_ISLAND_ICEFALL_CAVE_ENTRANCE	FourIsland_IcefallCave_Entrance_Layout	frlg	30	36	2160	2250	4500	data/layouts/FourIsland_IcefallCave_Entrance_Frlg/map.bin	data/layouts/FourIsland_IcefallCave_Entrance_Frlg/map.bin	1432f79f9293bb437a35144567f16cbc3c3dc063fcdaebbb720f1c4e83d73b75	4801b8ed	2160	0	600	36849589e9be5af48536ee9da34d25385d4238befcfbd1f0ee9e3e955201f90d	491062cd	599	1	gba_lz77	600	600	0	streams/0701-LAYOUT_FOUR_ISLAND_ICEFALL_CAVE_ENTRANCE.lz	
702	LAYOUT_FOUR_ISLAND_ICEFALL_CAVE_1F	FourIsland_IcefallCave_1F_Layout	frlg	20	20	800	1190	2380	data/layouts/FourIsland_IcefallCave_1F_Frlg/map.bin	data/layouts/FourIsland_IcefallCave_1F_Frlg/map.bin	821ac75b6ad7a6991ac540d8462f61b81896b31426fc71e8893072e44e2a7f77	c3934c24	800	0	456	7ca5b96544c3d346959de1cad0f3dfc7b35e8e8439b5a439bf33598007373608	db95dc4f	454	2	gba_lz77	456	456	0	streams/0702-LAYOUT_FOUR_ISLAND_ICEFALL_CAVE_1F.lz	
703	LAYOUT_FOUR_ISLAND_ICEFALL_CAVE_B1F	FourIsland_IcefallCave_B1F_Layout	frlg	24	20	960	1326	2652	data/layouts/FourIsland_IcefallCave_B1F_Frlg/map.bin	data/layouts/FourIsland_IcefallCave_B1F_Frlg/map.bin	cd43b29f7b200391f346a926be6625541def6ca362412e90bc229a1001b950b6	6aa62f37	960	0	340	6f6f4d1c4d6d24741301895c5913f8b5a98a853c0d172d4b2c3d7131f820eda1	ab365a42	339	1	gba_lz77	340	340	0	streams/0703-LAYOUT_FOUR_ISLAND_ICEFALL_CAVE_B1F.lz	
704	LAYOUT_FOUR_ISLAND_ICEFALL_CAVE_BACK	FourIsland_IcefallCave_Back_Layout	frlg	25	26	1300	1600	3200	data/layouts/FourIsland_IcefallCave_Back_Frlg/map.bin	data/layouts/FourIsland_IcefallCave_Back_Frlg/map.bin	be4c429f3a8f974ec9d9a1b6e2fc10bab08e4c6a9102bf1c10c172a2ac8b8691	72aeb712	1300	0	344	3632145bfc3a930686ae29b931d92b923c7057b7f01c49cc2251f89e81345082	cb4b6770	342	2	gba_lz77	344	344	0	streams/0704-LAYOUT_FOUR_ISLAND_ICEFALL_CAVE_BACK.lz	
705	LAYOUT_TRAINER_TOWER_LOBBY	TrainerTower_Lobby_Layout	frlg	19	17	646	1054	2108	data/layouts/TrainerTower_Lobby_Frlg/map.bin	data/layouts/TrainerTower_Lobby_Frlg/map.bin	4da9097da01d45a31b0fd8642ba994e790efb78ae530baad7176e0f05b19f55c	27c86dec	646	0	336	069f9f21c1b87142e80c59fac500c8a746d539c7c62e88e4af5620e716913496	27182747	333	3	gba_lz77	336	336	0	streams/0705-LAYOUT_TRAINER_TOWER_LOBBY.lz	
706	LAYOUT_TRAINER_TOWER_1F	TrainerTower_1F_Layout	frlg	18	17	612	1023	2046	data/layouts/TrainerTower_1F_Frlg/map.bin	data/layouts/TrainerTower_1F_Frlg/map.bin	4538083ddc319f314b19ae42c470c8dcf675e9b684d19042bb241c6672fb08d3	cd944d71	612	0	232	dc8b87b23280e2cf7c78e96acff97ae30629f36d8016a992fc1fb0aa3e21184a	5c6cee99	229	3	gba_lz77	232	232	0	streams/0706-LAYOUT_TRAINER_TOWER_1F.lz	
707	LAYOUT_TRAINER_TOWER_2F	TrainerTower_2F_Layout	frlg	18	17	612	1023	2046	data/layouts/TrainerTower_2F_Frlg/map.bin	data/layouts/TrainerTower_2F_Frlg/map.bin	23d17ca7e78b5b158c948bfa358d6a06d71565e12d3bf58b896372cdd7aac3a8	776b26b8	612	0	232	f69bd50ecb103eaa33c2b0594c3c417bbcd2a402a474e07a270993ed5cfe718b	38568843	229	3	gba_lz77	232	232	0	streams/0707-LAYOUT_TRAINER_TOWER_2F.lz	
708	LAYOUT_TRAINER_TOWER_3F	TrainerTower_3F_Layout	frlg	18	17	612	1023	2046	data/layouts/TrainerTower_3F_Frlg/map.bin	data/layouts/TrainerTower_3F_Frlg/map.bin	8e0f978b5450a7e5fdd388cb895f0a7e42def960b57e87633c130a6f40918ffd	ecb2ce50	612	0	232	69889c4c835c11ba44450fa8caa938434f50fb1a93027e5a00a58eae650bb38f	1af622d8	229	3	gba_lz77	232	232	0	streams/0708-LAYOUT_TRAINER_TOWER_3F.lz	
709	LAYOUT_TRAINER_TOWER_4F	TrainerTower_4F_Layout	frlg	18	17	612	1023	2046	data/layouts/TrainerTower_4F_Frlg/map.bin	data/layouts/TrainerTower_4F_Frlg/map.bin	9b754241e3ec59de29f91e706cba5799b23d83d6ea19aacb20fe9d6f04f54efb	a15e3a24	612	0	232	c2bc4b523b7367196366990d825583272a2df8d4d5b789d1b76782ed1ccee65b	e61ef4b5	229	3	gba_lz77	232	232	0	streams/0709-LAYOUT_TRAINER_TOWER_4F.lz	
710	LAYOUT_TRAINER_TOWER_5F	TrainerTower_5F_Layout	frlg	18	17	612	1023	2046	data/layouts/TrainerTower_5F_Frlg/map.bin	data/layouts/TrainerTower_5F_Frlg/map.bin	51f596b8a80792796892bc0b7f60b7f491818640c8182dc7ca1c18e3539d63a0	4526d7c0	612	0	232	f0b2a733d11accd4c862c1336ce07717b20edcdf5cd6e84fff256845f22426b6	601f30d9	229	3	gba_lz77	232	232	0	streams/0710-LAYOUT_TRAINER_TOWER_5F.lz	
711	LAYOUT_TRAINER_TOWER_6F	TrainerTower_6F_Layout	frlg	18	17	612	1023	2046	data/layouts/TrainerTower_6F_Frlg/map.bin	data/layouts/TrainerTower_6F_Frlg/map.bin	2deaa81f0a604ce087676ffda507ad815ab793a7ca2a0ab61148d5db07773eaa	2d0912b9	612	0	232	4fcfc78c9dc2aacfc757aedee51703fbe9644af89380289a7db7ce0889399355	76ff2f2f	229	3	gba_lz77	232	232	0	streams/0711-LAYOUT_TRAINER_TOWER_6F.lz	
712	LAYOUT_TRAINER_TOWER_7F	TrainerTower_7F_Layout	frlg	18	17	612	1023	2046	data/layouts/TrainerTower_7F_Frlg/map.bin	data/layouts/TrainerTower_7F_Frlg/map.bin	970c45e58e30d90c54272c543c7ef5b90afc0736bf78c10861e6b5d2e09e90e0	eb0a75d7	612	0	232	6d7c0cd67ec1ae3bc4accc5bf3aca408b84d00afd028f18a1df9f47c3438142c	00665d59	229	3	gba_lz77	232	232	0	streams/0712-LAYOUT_TRAINER_TOWER_7F.lz	
713	LAYOUT_TRAINER_TOWER_8F	TrainerTower_8F_Layout	frlg	18	17	612	1023	2046	data/layouts/TrainerTower_8F_Frlg/map.bin	data/layouts/TrainerTower_8F_Frlg/map.bin	d08c5713323f54c2eb87ed0f6ea92e0f32ae0c1bae5bca76baa7eccd8ad2b2ad	795701cf	612	0	232	44046bba2f4205606354cc0711ef035b7252ee2de9d3f92f5a0eb805b175e1e8	b40849ca	229	3	gba_lz77	232	232	0	streams/0713-LAYOUT_TRAINER_TOWER_8F.lz	
714	LAYOUT_TRAINER_TOWER_ROOF	TrainerTower_Roof_Layout	frlg	18	16	576	990	1980	data/layouts/TrainerTower_Roof_Frlg/map.bin	data/layouts/TrainerTower_Roof_Frlg/map.bin	7ff2ec053169fd662b48501b2021adf89dd40e97bc78f0cded1141660f6ae96e	a14c9457	576	0	276	ef1b67a20f8ea2cac3902e7f91f456198538d5ae1043f11bd73c1985eee7af68	64caebb7	273	3	gba_lz77	276	276	0	streams/0714-LAYOUT_TRAINER_TOWER_ROOF.lz	
715	LAYOUT_TRAINER_TOWER_ELEVATOR	TrainerTower_Elevator_Layout	frlg	5	7	70	420	840	data/layouts/TrainerTower_Elevator_Frlg/map.bin	data/layouts/TrainerTower_Elevator_Frlg/map.bin	84557c1c0d7fec4344fd62a18b9c32fcdaab83cc8f63416012089328dc5344cd	acc3a1eb	70	0	64	8aaf63a2deae4f7758173f933c88de743b5b18675fe1bb9826bcbf27c118eb06	faecd9df	61	3	gba_lz77	64	64	0	streams/0715-LAYOUT_TRAINER_TOWER_ELEVATOR.lz	
717	LAYOUT_SIX_ISLAND_DOTTED_HOLE_1F	SixIsland_DottedHole_1F_Layout	frlg	16	11	352	775	1550	data/layouts/SixIsland_DottedHole_1F_Frlg/map.bin	data/layouts/SixIsland_DottedHole_1F_Frlg/map.bin	d6eec8245311f202898aa9e0ec858bfe9ba6007635b93fd30685b67dc0c8048f	2ecdb765	352	0	156	8d5ac9dd3762a1f4e5d858309edbd5a97d4f6a7ac8bb6af32b2d1f1034cadc5c	3fcbb667	156	0	gba_lz77	156	156	0	streams/0717-LAYOUT_SIX_ISLAND_DOTTED_HOLE_1F.lz	
718	LAYOUT_SIX_ISLAND_DOTTED_HOLE_B1F	SixIsland_DottedHole_B1F_Layout	frlg	13	11	286	700	1400	data/layouts/SixIsland_DottedHole_B1F_Frlg/map.bin	data/layouts/SixIsland_DottedHole_B1F_Frlg/map.bin	0398423f045299d48dd9caffd8b4435cfddcc2b5bdc2d43224c4b4947cc0a100	7c90ebc0	286	0	108	564bcf1376eed32f6220c1261dff692c396275abf29b53e7cb2f56ecf667221c	51311a71	106	2	gba_lz77	108	108	0	streams/0718-LAYOUT_SIX_ISLAND_DOTTED_HOLE_B1F.lz	
719	LAYOUT_SIX_ISLAND_DOTTED_HOLE_B2F	SixIsland_DottedHole_B2F_Layout	frlg	13	11	286	700	1400	data/layouts/SixIsland_DottedHole_B2F_Frlg/map.bin	data/layouts/SixIsland_DottedHole_B2F_Frlg/map.bin	2d95b5f8961a4e4477b926353c5f47b99bffc93c70b49a9ad59bd6600e78a857	95288f45	286	0	96	13bed1b90c1420ca30777be92a51e1332c5aaf35a426d271cc86fd1bffc641a2	36ab8bd5	93	3	gba_lz77	96	96	0	streams/0719-LAYOUT_SIX_ISLAND_DOTTED_HOLE_B2F.lz	
720	LAYOUT_SIX_ISLAND_DOTTED_HOLE_B3F	SixIsland_DottedHole_B3F_Layout	frlg	13	11	286	700	1400	data/layouts/SixIsland_DottedHole_B3F_Frlg/map.bin	data/layouts/SixIsland_DottedHole_B3F_Frlg/map.bin	2215e558007b1ed9f7f6da3f8d6799849e5d49eaed6d04c2fa46a88c12d27e71	e828e5e2	286	0	112	129f42472672127851a1558a11998e35c18c9b2f5a5f222e2ae437abf7e40bcf	13f22668	110	2	gba_lz77	112	112	0	streams/0720-LAYOUT_SIX_ISLAND_DOTTED_HOLE_B3F.lz	
721	LAYOUT_SIX_ISLAND_DOTTED_HOLE_B4F	SixIsland_DottedHole_B4F_Layout	frlg	13	11	286	700	1400	data/layouts/SixIsland_DottedHole_B4F_Frlg/map.bin	data/layouts/SixIsland_DottedHole_B4F_Frlg/map.bin	6e7d11e18cfd3dc32bc0e608f5f8a56af9208075ba3d9bfd7d28fa1331e11865	877e67b2	286	0	104	f46e496846b9933229e068c451c0638d8ff6f3f891367ce3c68c15b64cfa1c94	26b0299b	102	2	gba_lz77	104	104	0	streams/0721-LAYOUT_SIX_ISLAND_DOTTED_HOLE_B4F.lz	
722	LAYOUT_SIX_ISLAND_DOTTED_HOLE_SAPPHIRE_ROOM	SixIsland_DottedHole_SapphireRoom_Layout	frlg	16	15	480	899	1798	data/layouts/SixIsland_DottedHole_SapphireRoom_Frlg/map.bin	data/layouts/SixIsland_DottedHole_SapphireRoom_Frlg/map.bin	30ba98cf398b9b2a588cc0eb7eb43c622eb7afce4afc92910f42bcba5e7b2af3	3274c6ed	480	0	208	d3e2cfca17140b432f2c68114ed63453f1f0ef04559ab35d04568bd4bf85afc1	ef051b58	205	3	gba_lz77	208	208	0	streams/0722-LAYOUT_SIX_ISLAND_DOTTED_HOLE_SAPPHIRE_ROOM.lz	
723	LAYOUT_ISLAND_HARBOR_FRLG	Island_Harbor_FRLG_Layout	frlg	17	13	442	864	1728	data/layouts/Island_Harbor_Frlg/map.bin	data/layouts/Island_Harbor_Frlg/map.bin	5eea78c3f4e1718aa04e1fb4bc6c3b6f41162e678ee1d9d4c4715b10d1c1f8ba	d7b52f36	442	0	176	63eb2d91af999152352fc278a4bc5d6b6da6f10cd5a9b799fc706a35048dba66	be6f217f	173	3	gba_lz77	176	176	0	streams/0723-LAYOUT_ISLAND_HARBOR_FRLG.lz	
724	LAYOUT_ONE_ISLAND_POKEMON_CENTER_2F	OneIsland_PokemonCenter_2F_Layout	frlg	15	10	300	720	1440	data/layouts/OneIsland_PokemonCenter_2F_Frlg/map.bin	data/layouts/OneIsland_PokemonCenter_2F_Frlg/map.bin	e7d363794382cbdb50e54b75b2da65ad1cddd5af4c69fc24f74a18bec227cfde	bf2f0b4c	300	0	232	99c1e77a4c95cc2083b4fc6dc44524f98115db2861ee07ed0e25592433c82ba2	e64cab30	230	2	gba_lz77	232	232	0	streams/0724-LAYOUT_ONE_ISLAND_POKEMON_CENTER_2F.lz	
725	LAYOUT_SIX_ISLAND_PATTERN_BUSH	SixIsland_PatternBush_Layout	frlg	60	32	3840	3450	6900	data/layouts/SixIsland_PatternBush_Frlg/map.bin	data/layouts/SixIsland_PatternBush_Frlg/map.bin	5a3356ad4bdba1fbd86267629ad6bd012e26c28964ef539e074e9878bdfb7797	6b50d519	3840	0	604	96db52c775ab4b24ea7a3aef570c8f262ed76ff1c523e61a6e7b7cb594ab2e6e	b0d8f0b2	603	1	gba_lz77	604	604	0	streams/0725-LAYOUT_SIX_ISLAND_PATTERN_BUSH.lz	
726	LAYOUT_THREE_ISLAND_DUNSPARCE_TUNNEL	ThreeIsland_DunsparceTunnel_Layout	frlg	30	7	420	945	1890	data/layouts/ThreeIsland_DunsparceTunnel_Frlg/map.bin	data/layouts/ThreeIsland_DunsparceTunnel_Frlg/map.bin	3cb95cee7aa66b33fe98ab6b709649d90c8c1b76dae496c3a741b33bb530704b	03a5ef18	420	0	120	0b9372495b52bbcbab2d25199a989df4587eca5f8e7d834f71b1cb2418212245	f3f4e7dc	117	3	gba_lz77	120	120	0	streams/0726-LAYOUT_THREE_ISLAND_DUNSPARCE_TUNNEL.lz	
728	LAYOUT_FIVE_ISLAND_LOST_CAVE_ENTRANCE	FiveIsland_LostCave_Entrance_Layout	frlg	11	11	242	650	1300	data/layouts/FiveIsland_LostCave_Entrance_Frlg/map.bin	data/layouts/FiveIsland_LostCave_Entrance_Frlg/map.bin	b3b46cf3f8bda66b2a1e6dc6c471e6e465b6f2d3289c4ccae88459a9473ea861	063a0bea	242	0	80	5b3440c3856f9cf44884bbf7ec4861f6e38136a4f9763fd2b8578cdfc5682856	17559339	79	1	gba_lz77	80	80	0	streams/0728-LAYOUT_FIVE_ISLAND_LOST_CAVE_ENTRANCE.lz	
729	LAYOUT_FIVE_ISLAND_LOST_CAVE_ROOM1	FiveIsland_LostCave_Room1_Layout	frlg	11	11	242	650	1300	data/layouts/FiveIsland_LostCave_Room1_Frlg/map.bin	data/layouts/FiveIsland_LostCave_Room1_Frlg/map.bin	458ad3530c89644ef86b2ea5c7b073a3f39bbe96c7d22334ed4215926c0fa36e	f9dbdf67	242	0	108	0d106f99f7c717568a8bfd68daa5695810bce25f68d1f3e054275c2357e53cfd	020e427e	108	0	gba_lz77	108	108	0	streams/0729-LAYOUT_FIVE_ISLAND_LOST_CAVE_ROOM1.lz	
730	LAYOUT_FIVE_ISLAND_LOST_CAVE_ROOM2	FiveIsland_LostCave_Room2_Layout	frlg	11	11	242	650	1300	data/layouts/FiveIsland_LostCave_Room2_Frlg/map.bin	data/layouts/FiveIsland_LostCave_Room2_Frlg/map.bin	d568813c55b4ae79524cafb45fa4751ae33ea231e698e293fabb6d1e30d6a87b	c804927a	242	0	120	1f2fd2b65b4299eab36ab0c41f8c542003754fae69a188820bff019aa2259f78	d8516a13	120	0	gba_lz77	120	120	0	streams/0730-LAYOUT_FIVE_ISLAND_LOST_CAVE_ROOM2.lz	
731	LAYOUT_FIVE_ISLAND_LOST_CAVE_ROOM3	FiveIsland_LostCave_Room3_Layout	frlg	11	11	242	650	1300	data/layouts/FiveIsland_LostCave_Room3_Frlg/map.bin	data/layouts/FiveIsland_LostCave_Room3_Frlg/map.bin	169c21b677ada43aa60fb2f093e2c31894b879548527fea26cb65167c3490a4c	605a07b3	242	0	116	8131d05f3f56c94587db17e56a1dd8c75a83d472cab12e097f5721b338f3bbee	a9dd5fcc	115	1	gba_lz77	116	116	0	streams/0731-LAYOUT_FIVE_ISLAND_LOST_CAVE_ROOM3.lz	
732	LAYOUT_FIVE_ISLAND_LOST_CAVE_ROOM4	FiveIsland_LostCave_Room4_Layout	frlg	11	11	242	650	1300	data/layouts/FiveIsland_LostCave_Room4_Frlg/map.bin	data/layouts/FiveIsland_LostCave_Room4_Frlg/map.bin	67f2d16fb036fa1a8c526c88f1142aea44d840e5375f792e8cb1b4e44e8eb159	60d96b7a	242	0	108	db284a5c53ab9eeb972e81bbaf273daacdd4beea072862b658d705d7564dd9b4	6b48eefa	108	0	gba_lz77	108	108	0	streams/0732-LAYOUT_FIVE_ISLAND_LOST_CAVE_ROOM4.lz	
733	LAYOUT_FIVE_ISLAND_LOST_CAVE_ROOM5	FiveIsland_LostCave_Room5_Layout	frlg	11	11	242	650	1300	data/layouts/FiveIsland_LostCave_Room5_Frlg/map.bin	data/layouts/FiveIsland_LostCave_Room5_Frlg/map.bin	d6be2a8b4c4586813b4024a03cf15d0f0d6885641440a523330ba90e21712394	b6221469	242	0	108	32553d0aaf7d3ff5114a3bbaad69ee2990bc9fd7051a42d7bd49b3be4731da8b	f2224af8	107	1	gba_lz77	108	108	0	streams/0733-LAYOUT_FIVE_ISLAND_LOST_CAVE_ROOM5.lz	
734	LAYOUT_FIVE_ISLAND_LOST_CAVE_ROOM6	FiveIsland_LostCave_Room6_Layout	frlg	11	11	242	650	1300	data/layouts/FiveIsland_LostCave_Room6_Frlg/map.bin	data/layouts/FiveIsland_LostCave_Room6_Frlg/map.bin	87e55bf1e491d411bdc24f45a11b5c771f3b53dd1c86694239b8f248839588a1	db1f17fb	242	0	120	726171a2065e8f4b8822a61aeba31e1e6ea91134d14c8e5a32428f46e140dd02	a1e9ddbb	117	3	gba_lz77	120	120	0	streams/0734-LAYOUT_FIVE_ISLAND_LOST_CAVE_ROOM6.lz	
735	LAYOUT_FIVE_ISLAND_LOST_CAVE_ROOM7	FiveIsland_LostCave_Room7_Layout	frlg	11	11	242	650	1300	data/layouts/FiveIsland_LostCave_Room7_Frlg/map.bin	data/layouts/FiveIsland_LostCave_Room7_Frlg/map.bin	b3f910139a1fadc7b707e0613b15671ab471b3aef8ba8036656df11f0669c631	704c6eab	242	0	116	b94aa85f157bd0d76dbc11774d6488b965cdc405df1b30f31b69c0270c33c3a7	dbff48cf	113	3	gba_lz77	116	116	0	streams/0735-LAYOUT_FIVE_ISLAND_LOST_CAVE_ROOM7.lz	
736	LAYOUT_FIVE_ISLAND_LOST_CAVE_ROOM8	FiveIsland_LostCave_Room8_Layout	frlg	11	11	242	650	1300	data/layouts/FiveIsland_LostCave_Room8_Frlg/map.bin	data/layouts/FiveIsland_LostCave_Room8_Frlg/map.bin	9562675afe8eca45ef1d4adc74a1eaafcb81d2aa033f3f3645a9a5650181f01e	c69997bb	242	0	108	910cd64c49aee4abac9760eefd40fb04f86b1be8f82e8c1040d5738867206a31	39697885	105	3	gba_lz77	108	108	0	streams/0736-LAYOUT_FIVE_ISLAND_LOST_CAVE_ROOM8.lz	
737	LAYOUT_FIVE_ISLAND_LOST_CAVE_ROOM9	FiveIsland_LostCave_Room9_Layout	frlg	11	11	242	650	1300	data/layouts/FiveIsland_LostCave_Room9_Frlg/map.bin	data/layouts/FiveIsland_LostCave_Room9_Frlg/map.bin	34eea680e0ca1171d2098ca1d60308e80aa7a87e9f4f27318aebbf3d3d43c539	d548f0a6	242	0	124	0addee095d577927cb2f1ed13a2526e9194d572e1c0f13d7fda0d0d93719c595	7ceb3f25	121	3	gba_lz77	124	124	0	streams/0737-LAYOUT_FIVE_ISLAND_LOST_CAVE_ROOM9.lz	
738	LAYOUT_FIVE_ISLAND_LOST_CAVE_ROOM10	FiveIsland_LostCave_Room10_Layout	frlg	11	11	242	650	1300	data/layouts/FiveIsland_LostCave_Room10_Frlg/map.bin	data/layouts/FiveIsland_LostCave_Room10_Frlg/map.bin	94f90a8b91d90ebd5284598f7b2aefa0dd5ea2d90b9b486e2d27c53fbd6f6bce	62f3271a	242	0	88	84f825ea688072087eedb7ad14a88d5d195b28681d9d92cecf5675a9fe35ec3f	a5c8cd03	85	3	gba_lz77	88	88	0	streams/0738-LAYOUT_FIVE_ISLAND_LOST_CAVE_ROOM10.lz	
739	LAYOUT_FIVE_ISLAND_LOST_CAVE_ROOM11	FiveIsland_LostCave_Room11_Layout	frlg	11	11	242	650	1300	data/layouts/FiveIsland_LostCave_Room11_Frlg/map.bin	data/layouts/FiveIsland_LostCave_Room11_Frlg/map.bin	5ee06bae63d6fe41321e977a7e38d8e740474828bf77a37665dcdff91286b569	65596f4b	242	0	100	393b21a790fd72ea3db24dfa831a8da0c06be28bd03045ed96f5c717b8b3e8c7	c74ab227	97	3	gba_lz77	100	100	0	streams/0739-LAYOUT_FIVE_ISLAND_LOST_CAVE_ROOM11.lz	
740	LAYOUT_FIVE_ISLAND_LOST_CAVE_ROOM12	FiveIsland_LostCave_Room12_Layout	frlg	11	11	242	650	1300	data/layouts/FiveIsland_LostCave_Room12_Frlg/map.bin	data/layouts/FiveIsland_LostCave_Room12_Frlg/map.bin	1bd6c2de75d961eb6f453faabbf2d621e422e8d43130322e4da95e86deca648c	df241373	242	0	96	8fc895e23a032c218023de47951a74670c5e02072da29a6dab17ab1cecd860f9	8be8c45f	93	3	gba_lz77	96	96	0	streams/0740-LAYOUT_FIVE_ISLAND_LOST_CAVE_ROOM12.lz	
741	LAYOUT_FIVE_ISLAND_LOST_CAVE_ROOM13	FiveIsland_LostCave_Room13_Layout	frlg	11	11	242	650	1300	data/layouts/FiveIsland_LostCave_Room13_Frlg/map.bin	data/layouts/FiveIsland_LostCave_Room13_Frlg/map.bin	334a3336a045116c20353579e6ac8428e1b5b82da12a0532f55d1f71da1e4591	0d1b6cf4	242	0	104	c210dd6d250dd77963dad8af3114db8d8f89d273458ca467bd9a7e5fc8d4d661	e6c2f519	103	1	gba_lz77	104	104	0	streams/0741-LAYOUT_FIVE_ISLAND_LOST_CAVE_ROOM13.lz	
742	LAYOUT_FIVE_ISLAND_LOST_CAVE_ROOM14	FiveIsland_LostCave_Room14_Layout	frlg	11	11	242	650	1300	data/layouts/FiveIsland_LostCave_Room14_Frlg/map.bin	data/layouts/FiveIsland_LostCave_Room14_Frlg/map.bin	96f788c6791e43a968d6fa6fa9d6ca20e83301a330e3019f4c524d3279f07a66	8fa116b4	242	0	96	f98a889e1b841ac7036c4db24edb610d677e14bef04cf8a6dd632558eab1d3c7	2cc45cd2	94	2	gba_lz77	96	96	0	streams/0742-LAYOUT_FIVE_ISLAND_LOST_CAVE_ROOM14.lz	
743	LAYOUT_SEVEN_ISLAND_TANOBY_RUINS_MONEAN_CHAMBER	SevenIsland_TanobyRuins_MoneanChamber_Layout	frlg	23	17	782	1178	2356	data/layouts/SevenIsland_TanobyRuins_MoneanChamber_Frlg/map.bin	data/layouts/SevenIsland_TanobyRuins_MoneanChamber_Frlg/map.bin	1aaf61e62e99ca899a3a657dc67a6b64708a93e62c0e1567ee03ba864e5ba31b	61fb3199	782	0	276	6b738e850fb8d1e9399a18ff89560b7ba9507301d9d75efa57b54c03f4b555d0	82925508	276	0	gba_lz77	276	276	0	streams/0743-LAYOUT_SEVEN_ISLAND_TANOBY_RUINS_MONEAN_CHAMBER.lz	
744	LAYOUT_SEVEN_ISLAND_TANOBY_RUINS_LIPTOO_CHAMBER	SevenIsland_TanobyRuins_LiptooChamber_Layout	frlg	23	17	782	1178	2356	data/layouts/SevenIsland_TanobyRuins_LiptooChamber_Frlg/map.bin	data/layouts/SevenIsland_TanobyRuins_LiptooChamber_Frlg/map.bin	b463fc834cdc497e3e2d72aca285eb9d5c4507bd7ecf2b6174eebda776fb1113	c506dcda	782	0	272	4431d065d1ef0ac15919191a16653dcf83ae586a8ed853772fea19f5fe66f8af	2907713b	272	0	gba_lz77	272	272	0	streams/0744-LAYOUT_SEVEN_ISLAND_TANOBY_RUINS_LIPTOO_CHAMBER.lz	
745	LAYOUT_SEVEN_ISLAND_TANOBY_RUINS_WEEPTH_CHAMBER	SevenIsland_TanobyRuins_WeepthChamber_Layout	frlg	23	17	782	1178	2356	data/layouts/SevenIsland_TanobyRuins_WeepthChamber_Frlg/map.bin	data/layouts/SevenIsland_TanobyRuins_WeepthChamber_Frlg/map.bin	e388182feefc74215079192fa8dd0e66c6999154d80e0698a7bfab5699bdfd56	08c0f2c9	782	0	284	8c6c9413533e219dc90efbd1e2b43459b9257374e4d6f54e5addbe13166d9d6b	af415453	281	3	gba_lz77	284	284	0	streams/0745-LAYOUT_SEVEN_ISLAND_TANOBY_RUINS_WEEPTH_CHAMBER.lz	
746	LAYOUT_SEVEN_ISLAND_TANOBY_RUINS_DILFORD_CHAMBER	SevenIsland_TanobyRuins_DilfordChamber_Layout	frlg	23	17	782	1178	2356	data/layouts/SevenIsland_TanobyRuins_DilfordChamber_Frlg/map.bin	data/layouts/SevenIsland_TanobyRuins_DilfordChamber_Frlg/map.bin	a626b431f0f4d8810a8f947dc9743192f267687417e835e5e7bc3b7294b48b8f	197fa1ea	782	0	264	950abd69641018ef972458ee6ebc7520426a440730a0ec3e52a8030ce4c63b21	a37f680e	264	0	gba_lz77	264	264	0	streams/0746-LAYOUT_SEVEN_ISLAND_TANOBY_RUINS_DILFORD_CHAMBER.lz	
747	LAYOUT_SEVEN_ISLAND_TANOBY_RUINS_SCUFIB_CHAMBER	SevenIsland_TanobyRuins_ScufibChamber_Layout	frlg	23	17	782	1178	2356	data/layouts/SevenIsland_TanobyRuins_ScufibChamber_Frlg/map.bin	data/layouts/SevenIsland_TanobyRuins_ScufibChamber_Frlg/map.bin	6550b55b2d43c3c3c8957a141bde1025513ea49956eabd27aa59d18acf0a0b35	ced3bfe0	782	0	300	7d6dce05bf91a0c9bf9ca4503ed069f36f96ccb04e2810948379290744cefe03	b4934d7f	299	1	gba_lz77	300	300	0	streams/0747-LAYOUT_SEVEN_ISLAND_TANOBY_RUINS_SCUFIB_CHAMBER.lz	
748	LAYOUT_SIX_ISLAND_ALTERING_CAVE	SixIsland_AlteringCave_Layout	frlg	32	24	1536	1786	3572	data/layouts/SixIsland_AlteringCave_Frlg/map.bin	data/layouts/SixIsland_AlteringCave_Frlg/map.bin	907078a38b89ca3feb34971c853a5dee1fb331b631bf96ad39179e17b4564726	2aa25f8f	1536	0	380	d48a92692df596936170a425639220f6403128bc5bf4723b2a52afcf30d11a5f	c272367b	379	1	gba_lz77	380	380	0	streams/0748-LAYOUT_SIX_ISLAND_ALTERING_CAVE.lz	
749	LAYOUT_SEVEN_ISLAND_SEVAULT_CANYON_TANOBY_KEY	SevenIsland_SevaultCanyon_TanobyKey_Layout	frlg	15	16	480	900	1800	data/layouts/SevenIsland_SevaultCanyon_TanobyKey_Frlg/map.bin	data/layouts/SevenIsland_SevaultCanyon_TanobyKey_Frlg/map.bin	2cd13ca5046b3023faca6d36f505f8d46836fc35b51e7ca137d659864291951e	0cc095cd	480	0	196	58e3b7a968be4f938926e2c0c80cb697f42be647c18abb9e105eabaf76524908	d7940741	195	1	gba_lz77	196	196	0	streams/0749-LAYOUT_SEVEN_ISLAND_SEVAULT_CANYON_TANOBY_KEY.lz	
770	LAYOUT_SEVEN_ISLAND_TANOBY_RUINS_RIXY_CHAMBER	SevenIsland_TanobyRuins_RixyChamber_Layout	frlg	23	17	782	1178	2356	data/layouts/SevenIsland_TanobyRuins_RixyChamber_Frlg/map.bin	data/layouts/SevenIsland_TanobyRuins_RixyChamber_Frlg/map.bin	7f1ccdfc59ac6eb823a1b69f4280e5b5a20a441505eb5022357f54110848884e	e17ae16c	782	0	288	7b0b4c9329654d60dc22b477440dc5b79867fd6d23411605c338e343ccfea48e	bee38828	288	0	gba_lz77	288	288	0	streams/0770-LAYOUT_SEVEN_ISLAND_TANOBY_RUINS_RIXY_CHAMBER.lz	
771	LAYOUT_SEVEN_ISLAND_TANOBY_RUINS_VIAPOIS_CHAMBER	SevenIsland_TanobyRuins_ViapoisChamber_Layout	frlg	23	17	782	1178	2356	data/layouts/SevenIsland_TanobyRuins_ViapoisChamber_Frlg/map.bin	data/layouts/SevenIsland_TanobyRuins_ViapoisChamber_Frlg/map.bin	fbc28738cd64754ecfeaf064edf46a8a6d7d628282863858b5c17e1eb974febd	0626a805	782	0	284	7973f16a20036dba3948cbc8a737058673bd7972cee9a2849825377770dc8ba6	ab5cb4f5	282	2	gba_lz77	284	284	0	streams/0771-LAYOUT_SEVEN_ISLAND_TANOBY_RUINS_VIAPOIS_CHAMBER.lz	
790	LAYOUT_SEVEN_ISLAND_HOUSE_ROOM1	SevenIsland_House_Room1_Layout	frlg	11	9	198	598	1196	data/layouts/SevenIsland_House_Room1_Frlg/map.bin	data/layouts/SevenIsland_House_Room1_Frlg/map.bin	810fa4510fef99b6265fb4c05acf17fd54f005dfaf058ef1f898ec37ec284801	aae3d282	198	0	120	cdd7e0a485ac205e77200e4df1f8b944a833205734f83055cfd27d4b201d10ad	25a6dd7e	117	3	gba_lz77	120	120	0	streams/0790-LAYOUT_SEVEN_ISLAND_HOUSE_ROOM1.lz	
791	LAYOUT_ONE_ISLAND_KINDLE_ROAD_EMBER_SPA	OneIsland_KindleRoad_EmberSpa_Layout	frlg	27	39	2106	2226	4452	data/layouts/OneIsland_KindleRoad_EmberSpa_Frlg/map.bin	data/layouts/OneIsland_KindleRoad_EmberSpa_Frlg/map.bin	932e65e0004ebacc34be700630c426eaa546bf309a2b33155a2b19d4f30b752b	db4bf4be	2106	0	648	e1bd3092ab7c0046a5b8013727416bee53cac415238cee65052924e6ddc989dd	3785f258	647	1	gba_lz77	648	648	0	streams/0791-LAYOUT_ONE_ISLAND_KINDLE_ROAD_EMBER_SPA.lz	
792	LAYOUT_TEST_MAP2_HNS	TestMap2_hns_Layout	hns	80	30	4800	4180	8360	data/layouts/TestMap2_hns/map.bin	data/layouts/TestMap2_hns/map.bin	490960cd2d4a9cb08e7ade0ee591a7eb8d7c3ffd76d302db2960d46bda5a0eb6	89abdb8a	4800	0	1084	4c1c630ed8bcb18ee7c2e50ce43a9c9911ab63a072f818f11d9bf8fef4c9f551	ebe7ad6a	1081	3	gba_lz77	1084	1084	0	streams/0792-LAYOUT_TEST_MAP2_HNS.lz	
793	LAYOUT_TEST_MAP1_HNS	TestMap1_hns_Layout	hns	80	30	4800	4180	8360	data/layouts/TestMap1_hns/map.bin	data/layouts/TestMap1_hns/map.bin	35f2bac7b1a0c900aea43227729defa8aaad97cc717b14412180f7b46f3b8651	6406dd34	4800	0	776	41ffbae98a819b4a169d05abd3f4b7626bcf1cd31cb6515770172807e46ef401	d32c0df0	774	2	gba_lz77	776	776	0	streams/0793-LAYOUT_TEST_MAP1_HNS.lz	
794	LAYOUT_UNION_ROOM_HNS	UnionRoom_hns_Layout	hns	15	12	360	780	1560	data/layouts/UnionRoom_hns/map.bin	data/layouts/UnionRoom_hns/map.bin	7ed9e90212ae1d73704c1777b88fd29d9ea8323a8383e477b452960dcd20aa88	6ab2939d	360	0	124	b2e2caab9149144783fad54acebb09a400f467d47e71e6335e172e264aa6b027	d31c94a1	123	1	gba_lz77	124	124	0	streams/0794-LAYOUT_UNION_ROOM_HNS.lz	
795	LAYOUT_AZALEA_TOWN_HNS	AzaleaTown_hns_Layout	hns	62	36	4464	3850	7700	data/layouts/AzaleaTown_hns/map.bin	data/layouts/AzaleaTown_hns/map.bin	c80cfe6aa1fa0d4c2ad6177632fa73ea19c227c7ccc742da092e9d097674ba15	46f98ea2	4464	0	1404	8115a4e169c125c9e4e12b8848de2dc53280025292443c6642cebac9800f65d4	78c1b0ae	1402	2	gba_lz77	1404	1404	0	streams/0795-LAYOUT_AZALEA_TOWN_HNS.lz	
796	LAYOUT_AZALEA_TOWN_GYM_HNS	AzaleaTown_Gym_hns_Layout	hns	24	60	2880	2886	5772	data/layouts/AzaleaTown_Gym_hns/map.bin	data/layouts/AzaleaTown_Gym_hns/map.bin	9c0489dfe644f6114a2f3d1fb357535a72b252b76316b5986b6978413c6c5b88	fb69911b	2880	0	660	be0cbe0c4ee045c5293eb9d0bba7b99561bf465a4ef425675216f43865debae2	3fd7f4ca	658	2	gba_lz77	660	660	0	streams/0796-LAYOUT_AZALEA_TOWN_GYM_HNS.lz	
797	LAYOUT_AZALEA_TOWN_HOUSE1_HNS	AzaleaTown_House1_hns_Layout	hns	11	10	220	624	1248	data/layouts/AzaleaTown_House1_hns/map.bin	data/layouts/AzaleaTown_House1_hns/map.bin	7027b63415a0cd3f245de57cce46ee2bc0959669152361e7b0a05441a4e88294	b8509b8b	220	0	120	da2d3893d4191f9916f6ec82736d5fa590f7b8d6093efc9365495cb9e674cde2	19b5593f	118	2	gba_lz77	120	120	0	streams/0797-LAYOUT_AZALEA_TOWN_HOUSE1_HNS.lz	
798	LAYOUT_AZALEA_TOWN_KURTS_HOUSE_HNS	AzaleaTown_KurtsHouse_hns_Layout	hns	25	10	500	960	1920	data/layouts/AzaleaTown_KurtsHouse_hns/map.bin	data/layouts/AzaleaTown_KurtsHouse_hns/map.bin	d6d8dcfa36bfa645c610647f76c72d74418c2e5f5ee76f964de9597c3f230809	3fb703e8	500	0	232	052557db6ae5d83aa6519a1e11092be2168e6d4972d8cc51bbf561139ec12524	0210f35a	232	0	gba_lz77	232	232	0	streams/0798-LAYOUT_AZALEA_TOWN_KURTS_HOUSE_HNS.lz	
799	LAYOUT_AZALEA_TOWN_MART_HNS	AzaleaTown_Mart_hns_Layout	hns	14	9	252	667	1334	data/layouts/AzaleaTown_Mart_hns/map.bin	data/layouts/AzaleaTown_Mart_hns/map.bin	2d629767f7c231ba5ff63a258c4bd7771017c786573a3a5cdfb130b963cd52c4	cef1674f	252	0	160	7b95eb833b85dd1fda666c877c1fa146e8b26b325912e90b0074165d839c1d2c	d0440378	157	3	gba_lz77	160	160	0	streams/0799-LAYOUT_AZALEA_TOWN_MART_HNS.lz	
800	LAYOUT_AZALEA_TOWN_POKEMON_CENTER_HNS	AzaleaTown_PokemonCenter_hns_Layout	hns	16	10	320	744	1488	data/layouts/AzaleaTown_PokemonCenter_hns/map.bin	data/layouts/AzaleaTown_PokemonCenter_hns/map.bin	6128681ae811f6f6fb46b81baf0444c45735130d9330858aa391979223a515b3	721f5074	320	0	232	1242c726113c8c3e2bb5fd987a82f9f8a36e957d2da8e88d485b456d92472637	2f887aea	230	2	gba_lz77	232	232	0	streams/0800-LAYOUT_AZALEA_TOWN_POKEMON_CENTER_HNS.lz	
801	LAYOUT_BELLCHIME_TRAIL_HNS	BellchimeTrail_hns_Layout	hns	70	69	9660	7055	14110	data/layouts/BellchimeTrail_hns/map.bin	data/layouts/BellchimeTrail_hns/map.bin	266a2030f7501f3a7ac43d8502242a4ae524db1d6dba4e3e9e7ebebe793679d0	30e92265	9660	0	2400	9d27e0effb1648dcc0c677e43f9902fb0501974d192e44e28dff9e29650d3b55	1c57f19e	2397	3	gba_lz77	2400	2400	0	streams/0801-LAYOUT_BELLCHIME_TRAIL_HNS.lz	
802	LAYOUT_BLACKTHORN_CITY_HNS	BlackthornCity_hns_Layout	hns	59	60	7080	5476	10952	data/layouts/BlackthornCity_hns/map.bin	data/layouts/BlackthornCity_hns/map.bin	442c02b7de38101c9062ff2279f0f32ce8225438abf8798c397dd95ff6aec5f4	3910a8ae	7080	0	1764	54091fa2922dffada2b9879530b93541a00773864152de06cfc96e82b7dfa6a6	3894ae9b	1764	0	gba_lz77	1764	1764	0	streams/0802-LAYOUT_BLACKTHORN_CITY_HNS.lz	
803	LAYOUT_BLACKTHORN_CITY_GYM_HNS	BlackthornCity_Gym_hns_Layout	hns	41	60	4920	4144	8288	data/layouts/BlackthornCity_Gym_hns/map.bin	data/layouts/BlackthornCity_Gym_hns/map.bin	f729511e3dbd28ad70a8cb5d4700973c391aa95302c76e749e3fcac5006c0aa1	6068cf09	4920	0	1160	629c2b8f5ba95117fca53dc0219abaa44d811ef67647ace6fed946b6d8dfbf67	346624d6	1160	0	gba_lz77	1160	1160	0	streams/0803-LAYOUT_BLACKTHORN_CITY_GYM_HNS.lz	
804	LAYOUT_BLACKTHORN_CITY_HOUSE1_HNS	BlackthornCity_House1_hns_Layout	hns	13	10	260	672	1344	data/layouts/BlackthornCity_House1_hns/map.bin	data/layouts/BlackthornCity_House1_hns/map.bin	5135420032c1608867993c52ba9dd92a06f94dab9910c20b374866a2a88f438b	6f1a32b7	260	0	168	d1c0faa3ed539cbe6b4ede6663fe98c777512517ccd2cdae8ca491d3aa558884	967f0135	165	3	gba_lz77	168	168	0	streams/0804-LAYOUT_BLACKTHORN_CITY_HOUSE1_HNS.lz	
805	LAYOUT_BLACKTHORN_CITY_HOUSE2_HNS	BlackthornCity_House2_hns_Layout	hns	13	10	260	672	1344	data/layouts/BlackthornCity_House2_hns/map.bin	data/layouts/BlackthornCity_House2_hns/map.bin	517191f70f60587e544d08097dc205e58ce11b5c389bba26e90818dcbeb096b4	38a485ce	260	0	160	c8d19359f29f3fbe97c18a917d3ebdd7cedc0acea695313c534141392ba5b613	9f70cd4d	159	1	gba_lz77	160	160	0	streams/0805-LAYOUT_BLACKTHORN_CITY_HOUSE2_HNS.lz	
806	LAYOUT_BLACKTHORN_CITY_HOUSE3_HNS	BlackthornCity_House3_hns_Layout	hns	13	10	260	672	1344	data/layouts/BlackthornCity_House3_hns/map.bin	data/layouts/BlackthornCity_House3_hns/map.bin	5135420032c1608867993c52ba9dd92a06f94dab9910c20b374866a2a88f438b	6f1a32b7	260	0	168	d1c0faa3ed539cbe6b4ede6663fe98c777512517ccd2cdae8ca491d3aa558884	967f0135	165	3	gba_lz77	168	168	0	streams/0806-LAYOUT_BLACKTHORN_CITY_HOUSE3_HNS.lz	
807	LAYOUT_BLACKTHORN_CITY_MART_HNS	BlackthornCity_Mart_hns_Layout	hns	14	9	252	667	1334	data/layouts/BlackthornCity_Mart_hns/map.bin	data/layouts/BlackthornCity_Mart_hns/map.bin	2d629767f7c231ba5ff63a258c4bd7771017c786573a3a5cdfb130b963cd52c4	cef1674f	252	0	160	7b95eb833b85dd1fda666c877c1fa146e8b26b325912e90b0074165d839c1d2c	d0440378	157	3	gba_lz77	160	160	0	streams/0807-LAYOUT_BLACKTHORN_CITY_MART_HNS.lz	
808	LAYOUT_BLACKTHORN_CITY_POKEMON_CENTER_HNS	BlackthornCity_PokemonCenter_hns_Layout	hns	16	10	320	744	1488	data/layouts/BlackthornCity_PokemonCenter_hns/map.bin	data/layouts/BlackthornCity_PokemonCenter_hns/map.bin	6128681ae811f6f6fb46b81baf0444c45735130d9330858aa391979223a515b3	721f5074	320	0	232	1242c726113c8c3e2bb5fd987a82f9f8a36e957d2da8e88d485b456d92472637	2f887aea	230	2	gba_lz77	232	232	0	streams/0808-LAYOUT_BLACKTHORN_CITY_POKEMON_CENTER_HNS.lz	
809	LAYOUT_BURNED_TOWER_1F_HNS	BurnedTower_1F_hns_Layout	hns	27	25	1350	1638	3276	data/layouts/BurnedTower_1F_hns/map.bin	data/layouts/BurnedTower_1F_hns/map.bin	50f492bf34dc5c6b7e1b82fc7e24cdc6eb259c1dcb6dbf40c5e87f8e75c0249d	a34d3773	1350	0	328	33f06a08fda1f88f686cb2339b6f64b40ae75d1d577bb58c29f3d2fefd98e24c	4f2cc0b6	328	0	gba_lz77	328	328	0	streams/0809-LAYOUT_BURNED_TOWER_1F_HNS.lz	
810	LAYOUT_BURNED_TOWER_B1F_HNS	BurnedTower_B1F_hns_Layout	hns	28	19	1064	1419	2838	data/layouts/BurnedTower_B1F_hns/map.bin	data/layouts/BurnedTower_B1F_hns/map.bin	186de6eb6cbcd6cab3d5e82682501156651e7762c9f321ffea0a7c4dac00f80e	e1c35f18	1064	0	408	0505568077904bbb269b978b66a56f5c826d965dbf7613f95197e3f347afc74a	5ba999c3	406	2	gba_lz77	408	408	0	streams/0810-LAYOUT_BURNED_TOWER_B1F_HNS.lz	
811	LAYOUT_CELADON_CITY_APARTMENTS_1F_HNS	CeladonCity_Apartments_1F_hns_Layout	hns	15	20	600	1020	2040	data/layouts/CeladonCity_Apartments_1F_hns/map.bin	data/layouts/CeladonCity_Apartments_1F_hns/map.bin	7cef282b9d0831ba0fc192cfd79d594bbb4529ef6e4c9ef88ff8e22ec380cad2	bc3567a7	600	0	316	521287fd66db94079e70fc80c906af71c05f4f074f480ac3c3ddded059a80b46	eab4b739	313	3	gba_lz77	316	316	0	streams/0811-LAYOUT_CELADON_CITY_APARTMENTS_1F_HNS.lz	
812	LAYOUT_CELADON_CITY_APARTMENTS_2F_HNS	CeladonCity_Apartments_2F_hns_Layout	hns	15	20	600	1020	2040	data/layouts/CeladonCity_Apartments_2F_hns/map.bin	data/layouts/CeladonCity_Apartments_2F_hns/map.bin	f452aa3f23815a54a85b1110a89f84b1819ae06b30551a7125994137b03f31de	fb1675fc	600	0	308	b3ba1a8caf18a3edf62d12574ac08495a1c3cc442ce156890b202c681e044d59	d53482f8	308	0	gba_lz77	308	308	0	streams/0812-LAYOUT_CELADON_CITY_APARTMENTS_2F_HNS.lz	
813	LAYOUT_CELADON_CITY_APARTMENTS_3F_HNS	CeladonCity_Apartments_3F_hns_Layout	hns	16	20	640	1054	2108	data/layouts/CeladonCity_Apartments_3F_hns/map.bin	data/layouts/CeladonCity_Apartments_3F_hns/map.bin	e67eb71030b41d7b00b0e6f7a5cf84aaf733093a6bf2e2fb20bf718f9f019ba8	889194c3	640	0	308	e9be8d8f7ab3b6c5a41500be66a349b3b8645e2a4094af887ca9e03427e29123	235b9325	308	0	gba_lz77	308	308	0	streams/0813-LAYOUT_CELADON_CITY_APARTMENTS_3F_HNS.lz	
814	LAYOUT_CELADON_CITY_APARTMENTS_ROOF_DAY_HNS	CeladonCity_Apartments_RoofDay_hns_Layout	hns	14	23	644	1073	2146	data/layouts/CeladonCity_Apartments_RoofDay_hns/map.bin	data/layouts/CeladonCity_Apartments_RoofDay_hns/map.bin	8b7f519a3043719cc3a541dd0874021ccb2764b74ce8cdb21f275f1892682e65	c4388feb	644	0	252	cdd2d6d0e26ed95c2232ce377fc7a2ffa4a5c6c9ce9505d23c2e610168c1dcae	e973fd80	251	1	gba_lz77	252	252	0	streams/0814-LAYOUT_CELADON_CITY_APARTMENTS_ROOF_DAY_HNS.lz	
815	LAYOUT_CELADON_CITY_APARTMENTS_ROOF_HOUSE_HNS	CeladonCity_Apartments_RoofHouse_hns_Layout	hns	12	12	288	702	1404	data/layouts/CeladonCity_Apartments_RoofHouse_hns/map.bin	data/layouts/CeladonCity_Apartments_RoofHouse_hns/map.bin	f12797d00f1007c3a12b92f02d2a899056ca95593ec87e99f86f8877c2ef8e44	24a383fb	288	0	168	28a357f94c801dc29b2e8fe49589ae6cc62d14d581ef1bfab25f7fbda1e411cf	b5b3aac3	166	2	gba_lz77	168	168	0	streams/0815-LAYOUT_CELADON_CITY_APARTMENTS_ROOF_HOUSE_HNS.lz	
816	LAYOUT_CELADON_CITY_APARTMENTS_ROOF_NIGHT_HNS	CeladonCity_Apartments_RoofNight_hns_Layout	hns	14	23	644	1073	2146	data/layouts/CeladonCity_Apartments_RoofNight_hns/map.bin	data/layouts/CeladonCity_Apartments_RoofNight_hns/map.bin	de9c731df779a8f3bcc4f48adcbdd7bbae09eaf74a7f0d376da5b010b19dbbfe	4e165b62	644	0	252	6da0d736927bf92d33b6b3878a4abac0145cd26d779e31b33d9ddfcee6121865	d2e11d6f	251	1	gba_lz77	252	252	0	streams/0816-LAYOUT_CELADON_CITY_APARTMENTS_ROOF_NIGHT_HNS.lz	
817	LAYOUT_CELADON_CITY_DEPARTMENT_STORE_ROOF_DAY_HNS	CeladonCity_DepartmentStore_RoofDay_hns_Layout	hns	19	14	532	952	1904	data/layouts/CeladonCity_DepartmentStore_RoofDay_hns/map.bin	data/layouts/CeladonCity_DepartmentStore_RoofDay_hns/map.bin	6c12800b527b39e156d8884cf756b904129006c14307bb62816dae3acdea0c6c	78ad1816	532	0	212	537d0a9162ed78ee508c554d6bcbc389dd8f13f04f016b9995b09b136e4e3d1a	8668fb92	211	1	gba_lz77	212	212	0	streams/0817-LAYOUT_CELADON_CITY_DEPARTMENT_STORE_ROOF_DAY_HNS.lz	
818	LAYOUT_CELADON_CITY_DEPARTMENT_STORE_ROOF_NIGHT_HNS	CeladonCity_DepartmentStore_RoofNight_hns_Layout	hns	19	14	532	952	1904	data/layouts/CeladonCity_DepartmentStore_RoofNight_hns/map.bin	data/layouts/CeladonCity_DepartmentStore_RoofNight_hns/map.bin	44d66e7820fb88dd3d9f30fe45a24ff7130fe0f55a98057c88942174561371b8	52caaa68	532	0	212	d621a9ff4b77c2b0e20795a15a71cd9610e35a067db282f105985150e6adf7d4	06c8091e	211	1	gba_lz77	212	212	0	streams/0818-LAYOUT_CELADON_CITY_DEPARTMENT_STORE_ROOF_NIGHT_HNS.lz	
819	LAYOUT_CELADON_CITY_HOUSE1_HNS	CeladonCity_House1_hns_Layout	hns	13	10	260	672	1344	data/layouts/CeladonCity_House1_hns/map.bin	data/layouts/CeladonCity_House1_hns/map.bin	f4560eee61bc43923bd9725504cf2ad522f3205ff1b1091700fc3dde01c21062	bee60e35	260	0	144	3986300482689058f787758b4f0507d5cd30c221fe2956b79ed5b3bceae6b1d7	b34378c0	144	0	gba_lz77	144	144	0	streams/0819-LAYOUT_CELADON_CITY_HOUSE1_HNS.lz	
820	LAYOUT_CELADON_CITY_HOUSE2_HNS	CeladonCity_House2_hns_Layout	hns	13	10	260	672	1344	data/layouts/CeladonCity_House2_hns/map.bin	data/layouts/CeladonCity_House2_hns/map.bin	517191f70f60587e544d08097dc205e58ce11b5c389bba26e90818dcbeb096b4	38a485ce	260	0	160	c8d19359f29f3fbe97c18a917d3ebdd7cedc0acea695313c534141392ba5b613	9f70cd4d	159	1	gba_lz77	160	160	0	streams/0820-LAYOUT_CELADON_CITY_HOUSE2_HNS.lz	
821	LAYOUT_CELADON_CITY_POKEMON_CENTER_HNS	CeladonCity_PokemonCenter_hns_Layout	hns	15	10	300	720	1440	data/layouts/CeladonCity_PokemonCenter_hns/map.bin	data/layouts/CeladonCity_PokemonCenter_hns/map.bin	8e06280fa400bedd562a94cd0b9043cfaac3839443172cd68f8bb9efce1f8fcd	b8b872dd	300	0	224	f01f3981e84d7f406cd60d46e92b46bf4f2ef6c5cc6ce0b51f5c256a45e34f69	1a83b0e1	221	3	gba_lz77	224	224	0	streams/0821-LAYOUT_CELADON_CITY_POKEMON_CENTER_HNS.lz	
822	LAYOUT_CERULEAN_CAVE_B2F_HNS	CeruleanCave_B2F_hns_Layout	hns	42	25	2100	2223	4446	data/layouts/CeruleanCave_B2F_hns/map.bin	data/layouts/CeruleanCave_B2F_hns/map.bin	fdf51303fda03112c7153e18722b91cf3e99d0b695b8e250533d1daf8b0ed000	73005d0d	2100	0	616	8bf6a0daaa5f9e91f66446de1b292ee78561b82fd216c20922c0d77bea378c39	04f3da68	615	1	gba_lz77	616	616	0	streams/0822-LAYOUT_CERULEAN_CAVE_B2F_HNS.lz	
823	LAYOUT_CERULEAN_CITY_HOUSE3_HNS	CeruleanCity_House3_hns_Layout	hns	13	10	260	672	1344	data/layouts/CeruleanCity_House3_hns/map.bin	data/layouts/CeruleanCity_House3_hns/map.bin	5135420032c1608867993c52ba9dd92a06f94dab9910c20b374866a2a88f438b	6f1a32b7	260	0	168	d1c0faa3ed539cbe6b4ede6663fe98c777512517ccd2cdae8ca491d3aa558884	967f0135	165	3	gba_lz77	168	168	0	streams/0823-LAYOUT_CERULEAN_CITY_HOUSE3_HNS.lz	
824	LAYOUT_CERULEAN_CITY_MART_HNS	CeruleanCity_Mart_hns_Layout	hns	11	9	198	598	1196	data/layouts/CeruleanCity_Mart_hns/map.bin	data/layouts/CeruleanCity_Mart_hns/map.bin	87e68f94083db170de581a81f57bbca41a81a6e8bfa0bf8bf736724259c161a6	2e2006f4	198	0	176	2dd227c901ecc819628e22734e963210bcec525c27732c7e2dfb5c7a50f3c5a6	b4feec03	176	0	gba_lz77	176	176	0	streams/0824-LAYOUT_CERULEAN_CITY_MART_HNS.lz	
825	LAYOUT_CERULEAN_CITY_POKEMON_CENTER_HNS	CeruleanCity_PokemonCenter_hns_Layout	hns	15	10	300	720	1440	data/layouts/CeruleanCity_PokemonCenter_hns/map.bin	data/layouts/CeruleanCity_PokemonCenter_hns/map.bin	8e06280fa400bedd562a94cd0b9043cfaac3839443172cd68f8bb9efce1f8fcd	b8b872dd	300	0	224	f01f3981e84d7f406cd60d46e92b46bf4f2ef6c5cc6ce0b51f5c256a45e34f69	1a83b0e1	221	3	gba_lz77	224	224	0	streams/0825-LAYOUT_CERULEAN_CITY_POKEMON_CENTER_HNS.lz	
826	LAYOUT_CHERRYGROVE_CITY_HNS	CherrygroveCity_hns_Layout	hns	65	42	5460	4480	8960	data/layouts/CherrygroveCity_hns/map.bin	data/layouts/CherrygroveCity_hns/map.bin	896324354412cb677bfbcb47877e7d2eaf27e5f7ae736651d71d18e30267f269	886ee008	5460	0	1464	50207576fe165290e01d29fd97dce9c085eb8ab160c673c08f483a3d059fea37	3779035b	1461	3	gba_lz77	1464	1464	0	streams/0826-LAYOUT_CHERRYGROVE_CITY_HNS.lz	
827	LAYOUT_CHERRYGROVE_CITY_HOUSE1_HNS	CherrygroveCity_House1_hns_Layout	hns	13	10	260	672	1344	data/layouts/CherrygroveCity_House1_hns/map.bin	data/layouts/CherrygroveCity_House1_hns/map.bin	5135420032c1608867993c52ba9dd92a06f94dab9910c20b374866a2a88f438b	6f1a32b7	260	0	168	d1c0faa3ed539cbe6b4ede6663fe98c777512517ccd2cdae8ca491d3aa558884	967f0135	165	3	gba_lz77	168	168	0	streams/0827-LAYOUT_CHERRYGROVE_CITY_HOUSE1_HNS.lz	
828	LAYOUT_CHERRYGROVE_CITY_HOUSE2_HNS	CherrygroveCity_House2_hns_Layout	hns	13	10	260	672	1344	data/layouts/CherrygroveCity_House2_hns/map.bin	data/layouts/CherrygroveCity_House2_hns/map.bin	517191f70f60587e544d08097dc205e58ce11b5c389bba26e90818dcbeb096b4	38a485ce	260	0	160	c8d19359f29f3fbe97c18a917d3ebdd7cedc0acea695313c534141392ba5b613	9f70cd4d	159	1	gba_lz77	160	160	0	streams/0828-LAYOUT_CHERRYGROVE_CITY_HOUSE2_HNS.lz	
829	LAYOUT_CHERRYGROVE_CITY_HOUSE3_HNS	CherrygroveCity_House3_hns_Layout	hns	13	10	260	672	1344	data/layouts/CherrygroveCity_House3_hns/map.bin	data/layouts/CherrygroveCity_House3_hns/map.bin	38c466520804f5923f0a6c45ed0605f540f4959b527ee7f84e70fd8cc87654b7	8b013e23	260	0	156	d249a0cd77fdd8f14509cdbb55bb29b310426072000bbdc91bcd86ac1653e798	a50fa042	156	0	gba_lz77	156	156	0	streams/0829-LAYOUT_CHERRYGROVE_CITY_HOUSE3_HNS.lz	
830	LAYOUT_CHERRYGROVE_CITY_MART_HNS	CherrygroveCity_Mart_hns_Layout	hns	14	9	252	667	1334	data/layouts/CherrygroveCity_Mart_hns/map.bin	data/layouts/CherrygroveCity_Mart_hns/map.bin	2d629767f7c231ba5ff63a258c4bd7771017c786573a3a5cdfb130b963cd52c4	cef1674f	252	0	160	7b95eb833b85dd1fda666c877c1fa146e8b26b325912e90b0074165d839c1d2c	d0440378	157	3	gba_lz77	160	160	0	streams/0830-LAYOUT_CHERRYGROVE_CITY_MART_HNS.lz	
831	LAYOUT_CHERRYGROVE_CITY_POKEMON_CENTER_HNS	CherrygroveCity_PokemonCenter_hns_Layout	hns	16	10	320	744	1488	data/layouts/CherrygroveCity_PokemonCenter_hns/map.bin	data/layouts/CherrygroveCity_PokemonCenter_hns/map.bin	6128681ae811f6f6fb46b81baf0444c45735130d9330858aa391979223a515b3	721f5074	320	0	232	1242c726113c8c3e2bb5fd987a82f9f8a36e957d2da8e88d485b456d92472637	2f887aea	230	2	gba_lz77	232	232	0	streams/0831-LAYOUT_CHERRYGROVE_CITY_POKEMON_CENTER_HNS.lz	
832	LAYOUT_CIANWOOD_CITY_HNS	CianwoodCity_hns_Layout	hns	37	61	4514	3900	7800	data/layouts/CianwoodCity_hns/map.bin	data/layouts/CianwoodCity_hns/map.bin	1f069b188b2cbbf41cb9bf24e193e08a8ad1358abb5fd202bf7f60d61ef5b742	3ba8cbe2	4514	0	1160	839c1f8d7430560fe78ed5ee8dbfac4d53ea7098dbc9c484672dc81cc1e59919	9b8d34e1	1159	1	gba_lz77	1160	1160	0	streams/0832-LAYOUT_CIANWOOD_CITY_HNS.lz	
833	LAYOUT_CIANWOOD_GYM_HNS	CianwoodGym_hns_Layout	hns	21	17	714	1116	2232	data/layouts/CianwoodGym_hns/map.bin	data/layouts/CianwoodGym_hns/map.bin	29e55b2e3078449c61d79403ef5f6f2587dff42e49c1b4e11bbaff9c2f78f859	177f2d80	714	0	176	603a3d9c9b5b5b2001d5d3559698730d700d3ab56d11e5e88dd45b5b6ec4826a	a8c75be4	174	2	gba_lz77	176	176	0	streams/0833-LAYOUT_CIANWOOD_GYM_HNS.lz	
834	LAYOUT_CIANWOOD_HOUSE1_HNS	CianwoodHouse1_hns_Layout	hns	13	10	260	672	1344	data/layouts/CianwoodHouse1_hns/map.bin	data/layouts/CianwoodHouse1_hns/map.bin	5135420032c1608867993c52ba9dd92a06f94dab9910c20b374866a2a88f438b	6f1a32b7	260	0	168	d1c0faa3ed539cbe6b4ede6663fe98c777512517ccd2cdae8ca491d3aa558884	967f0135	165	3	gba_lz77	168	168	0	streams/0834-LAYOUT_CIANWOOD_HOUSE1_HNS.lz	
835	LAYOUT_CIANWOOD_HOUSE2_HNS	CianwoodHouse2_hns_Layout	hns	13	10	260	672	1344	data/layouts/CianwoodHouse2_hns/map.bin	data/layouts/CianwoodHouse2_hns/map.bin	517191f70f60587e544d08097dc205e58ce11b5c389bba26e90818dcbeb096b4	38a485ce	260	0	160	c8d19359f29f3fbe97c18a917d3ebdd7cedc0acea695313c534141392ba5b613	9f70cd4d	159	1	gba_lz77	160	160	0	streams/0835-LAYOUT_CIANWOOD_HOUSE2_HNS.lz	
836	LAYOUT_CIANWOOD_HOUSE3_HNS	CianwoodHouse3_hns_Layout	hns	13	10	260	672	1344	data/layouts/CianwoodHouse3_hns/map.bin	data/layouts/CianwoodHouse3_hns/map.bin	5135420032c1608867993c52ba9dd92a06f94dab9910c20b374866a2a88f438b	6f1a32b7	260	0	168	d1c0faa3ed539cbe6b4ede6663fe98c777512517ccd2cdae8ca491d3aa558884	967f0135	165	3	gba_lz77	168	168	0	streams/0836-LAYOUT_CIANWOOD_HOUSE3_HNS.lz	
837	LAYOUT_CIANWOOD_POKECENTER_HNS	CianwoodPokecenter_hns_Layout	hns	16	10	320	744	1488	data/layouts/CianwoodPokecenter_hns/map.bin	data/layouts/CianwoodPokecenter_hns/map.bin	6128681ae811f6f6fb46b81baf0444c45735130d9330858aa391979223a515b3	721f5074	320	0	232	1242c726113c8c3e2bb5fd987a82f9f8a36e957d2da8e88d485b456d92472637	2f887aea	230	2	gba_lz77	232	232	0	streams/0837-LAYOUT_CIANWOOD_POKECENTER_HNS.lz	
838	LAYOUT_CIANWOOD_SHOP_HNS	CianwoodShop_hns_Layout	hns	16	15	480	899	1798	data/layouts/CianwoodShop_hns/map.bin	data/layouts/CianwoodShop_hns/map.bin	3c8a0fed5857f8e056c2f53ab5910480bcf293b1f0ad94f8993c1e00073434c6	93e64761	480	0	152	835d908ff0c825eb15a2301ecfd87f023d74f29a5f239be8f0ee4cc28a97462a	f77ab34a	149	3	gba_lz77	152	152	0	streams/0838-LAYOUT_CIANWOOD_SHOP_HNS.lz	
839	LAYOUT_CINNABAR_ISLAND_POKEMON_CENTER_HNS	CinnabarIsland_PokemonCenter_hns_Layout	hns	15	10	300	720	1440	data/layouts/CinnabarIsland_PokemonCenter_hns/map.bin	data/layouts/CinnabarIsland_PokemonCenter_hns/map.bin	37249d4c15ff547d7e2087af9d22f96cf2ea3cec7f8c918fa072224411370384	2baca428	300	0	224	2b4fd6e6b9cc8b344612b818798da7d718588e318b333077e357a8956f0b939b	92a232bf	222	2	gba_lz77	224	224	0	streams/0839-LAYOUT_CINNABAR_ISLAND_POKEMON_CENTER_HNS.lz	
840	LAYOUT_CLIFF_EDGE_CAVE_HNS	CliffEdgeCave_hns_Layout	hns	44	34	2992	2832	5664	data/layouts/CliffEdgeCave_hns/map.bin	data/layouts/CliffEdgeCave_hns/map.bin	d6d1524e1da064d2ae0e71d1b71c102212f1b3843d797aaae156194ddc22676a	dea1a32e	2992	0	548	0d8e75783eacbf928bf524662381ddce49b842a86249c0a8d49b617cdc626e66	9b4f0216	548	0	gba_lz77	548	548	0	streams/0840-LAYOUT_CLIFF_EDGE_CAVE_HNS.lz	
841	LAYOUT_CLIFF_EDGE_GATE_HNS	CliffEdgeGate_hns_Layout	hns	40	29	2320	2365	4730	data/layouts/CliffEdgeGate_hns/map.bin	data/layouts/CliffEdgeGate_hns/map.bin	370b4dc9ea823ced349fbfbfd91bc1e6422904ed67e43e5d75a52e33a64d423c	126b15d0	2320	0	552	59af324307a6addd8cfce16a807b3b942803f05949a6599427936b723dce8484	0f600f78	551	1	gba_lz77	552	552	0	streams/0841-LAYOUT_CLIFF_EDGE_GATE_HNS.lz	
842	LAYOUT_DARK_CAVE_NORTH_SIDE_HNS	DarkCave_NorthSide_hns_Layout	hns	57	44	5016	4176	8352	data/layouts/DarkCave_NorthSide_hns/map.bin	data/layouts/DarkCave_NorthSide_hns/map.bin	cd199fe4338319263d9073d0f1dd0e2f34553d988b0bb57ab4c6fd190e113e39	61af28ba	5016	0	1000	d10f30661c0cdc73652d0d4a94ee13bd66edcfdad3271737fe7bf37726b0b02f	d16721ec	998	2	gba_lz77	1000	1000	0	streams/0842-LAYOUT_DARK_CAVE_NORTH_SIDE_HNS.lz	
843	LAYOUT_DARK_CAVE_SOUTH_SIDE_HNS	DarkCave_SouthSide_hns_Layout	hns	78	50	7800	5952	11904	data/layouts/DarkCave_SouthSide_hns/map.bin	data/layouts/DarkCave_SouthSide_hns/map.bin	10b95d4e6aefab10a2bb679f36ec70daf529b17599abc2583c17793f8be0302a	13de45f7	7800	0	1388	78b3b6cf08c0cf220cf34be8512f8365a89208081383533bd3f426ab3a2e66ce	e2e226d3	1386	2	gba_lz77	1388	1388	0	streams/0843-LAYOUT_DARK_CAVE_SOUTH_SIDE_HNS.lz	
844	LAYOUT_DIGLETTS_CAVE_ENTRANCE_NORTH_HNS	DiglettsCave_EntranceNorth_hns_Layout	hns	10	8	160	550	1100	data/layouts/DiglettsCave_EntranceNorth_hns/map.bin	data/layouts/DiglettsCave_EntranceNorth_hns/map.bin	3f730c8832b14613cbac9ff2d48b5407459a920a25822f50389167de3d0087b7	1c3d6013	160	0	68	264288c862a277888a354b1cdc89fe379070490a30876900a457c5e9b30d39d7	5ad03894	68	0	gba_lz77	68	68	0	streams/0844-LAYOUT_DIGLETTS_CAVE_ENTRANCE_NORTH_HNS.lz	
845	LAYOUT_DIGLETTS_CAVE_ENTRANCE_SOUTH_HNS	DiglettsCave_EntranceSouth_hns_Layout	hns	10	8	160	550	1100	data/layouts/DiglettsCave_EntranceSouth_hns/map.bin	data/layouts/DiglettsCave_EntranceSouth_hns/map.bin	1a65ad17f2d3b576ab322f167cb9e888ed0a6f09357de0e50e1d74c6536d6fe8	a7b771fe	160	0	76	87b0bb9d910b41e370ea05112023f00b0664d5416193539e6bf084b33f61f1c3	efe7db74	76	0	gba_lz77	76	76	0	streams/0845-LAYOUT_DIGLETTS_CAVE_ENTRANCE_SOUTH_HNS.lz	
846	LAYOUT_DIGLETTS_CAVE_TUNNEL_HNS	DiglettsCave_Tunnel_hns_Layout	hns	85	80	13600	9400	18800	data/layouts/DiglettsCave_Tunnel_hns/map.bin	data/layouts/DiglettsCave_Tunnel_hns/map.bin	d5c2cf95f1fee1e66c5be94281d32a55da4b13ba6f0f9c44471c3020788646ff	ec4dae22	13600	0	2080	9c6f52021794d8872a49e2326ec494cd043b837fcb0690bfdd44e92491cdf4ee	e822f0e7	2077	3	gba_lz77	2080	2080	0	streams/0846-LAYOUT_DIGLETTS_CAVE_TUNNEL_HNS.lz	
847	LAYOUT_DRAGONS_DEN_CAVERN_HNS	DragonsDen_Cavern_hns_Layout	hns	60	54	6480	5100	10200	data/layouts/DragonsDen_Cavern_hns/map.bin	data/layouts/DragonsDen_Cavern_hns/map.bin	2926036a723c8877ad22a77e7be3a00cdff60998b9b6cc0a373996b224c20d32	22d121b4	6480	0	1620	c708d93d81c655da9dcd564cfc41c14a38b1cb58c8b8bf340e7cec1b6ef0939b	34c21985	1620	0	gba_lz77	1620	1620	0	streams/0847-LAYOUT_DRAGONS_DEN_CAVERN_HNS.lz	
848	LAYOUT_DRAGONS_DEN_ENTRANCE_HNS	DragonsDen_Entrance_hns_Layout	hns	10	18	360	800	1600	data/layouts/DragonsDen_Entrance_hns/map.bin	data/layouts/DragonsDen_Entrance_hns/map.bin	81a64967c4eefa4422b4e72279fa2a5e29d4f95cc0cc323cd9c745551dc379f3	b8ef59f5	360	0	112	aa1564ca54996fcf67c96ea7c57a0c93ec81d03f8299f76826560a89719e4f64	3dc689cf	111	1	gba_lz77	112	112	0	streams/0848-LAYOUT_DRAGONS_DEN_ENTRANCE_HNS.lz	
849	LAYOUT_DRAGONS_DEN_SHRINE_HNS	DragonsDen_Shrine_hns_Layout	hns	14	18	504	928	1856	data/layouts/DragonsDen_Shrine_hns/map.bin	data/layouts/DragonsDen_Shrine_hns/map.bin	49b1226776070cf176b2be0eef33d4ad43b5b4c8efed93a7acdba0eda921ba26	45f92677	504	0	188	f2eed869cdb1ae6b63942e5462217b2a159c91dfeec80df8ab9267598075b1c1	b4554ae0	185	3	gba_lz77	188	188	0	streams/0849-LAYOUT_DRAGONS_DEN_SHRINE_HNS.lz	
850	LAYOUT_ECRUTEAK_CITY_HNS	EcruteakCity_hns_Layout	hns	66	61	8052	6075	12150	data/layouts/EcruteakCity_hns/map.bin	data/layouts/EcruteakCity_hns/map.bin	2895471f9e304026e25b047a70fea70005fa57f8981c58ed7c82b1ceea0be216	e15f5ea7	8052	0	2712	f994cdeb8add5d3af4db5026e074f8eacc63dc3534f707cc3d318759ca5d4326	ae35014f	2712	0	gba_lz77	2712	2712	0	streams/0850-LAYOUT_ECRUTEAK_CITY_HNS.lz	
851	LAYOUT_ECRUTEAK_CITY_GYM_HNS	EcruteakCity_Gym_hns_Layout	hns	17	48	1632	1984	3968	data/layouts/EcruteakCity_Gym_hns/map.bin	data/layouts/EcruteakCity_Gym_hns/map.bin	ff6424ad4629edadbf9602eb3e56e5ddd676e1ad6e6ad07bdc718ba255289197	d7cf5c20	1632	0	500	73424d889efb94361bcb21f4cde94ccf44467f1ab2b25f5c9410b0bbfe6aa6b8	38a1ebb8	500	0	gba_lz77	500	500	0	streams/0851-LAYOUT_ECRUTEAK_CITY_GYM_HNS.lz	
852	LAYOUT_ECRUTEAK_CITY_HOUSE1_HNS	EcruteakCity_House1_hns_Layout	hns	13	10	260	672	1344	data/layouts/EcruteakCity_House1_hns/map.bin	data/layouts/EcruteakCity_House1_hns/map.bin	5135420032c1608867993c52ba9dd92a06f94dab9910c20b374866a2a88f438b	6f1a32b7	260	0	168	d1c0faa3ed539cbe6b4ede6663fe98c777512517ccd2cdae8ca491d3aa558884	967f0135	165	3	gba_lz77	168	168	0	streams/0852-LAYOUT_ECRUTEAK_CITY_HOUSE1_HNS.lz	
853	LAYOUT_ECRUTEAK_CITY_HOUSE2_HNS	EcruteakCity_House2_hns_Layout	hns	13	10	260	672	1344	data/layouts/EcruteakCity_House2_hns/map.bin	data/layouts/EcruteakCity_House2_hns/map.bin	5b449e74d4dbfab54c4a5ead1175a9caa7ee2baa9a820c6c3b86bf8dd01141b9	c0e34ff0	260	0	160	b7b99d23cea5e07896b47a491df0ef3762f62d641c8048d78255eb046fbe4f8c	fae0e196	159	1	gba_lz77	160	160	0	streams/0853-LAYOUT_ECRUTEAK_CITY_HOUSE2_HNS.lz	
854	LAYOUT_ECRUTEAK_CITY_MART_HNS	EcruteakCity_Mart_hns_Layout	hns	14	9	252	667	1334	data/layouts/EcruteakCity_Mart_hns/map.bin	data/layouts/EcruteakCity_Mart_hns/map.bin	2d629767f7c231ba5ff63a258c4bd7771017c786573a3a5cdfb130b963cd52c4	cef1674f	252	0	160	7b95eb833b85dd1fda666c877c1fa146e8b26b325912e90b0074165d839c1d2c	d0440378	157	3	gba_lz77	160	160	0	streams/0854-LAYOUT_ECRUTEAK_CITY_MART_HNS.lz	
855	LAYOUT_ECRUTEAK_CITY_POKEMON_CENTER_HNS	EcruteakCity_PokemonCenter_hns_Layout	hns	16	10	320	744	1488	data/layouts/EcruteakCity_PokemonCenter_hns/map.bin	data/layouts/EcruteakCity_PokemonCenter_hns/map.bin	6128681ae811f6f6fb46b81baf0444c45735130d9330858aa391979223a515b3	721f5074	320	0	232	1242c726113c8c3e2bb5fd987a82f9f8a36e957d2da8e88d485b456d92472637	2f887aea	230	2	gba_lz77	232	232	0	streams/0855-LAYOUT_ECRUTEAK_CITY_POKEMON_CENTER_HNS.lz	
856	LAYOUT_ECRUTEAK_CITY_SAGE_OFFICE1_HNS	EcruteakCity_SageOffice1_hns_Layout	hns	19	10	380	816	1632	data/layouts/EcruteakCity_SageOffice1_hns/map.bin	data/layouts/EcruteakCity_SageOffice1_hns/map.bin	e3550b9b0a3b9e405644d4e999b332b1a3a209407c8814d1b4c745dc2e06125a	c1416722	380	0	172	c323f8d639ae39d57d6d0a71728025cd45fceea5f61ccbf5c7de1b27d3fdd5ba	4447b181	170	2	gba_lz77	172	172	0	streams/0856-LAYOUT_ECRUTEAK_CITY_SAGE_OFFICE1_HNS.lz	
857	LAYOUT_ECRUTEAK_CITY_SAGE_OFFICE2_HNS	EcruteakCity_SageOffice2_hns_Layout	hns	10	17	340	775	1550	data/layouts/EcruteakCity_SageOffice2_hns/map.bin	data/layouts/EcruteakCity_SageOffice2_hns/map.bin	62a5ac5373ef1877bdbb48050b3478098968bc7b511117794cc86bdb977cdcd8	8fd50b20	340	0	132	49e0de6b0da5381dfebda91ee73d7b85e10f0061bc0a55402718dc42b4fcd65a	8baae5da	132	0	gba_lz77	132	132	0	streams/0857-LAYOUT_ECRUTEAK_CITY_SAGE_OFFICE2_HNS.lz	
858	LAYOUT_ECRUTEAK_CITY_THEATER_HNS	EcruteakCity_Theater_hns_Layout	hns	21	19	798	1188	2376	data/layouts/EcruteakCity_Theater_hns/map.bin	data/layouts/EcruteakCity_Theater_hns/map.bin	31aad4c8abfdf3886d63e113e5498ac7611a33696c26a39f64d26e6ae0ea1213	bda186e3	798	0	192	f55ec6470fa03400cc143056f85f54debd3288aac709c06960aa4b325ed015fa	86ea4978	191	1	gba_lz77	192	192	0	streams/0858-LAYOUT_ECRUTEAK_CITY_THEATER_HNS.lz	
859	LAYOUT_EMBEDDED_TOWER_HNS	EmbeddedTower_hns_Layout	hns	29	31	1798	1980	3960	data/layouts/EmbeddedTower_hns/map.bin	data/layouts/EmbeddedTower_hns/map.bin	45a556f3ad30d2d73a0fc0193fd3f26a53d4ea9efb751bb5b219920966ac9973	9ad4c629	1798	0	360	8f75f13853d1f5dcebd7551b4323fb585bf1442596f275e9ea366b45d4f71dbf	856e4d12	359	1	gba_lz77	360	360	0	streams/0859-LAYOUT_EMBEDDED_TOWER_HNS.lz	
860	LAYOUT_FUCHSIA_CITY_HOUSE1_HNS	FuchsiaCity_House1_hns_Layout	hns	13	10	260	672	1344	data/layouts/FuchsiaCity_House1_hns/map.bin	data/layouts/FuchsiaCity_House1_hns/map.bin	5135420032c1608867993c52ba9dd92a06f94dab9910c20b374866a2a88f438b	6f1a32b7	260	0	168	d1c0faa3ed539cbe6b4ede6663fe98c777512517ccd2cdae8ca491d3aa558884	967f0135	165	3	gba_lz77	168	168	0	streams/0860-LAYOUT_FUCHSIA_CITY_HOUSE1_HNS.lz	
861	LAYOUT_FUCHSIA_CITY_MART_HNS	FuchsiaCity_Mart_hns_Layout	hns	11	9	198	598	1196	data/layouts/FuchsiaCity_Mart_hns/map.bin	data/layouts/FuchsiaCity_Mart_hns/map.bin	87e68f94083db170de581a81f57bbca41a81a6e8bfa0bf8bf736724259c161a6	2e2006f4	198	0	176	2dd227c901ecc819628e22734e963210bcec525c27732c7e2dfb5c7a50f3c5a6	b4feec03	176	0	gba_lz77	176	176	0	streams/0861-LAYOUT_FUCHSIA_CITY_MART_HNS.lz	
862	LAYOUT_FUCHSIA_CITY_POKEMON_CENTER_HNS	FuchsiaCity_PokemonCenter_hns_Layout	hns	15	10	300	720	1440	data/layouts/FuchsiaCity_PokemonCenter_hns/map.bin	data/layouts/FuchsiaCity_PokemonCenter_hns/map.bin	8e06280fa400bedd562a94cd0b9043cfaac3839443172cd68f8bb9efce1f8fcd	b8b872dd	300	0	224	f01f3981e84d7f406cd60d46e92b46bf4f2ef6c5cc6ce0b51f5c256a45e34f69	1a83b0e1	221	3	gba_lz77	224	224	0	streams/0862-LAYOUT_FUCHSIA_CITY_POKEMON_CENTER_HNS.lz	
863	LAYOUT_FUCHSIA_CITY_SAFARI_ZONE_BEACH_HNS	Fuchsia_hns_Layout	hns	50	46	4600	3900	7800	data/layouts/FuchsiaCity_SafariZoneBeach_hns/map.bin	data/layouts/FuchsiaCity_SafariZoneBeach_hns/map.bin	66e4453d3106450bdf8bb22894f6cc8e9a9e5422d21d94248c96864acad706c9	94e5da68	4600	0	1020	39424cd199bd3bf7b14a21707e7464b88e300cb9b277625d25a183db67525747	a0d3f306	1020	0	gba_lz77	1020	1020	0	streams/0863-LAYOUT_FUCHSIA_CITY_SAFARI_ZONE_BEACH_HNS.lz	
864	LAYOUT_FUCHSIA_CITY_SAFARI_ZONE_BRUSH_HNS	FuchsiaCity_SafariZoneBrush_hns_Layout	hns	50	30	3000	2860	5720	data/layouts/FuchsiaCity_SafariZoneBrush_hns/map.bin	data/layouts/FuchsiaCity_SafariZoneBrush_hns/map.bin	0e706aad12261ea3e2838ed2b47978b0dddd20a95f0a8f60d1d1ef3cdab957e9	9f9cfed4	3000	0	628	1e5cca7f54f0056931024a4afe5da9ddb0f21538288be993d29fe6ad8dd10efb	70acef3c	625	3	gba_lz77	628	628	0	streams/0864-LAYOUT_FUCHSIA_CITY_SAFARI_ZONE_BRUSH_HNS.lz	
865	LAYOUT_FUCHSIA_CITY_SAFARI_ZONE_CAVE_HNS	FuchsiaCity_SafariZoneCave_hns_Layout	hns	50	30	3000	2860	5720	data/layouts/FuchsiaCity_SafariZoneCave_hns/map.bin	data/layouts/FuchsiaCity_SafariZoneCave_hns/map.bin	0aeeb459c7d3b8c174b754d0c905fac7e83eacac6e669166f95a61a830e8070a	feca8829	3000	0	692	28f88ffa4df9bd2418d0afb46b48cdb95222f89e12a0e4a68502c6f7853aa380	ea359e0a	691	1	gba_lz77	692	692	0	streams/0865-LAYOUT_FUCHSIA_CITY_SAFARI_ZONE_CAVE_HNS.lz	
866	LAYOUT_FUCHSIA_CITY_SAFARI_ZONE_MOUNTAIN_HNS	FuchsiaCity_SafariZoneMountain_hns_Layout	hns	68	20	2720	2822	5644	data/layouts/FuchsiaCity_SafariZoneMountain_hns/map.bin	data/layouts/FuchsiaCity_SafariZoneMountain_hns/map.bin	5fbc216a033c8188940557edb993416d5dbc4dcf3e994116ab0a7ff594131237	d29d60a6	2720	0	528	b93070b330b0e983a9948a34789f5a761f47b346c6662ed2c2000e60c7b28ba9	0658f19d	527	1	gba_lz77	528	528	0	streams/0866-LAYOUT_FUCHSIA_CITY_SAFARI_ZONE_MOUNTAIN_HNS.lz	
867	LAYOUT_FUCHSIA_ROUTE15GATE_HNS	FuchsiaCity_Route15_Gate_hns_Layout	hns	13	9	234	644	1288	data/layouts/FuchsiaCity_Route15_Gate_hns/map.bin	data/layouts/FuchsiaCity_Route15_Gate_hns/map.bin	5b65ab1afa32f762c2bcbc30b3b258b6954042540a6983a14ef16f576a9f46ed	11e596f4	234	0	156	1277e67b95a4de203bef60faf783df8a097e672f8fecd6e8009f003b9cabf619	1af0af04	153	3	gba_lz77	156	156	0	streams/0867-LAYOUT_FUCHSIA_ROUTE15GATE_HNS.lz	
868	LAYOUT_FUCHSIA_ROUTE19GATE_HNS	FuchsiaCity_Route19_Gate_hns_Layout	hns	15	12	360	780	1560	data/layouts/FuchsiaCity_Route19_Gate_hns/map.bin	data/layouts/FuchsiaCity_Route19_Gate_hns/map.bin	5fcc23d98eca5311d321376e920456c3de5c3cb3b60fbcc8fe6dae32c95c0444	283e7547	360	0	172	d74e07ce9c81c935a7ffa1acc44f632b4757dae30f04c3dbcbc18985fd2c2840	502c01aa	170	2	gba_lz77	172	172	0	streams/0868-LAYOUT_FUCHSIA_ROUTE19GATE_HNS.lz	
869	LAYOUT_GATE_AZALEA_TOWN_ILEX_FOREST_HNS	Gate_AzaleaTown_IlexForest_hns_Layout	hns	13	9	234	644	1288	data/layouts/Gate_AzaleaTown_IlexForest_hns/map.bin	data/layouts/Gate_AzaleaTown_IlexForest_hns/map.bin	5b65ab1afa32f762c2bcbc30b3b258b6954042540a6983a14ef16f576a9f46ed	11e596f4	234	0	156	1277e67b95a4de203bef60faf783df8a097e672f8fecd6e8009f003b9cabf619	1af0af04	153	3	gba_lz77	156	156	0	streams/0869-LAYOUT_GATE_AZALEA_TOWN_ILEX_FOREST_HNS.lz	
870	LAYOUT_GATE_CELADON_CITY_ROUTE16_HNS	Gate_CeladonCity_Route16_hns_Layout	hns	13	9	234	644	1288	data/layouts/Gate_CeladonCity_Route16_hns/map.bin	data/layouts/Gate_CeladonCity_Route16_hns/map.bin	5b65ab1afa32f762c2bcbc30b3b258b6954042540a6983a14ef16f576a9f46ed	11e596f4	234	0	156	1277e67b95a4de203bef60faf783df8a097e672f8fecd6e8009f003b9cabf619	1af0af04	153	3	gba_lz77	156	156	0	streams/0870-LAYOUT_GATE_CELADON_CITY_ROUTE16_HNS.lz	
871	LAYOUT_GATE_ECRUTEAK_CITY_ROUTE38_HNS	Gate_EcruteakCity_Route38_hns_Layout	hns	13	9	234	644	1288	data/layouts/Gate_EcruteakCity_Route38_hns/map.bin	data/layouts/Gate_EcruteakCity_Route38_hns/map.bin	5b65ab1afa32f762c2bcbc30b3b258b6954042540a6983a14ef16f576a9f46ed	11e596f4	234	0	156	1277e67b95a4de203bef60faf783df8a097e672f8fecd6e8009f003b9cabf619	1af0af04	153	3	gba_lz77	156	156	0	streams/0871-LAYOUT_GATE_ECRUTEAK_CITY_ROUTE38_HNS.lz	
872	LAYOUT_GATE_ECRUTEAK_CITY_ROUTE42_HNS	Gate_EcruteakCity_Route42_hns_Layout	hns	13	9	234	644	1288	data/layouts/Gate_EcruteakCity_Route42_hns/map.bin	data/layouts/Gate_EcruteakCity_Route42_hns/map.bin	5b65ab1afa32f762c2bcbc30b3b258b6954042540a6983a14ef16f576a9f46ed	11e596f4	234	0	156	1277e67b95a4de203bef60faf783df8a097e672f8fecd6e8009f003b9cabf619	1af0af04	153	3	gba_lz77	156	156	0	streams/0872-LAYOUT_GATE_ECRUTEAK_CITY_ROUTE42_HNS.lz	
873	LAYOUT_GATE_FUCHSIA_CITY_ROUTE18_HNS	Gate_FuchsiaCity_Route18_hns_Layout	hns	13	9	234	644	1288	data/layouts/Gate_FuchsiaCity_Route18_hns/map.bin	data/layouts/Gate_FuchsiaCity_Route18_hns/map.bin	5b65ab1afa32f762c2bcbc30b3b258b6954042540a6983a14ef16f576a9f46ed	11e596f4	234	0	156	1277e67b95a4de203bef60faf783df8a097e672f8fecd6e8009f003b9cabf619	1af0af04	153	3	gba_lz77	156	156	0	streams/0873-LAYOUT_GATE_FUCHSIA_CITY_ROUTE18_HNS.lz	
874	LAYOUT_GATE_GOLDENROD_CITY_ROUTE35_HNS	Gate_GoldenrodCity_Route35_hns_Layout	hns	15	12	360	780	1560	data/layouts/Gate_GoldenrodCity_Route35_hns/map.bin	data/layouts/Gate_GoldenrodCity_Route35_hns/map.bin	5fcc23d98eca5311d321376e920456c3de5c3cb3b60fbcc8fe6dae32c95c0444	283e7547	360	0	172	d74e07ce9c81c935a7ffa1acc44f632b4757dae30f04c3dbcbc18985fd2c2840	502c01aa	170	2	gba_lz77	172	172	0	streams/0874-LAYOUT_GATE_GOLDENROD_CITY_ROUTE35_HNS.lz	
875	LAYOUT_GATE_ILEX_FOREST_ROUTE34_HNS	Gate_IlexForest_Route34_hns_Layout	hns	15	12	360	780	1560	data/layouts/Gate_IlexForest_Route34_hns/map.bin	data/layouts/Gate_IlexForest_Route34_hns/map.bin	5fcc23d98eca5311d321376e920456c3de5c3cb3b60fbcc8fe6dae32c95c0444	283e7547	360	0	172	d74e07ce9c81c935a7ffa1acc44f632b4757dae30f04c3dbcbc18985fd2c2840	502c01aa	170	2	gba_lz77	172	172	0	streams/0875-LAYOUT_GATE_ILEX_FOREST_ROUTE34_HNS.lz	
876	LAYOUT_GATE_MAHOGANY_TOWN_ROUTE43_HNS	Gate_MahoganyTown_Route43_hns_Layout	hns	15	12	360	780	1560	data/layouts/Gate_MahoganyTown_Route43_hns/map.bin	data/layouts/Gate_MahoganyTown_Route43_hns/map.bin	5fcc23d98eca5311d321376e920456c3de5c3cb3b60fbcc8fe6dae32c95c0444	283e7547	360	0	172	d74e07ce9c81c935a7ffa1acc44f632b4757dae30f04c3dbcbc18985fd2c2840	502c01aa	170	2	gba_lz77	172	172	0	streams/0876-LAYOUT_GATE_MAHOGANY_TOWN_ROUTE43_HNS.lz	
877	LAYOUT_GATE_NATIONAL_PARK_HNS	Gate_NationalPark_hns_Layout	hns	50	18	1800	2080	4160	data/layouts/Gate_NationalPark_hns/map.bin	data/layouts/Gate_NationalPark_hns/map.bin	7350db60f16e955d6015fd5e9286cbb57ef0461d9cc52bb4c484f7a1e52f9585	768a2779	1800	0	472	117000dbea428f8437766b44e00dccda9b44d6e7de043704f080e9fdfdf3f44a	683543c3	472	0	gba_lz77	472	472	0	streams/0877-LAYOUT_GATE_NATIONAL_PARK_HNS.lz	
878	LAYOUT_GATE_ROUTE2_HNS	Gate_Route2_hns_Layout	hns	15	12	360	780	1560	data/layouts/Gate_Route2_hns/map.bin	data/layouts/Gate_Route2_hns/map.bin	5fcc23d98eca5311d321376e920456c3de5c3cb3b60fbcc8fe6dae32c95c0444	283e7547	360	0	172	d74e07ce9c81c935a7ffa1acc44f632b4757dae30f04c3dbcbc18985fd2c2840	502c01aa	170	2	gba_lz77	172	172	0	streams/0878-LAYOUT_GATE_ROUTE2_HNS.lz	
879	LAYOUT_GATE_ROUTE29_ROUTE46_HNS	Gate_Route29_Route46_hns_Layout	hns	15	12	360	780	1560	data/layouts/Gate_Route29_Route46_hns/map.bin	data/layouts/Gate_Route29_Route46_hns/map.bin	5fcc23d98eca5311d321376e920456c3de5c3cb3b60fbcc8fe6dae32c95c0444	283e7547	360	0	172	d74e07ce9c81c935a7ffa1acc44f632b4757dae30f04c3dbcbc18985fd2c2840	502c01aa	170	2	gba_lz77	172	172	0	streams/0879-LAYOUT_GATE_ROUTE29_ROUTE46_HNS.lz	
880	LAYOUT_GATE_ROUTE2_VIRIDIAN_FOREST_HNS	Gate_Route2_ViridianForest_hns_Layout	hns	15	12	360	780	1560	data/layouts/Gate_Route2_ViridianForest_hns/map.bin	data/layouts/Gate_Route2_ViridianForest_hns/map.bin	5fcc23d98eca5311d321376e920456c3de5c3cb3b60fbcc8fe6dae32c95c0444	283e7547	360	0	172	d74e07ce9c81c935a7ffa1acc44f632b4757dae30f04c3dbcbc18985fd2c2840	502c01aa	170	2	gba_lz77	172	172	0	streams/0880-LAYOUT_GATE_ROUTE2_VIRIDIAN_FOREST_HNS.lz	
881	LAYOUT_GATE_ROUTE31_VIOLET_CITY_HNS	Gate_Route31_VioletCity_hns_Layout	hns	13	9	234	644	1288	data/layouts/Gate_Route31_VioletCity_hns/map.bin	data/layouts/Gate_Route31_VioletCity_hns/map.bin	5b65ab1afa32f762c2bcbc30b3b258b6954042540a6983a14ef16f576a9f46ed	11e596f4	234	0	156	1277e67b95a4de203bef60faf783df8a097e672f8fecd6e8009f003b9cabf619	1af0af04	153	3	gba_lz77	156	156	0	streams/0881-LAYOUT_GATE_ROUTE31_VIOLET_CITY_HNS.lz	
882	LAYOUT_GATE_ROUTE40_TRAINER_HILL_COURTYARD_HNS	Gate_Route40_TrainerHill_Courtyard_hns_Layout	hns	15	12	360	780	1560	data/layouts/Gate_Route40_TrainerHill_Courtyard_hns/map.bin	data/layouts/Gate_Route40_TrainerHill_Courtyard_hns/map.bin	5fcc23d98eca5311d321376e920456c3de5c3cb3b60fbcc8fe6dae32c95c0444	283e7547	360	0	172	d74e07ce9c81c935a7ffa1acc44f632b4757dae30f04c3dbcbc18985fd2c2840	502c01aa	170	2	gba_lz77	172	172	0	streams/0882-LAYOUT_GATE_ROUTE40_TRAINER_HILL_COURTYARD_HNS.lz	trainer_hill
883	LAYOUT_GATE_ROUTE43_HNS	Gate_Route43_hns_Layout	hns	15	12	360	780	1560	data/layouts/Gate_Route43_hns/map.bin	data/layouts/Gate_Route43_hns/map.bin	5fcc23d98eca5311d321376e920456c3de5c3cb3b60fbcc8fe6dae32c95c0444	283e7547	360	0	172	d74e07ce9c81c935a7ffa1acc44f632b4757dae30f04c3dbcbc18985fd2c2840	502c01aa	170	2	gba_lz77	172	172	0	streams/0883-LAYOUT_GATE_ROUTE43_HNS.lz	
884	LAYOUT_GATE_RUINS_OF_ALPH_ROUTE32_HNS	Gate_RuinsOfAlph_Route32_hns_Layout	hns	13	9	234	644	1288	data/layouts/Gate_RuinsOfAlph_Route32_hns/map.bin	data/layouts/Gate_RuinsOfAlph_Route32_hns/map.bin	5b65ab1afa32f762c2bcbc30b3b258b6954042540a6983a14ef16f576a9f46ed	11e596f4	234	0	156	1277e67b95a4de203bef60faf783df8a097e672f8fecd6e8009f003b9cabf619	1af0af04	153	3	gba_lz77	156	156	0	streams/0884-LAYOUT_GATE_RUINS_OF_ALPH_ROUTE32_HNS.lz	
885	LAYOUT_GATE_RUINS_OF_ALPH_ROUTE36_HNS	Gate_RuinsOfAlph_Route36_hns_Layout	hns	15	12	360	780	1560	data/layouts/Gate_RuinsOfAlph_Route36_hns/map.bin	data/layouts/Gate_RuinsOfAlph_Route36_hns/map.bin	5fcc23d98eca5311d321376e920456c3de5c3cb3b60fbcc8fe6dae32c95c0444	283e7547	360	0	172	d74e07ce9c81c935a7ffa1acc44f632b4757dae30f04c3dbcbc18985fd2c2840	502c01aa	170	2	gba_lz77	172	172	0	streams/0885-LAYOUT_GATE_RUINS_OF_ALPH_ROUTE36_HNS.lz	
886	LAYOUT_GATE_SAFFRON_CITY_ROUTE5_HNS	Gate_SaffronCity_Route5_hns_Layout	hns	15	12	360	780	1560	data/layouts/Gate_SaffronCity_Route5_hns/map.bin	data/layouts/Gate_SaffronCity_Route5_hns/map.bin	5fcc23d98eca5311d321376e920456c3de5c3cb3b60fbcc8fe6dae32c95c0444	283e7547	360	0	172	d74e07ce9c81c935a7ffa1acc44f632b4757dae30f04c3dbcbc18985fd2c2840	502c01aa	170	2	gba_lz77	172	172	0	streams/0886-LAYOUT_GATE_SAFFRON_CITY_ROUTE5_HNS.lz	
887	LAYOUT_GATE_SAFFRON_CITY_ROUTE6_HNS	Gate_SaffronCity_Route6_hns_Layout	hns	15	12	360	780	1560	data/layouts/Gate_SaffronCity_Route6_hns/map.bin	data/layouts/Gate_SaffronCity_Route6_hns/map.bin	5fcc23d98eca5311d321376e920456c3de5c3cb3b60fbcc8fe6dae32c95c0444	283e7547	360	0	172	d74e07ce9c81c935a7ffa1acc44f632b4757dae30f04c3dbcbc18985fd2c2840	502c01aa	170	2	gba_lz77	172	172	0	streams/0887-LAYOUT_GATE_SAFFRON_CITY_ROUTE6_HNS.lz	
888	LAYOUT_GATE_SAFFRON_CITY_ROUTE7_HNS	Gate_SaffronCity_Route7_hns_Layout	hns	13	9	234	644	1288	data/layouts/Gate_SaffronCity_Route7_hns/map.bin	data/layouts/Gate_SaffronCity_Route7_hns/map.bin	5b65ab1afa32f762c2bcbc30b3b258b6954042540a6983a14ef16f576a9f46ed	11e596f4	234	0	156	1277e67b95a4de203bef60faf783df8a097e672f8fecd6e8009f003b9cabf619	1af0af04	153	3	gba_lz77	156	156	0	streams/0888-LAYOUT_GATE_SAFFRON_CITY_ROUTE7_HNS.lz	
889	LAYOUT_GATE_SAFFRON_CITY_ROUTE8_HNS	Gate_SaffronCity_Route8_hns_Layout	hns	13	9	234	644	1288	data/layouts/Gate_SaffronCity_Route8_hns/map.bin	data/layouts/Gate_SaffronCity_Route8_hns/map.bin	5b65ab1afa32f762c2bcbc30b3b258b6954042540a6983a14ef16f576a9f46ed	11e596f4	234	0	156	1277e67b95a4de203bef60faf783df8a097e672f8fecd6e8009f003b9cabf619	1af0af04	153	3	gba_lz77	156	156	0	streams/0889-LAYOUT_GATE_SAFFRON_CITY_ROUTE8_HNS.lz	
890	LAYOUT_GATE_VIRIDIAN_FOREST_ROUTE2_HNS	Gate_ViridianForest_Route2_hns_Layout	hns	15	12	360	780	1560	data/layouts/Gate_ViridianForest_Route2_hns/map.bin	data/layouts/Gate_ViridianForest_Route2_hns/map.bin	5fcc23d98eca5311d321376e920456c3de5c3cb3b60fbcc8fe6dae32c95c0444	283e7547	360	0	172	d74e07ce9c81c935a7ffa1acc44f632b4757dae30f04c3dbcbc18985fd2c2840	502c01aa	170	2	gba_lz77	172	172	0	streams/0890-LAYOUT_GATE_VIRIDIAN_FOREST_ROUTE2_HNS.lz	
891	LAYOUT_GOLDENROD_CITY_HNS	GoldenrodCity_hns_Layout	hns	58	46	5336	4380	8760	data/layouts/GoldenrodCity_hns/map.bin	data/layouts/GoldenrodCity_hns/map.bin	2ad4840ec440e5b812526088d0d64b5f18125cc9eb92b39cdbd53138abdc5ea9	8d8f54bc	5336	0	2164	7120bb2203890b17bf97b9ec479dce1a0c658ee074e96ab1c209d92981d4650e	34d1c016	2164	0	gba_lz77	2164	2164	0	streams/0891-LAYOUT_GOLDENROD_CITY_HNS.lz	
892	LAYOUT_GOLDENROD_CITY_BIKE_SHOP_HNS	GoldenrodCity_BikeShop_hns_Layout	hns	11	10	220	624	1248	data/layouts/GoldenrodCity_BikeShop_hns/map.bin	data/layouts/GoldenrodCity_BikeShop_hns/map.bin	8b04d09781e3a1c7328a4f13b4e6a15a35dbc4e53e46287c7e86cacfb42624b1	4e5d99fe	220	0	136	b6d8daf7e488ded00858195453f61a26386bddf74606170df0fc2d63f68a79bb	10b771c8	135	1	gba_lz77	136	136	0	streams/0892-LAYOUT_GOLDENROD_CITY_BIKE_SHOP_HNS.lz	
893	LAYOUT_GOLDENROD_CITY_BILLS_HOUSE_HNS	GoldenrodCity_BillsHouse_hns_Layout	hns	13	10	260	672	1344	data/layouts/GoldenrodCity_BillsHouse_hns/map.bin	data/layouts/GoldenrodCity_BillsHouse_hns/map.bin	536eed9eba6275f7f387a67f111ee18cc28c3cec4742a754d29f8af551ff49b4	3bb94db1	260	0	164	318c735a4d0b17bca8be3f8f8b3c9d368f66c4171a1a2ddd43414209284becc2	696031f8	163	1	gba_lz77	164	164	0	streams/0893-LAYOUT_GOLDENROD_CITY_BILLS_HOUSE_HNS.lz	
894	LAYOUT_GOLDENROD_CITY_DEPARTMENT_STORE_1F_HNS	GoldenrodCity_DepartmentStore_1F_hns_Layout	hns	32	16	1024	1410	2820	data/layouts/GoldenrodCity_DepartmentStore_1F_hns/map.bin	data/layouts/GoldenrodCity_DepartmentStore_1F_hns/map.bin	9d7cc1eb03496f0ed0a8d45974fab5f825d4b9beefc66f11a84e415506ef758b	b07e31a1	1024	0	300	881013d82a53e22cff3ad7a8c2a5b7c6a188c353bcccd649912008791ebe7aeb	d714a248	297	3	gba_lz77	300	300	0	streams/0894-LAYOUT_GOLDENROD_CITY_DEPARTMENT_STORE_1F_HNS.lz	
895	LAYOUT_GOLDENROD_CITY_DEPARTMENT_STORE_2F_HNS	GoldenrodCity_DepartmentStore_2F_hns_Layout	hns	32	19	1216	1551	3102	data/layouts/GoldenrodCity_DepartmentStore_2F_hns/map.bin	data/layouts/GoldenrodCity_DepartmentStore_2F_hns/map.bin	f5cef9f1a7f2dbc8e8065443b80063471e13415d053947957fcb590df7436e14	8608fa90	1216	0	384	4f487043329a2712320e95db88e73940a8db9db88510b005ab5bf1bdc93e669f	96264538	383	1	gba_lz77	384	384	0	streams/0895-LAYOUT_GOLDENROD_CITY_DEPARTMENT_STORE_2F_HNS.lz	
896	LAYOUT_GOLDENROD_CITY_DEPARTMENT_STORE_3F_HNS	GoldenrodCity_DepartmentStore_3F_hns_Layout	hns	33	16	1056	1440	2880	data/layouts/GoldenrodCity_DepartmentStore_3F_hns/map.bin	data/layouts/GoldenrodCity_DepartmentStore_3F_hns/map.bin	88676832f4291405193500016d5f4c0e15b4d60a4dde067db5542f7b66a916f9	a935c553	1056	0	344	375942b2f00683a94a5f559b49cc49bcb52ef0c14f31b4f689aa121bd63be450	1f5382d9	342	2	gba_lz77	344	344	0	streams/0896-LAYOUT_GOLDENROD_CITY_DEPARTMENT_STORE_3F_HNS.lz	
897	LAYOUT_GOLDENROD_CITY_DEPARTMENT_STORE_4F_HNS	GoldenrodCity_DepartmentStore_4F_hns_Layout	hns	32	19	1216	1551	3102	data/layouts/GoldenrodCity_DepartmentStore_4F_hns/map.bin	data/layouts/GoldenrodCity_DepartmentStore_4F_hns/map.bin	f675660c1084d66fc2a02ffe4138ac390aaa9d9bf01cb0c57008273b11023e43	9ee8d353	1216	0	384	c9d7ff2f3b2fe6f17b024c3224b6f65bf30ec2db1e919d684aed0455cf84fc08	60110a8a	384	0	gba_lz77	384	384	0	streams/0897-LAYOUT_GOLDENROD_CITY_DEPARTMENT_STORE_4F_HNS.lz	
898	LAYOUT_GOLDENROD_CITY_DEPARTMENT_STORE_5F_HNS	GoldenrodCity_DepartmentStore_5F_hns_Layout	hns	33	16	1056	1440	2880	data/layouts/GoldenrodCity_DepartmentStore_5F_hns/map.bin	data/layouts/GoldenrodCity_DepartmentStore_5F_hns/map.bin	d50ddfc0ceb789271bf41e58317e0ae336abb0d64564b1ea7e9e2d8d2c489ce3	e7ce09e1	1056	0	308	957e7faa5c9b053e9b191b15d824077166ea21c91f94cfef0c057e1bb9367cb0	1b20b4ff	308	0	gba_lz77	308	308	0	streams/0898-LAYOUT_GOLDENROD_CITY_DEPARTMENT_STORE_5F_HNS.lz	
899	LAYOUT_GOLDENROD_CITY_DEPARTMENT_STORE_6F_HNS	GoldenrodCity_DepartmentStore_6F_hns_Layout	hns	32	19	1216	1551	3102	data/layouts/GoldenrodCity_DepartmentStore_6F_hns/map.bin	data/layouts/GoldenrodCity_DepartmentStore_6F_hns/map.bin	aafa4055c80065654061021a736b25f2702de9480f44a1a78b83c8a47b57026e	9f5064c5	1216	0	324	ea3f5101d029045107a5e550cc56fa85899ea5b8b21bb80b2b91e327193591b4	e476d359	323	1	gba_lz77	324	324	0	streams/0899-LAYOUT_GOLDENROD_CITY_DEPARTMENT_STORE_6F_HNS.lz	
900	LAYOUT_GOLDENROD_CITY_DEPARTMENT_STORE_7F_HNS	GoldenrodCity_DepartmentStore_7F_hns_Layout	hns	32	19	1216	1551	3102	data/layouts/GoldenrodCity_DepartmentStore_7F_hns/map.bin	data/layouts/GoldenrodCity_DepartmentStore_7F_hns/map.bin	5f29bf077a4862f763579cfc33504ffe07bc17e1fd15230ae2ecf7a3a9008acc	ddcb7e4d	1216	0	324	0e1a2de8e7439ae17bdd26a7285a170e0a0e59d1a74df51d8efd90f2a924910a	a699bad1	321	3	gba_lz77	324	324	0	streams/0900-LAYOUT_GOLDENROD_CITY_DEPARTMENT_STORE_7F_HNS.lz	
901	LAYOUT_GOLDENROD_CITY_DEPARTMENT_STORE_7FNIGHT_HNS	GoldenrodCity_DepartmentStore_7FNight_hns_Layout	hns	32	19	1216	1551	3102	data/layouts/GoldenrodCity_DepartmentStore_7FNight_hns/map.bin	data/layouts/GoldenrodCity_DepartmentStore_7FNight_hns/map.bin	2030401a3d7d5c082d55e962f274f4a2b28ad24df75dfc70587c367953ca2573	0b45535d	1216	0	328	d0f5700379702bb3880c7ba29928ff52001f36aba0a51d21265b00867c747cfc	c47eab3f	325	3	gba_lz77	328	328	0	streams/0901-LAYOUT_GOLDENROD_CITY_DEPARTMENT_STORE_7FNIGHT_HNS.lz	
902	LAYOUT_GOLDENROD_CITY_DEPARTMENT_STORE_BASEMENT_HNS	GoldenrodCity_DepartmentStoreBasement_hns_Layout	hns	30	24	1440	1710	3420	data/layouts/GoldenrodCity_DepartmentStoreBasement_hns/map.bin	data/layouts/GoldenrodCity_DepartmentStoreBasement_hns/map.bin	fa62e2a04c280f49b48ae59d3d77c384172c2896eac8941ea07af097c70df9a7	0f30c9ac	1440	0	360	80addfba66796262eb80eec3405e5d1d9ab7c9921f9c75f0ffa40671799aa6dd	52924d7d	358	2	gba_lz77	360	360	0	streams/0902-LAYOUT_GOLDENROD_CITY_DEPARTMENT_STORE_BASEMENT_HNS.lz	
903	LAYOUT_GOLDENROD_CITY_DEPARTMENT_STORE_ELEVATOR_HNS	GoldenrodCity_DepartmentStoreElevator_hns_Layout	hns	5	7	70	420	840	data/layouts/GoldenrodCity_DepartmentStoreElevator_hns/map.bin	data/layouts/GoldenrodCity_DepartmentStoreElevator_hns/map.bin	84557c1c0d7fec4344fd62a18b9c32fcdaab83cc8f63416012089328dc5344cd	acc3a1eb	70	0	64	8aaf63a2deae4f7758173f933c88de743b5b18675fe1bb9826bcbf27c118eb06	faecd9df	61	3	gba_lz77	64	64	0	streams/0903-LAYOUT_GOLDENROD_CITY_DEPARTMENT_STORE_ELEVATOR_HNS.lz	
904	LAYOUT_GOLDENROD_CITY_FLOWER_SHOP_HNS	GoldenrodCity_FlowerShop_hns_Layout	hns	13	11	286	700	1400	data/layouts/GoldenrodCity_FlowerShop_hns/map.bin	data/layouts/GoldenrodCity_FlowerShop_hns/map.bin	5befcc9285e18445ab1c67f5ec66e523ed83941df2cf7fe7aa1cf1f5596a8040	94310dc9	286	0	216	d8266407b597f0e6fe41f14760d807ffbc42c96758b049bd5bfb3e3a58467e60	01a2b790	213	3	gba_lz77	216	216	0	streams/0904-LAYOUT_GOLDENROD_CITY_FLOWER_SHOP_HNS.lz	
905	LAYOUT_GOLDENROD_CITY_GAME_CORNER_HNS	GoldenrodCity_GameCorner_hns_Layout	hns	23	15	690	1102	2204	data/layouts/GoldenrodCity_GameCorner_hns/map.bin	data/layouts/GoldenrodCity_GameCorner_hns/map.bin	75e7c8ffa8de6232c88ec019a8899a3a771f23e5e443d1d3ffa9730138bcfdb6	62032c7d	690	0	268	f47dbaaad19164d469f170368fb63966838408130ac04798658d7b98b437325c	5ce5a88b	267	1	gba_lz77	268	268	0	streams/0905-LAYOUT_GOLDENROD_CITY_GAME_CORNER_HNS.lz	
906	LAYOUT_GOLDENROD_CITY_GYM_HNS	GoldenrodCity_Gym_hns_Layout	hns	34	27	1836	2009	4018	data/layouts/GoldenrodCity_Gym_hns/map.bin	data/layouts/GoldenrodCity_Gym_hns/map.bin	1e7f4334f2191eeffd2f6b28cabce2172a42c415b243253f3203878544d6de76	16648a32	1836	0	392	37d271c002e9fcb7bcdf654479271df4c0e6210c911175ff7156fd51a86c2f02	8406c5de	389	3	gba_lz77	392	392	0	streams/0906-LAYOUT_GOLDENROD_CITY_GYM_HNS.lz	
907	LAYOUT_GOLDENROD_CITY_HOUSE1_HNS	GoldenrodCity_House1_hns_Layout	hns	13	10	260	672	1344	data/layouts/GoldenrodCity_House1_hns/map.bin	data/layouts/GoldenrodCity_House1_hns/map.bin	7942a6e7e4835a0915ef8bdbfb9f01d2588a71a3347e3f55fc649f7c3041e5b8	b9ace130	260	0	168	129cbf8429d772945fb10e868a433c0b5840d376af41e9975ae6275da4e4ecbd	f3621d5a	166	2	gba_lz77	168	168	0	streams/0907-LAYOUT_GOLDENROD_CITY_HOUSE1_HNS.lz	
908	LAYOUT_GOLDENROD_CITY_HOUSE2_HNS	GoldenrodCity_House2_hns_Layout	hns	13	10	260	672	1344	data/layouts/GoldenrodCity_House2_hns/map.bin	data/layouts/GoldenrodCity_House2_hns/map.bin	517191f70f60587e544d08097dc205e58ce11b5c389bba26e90818dcbeb096b4	38a485ce	260	0	160	c8d19359f29f3fbe97c18a917d3ebdd7cedc0acea695313c534141392ba5b613	9f70cd4d	159	1	gba_lz77	160	160	0	streams/0908-LAYOUT_GOLDENROD_CITY_HOUSE2_HNS.lz	
909	LAYOUT_GOLDENROD_CITY_HOUSE3_HNS	GoldenrodCity_House3_hns_Layout	hns	13	10	260	672	1344	data/layouts/GoldenrodCity_House3_hns/map.bin	data/layouts/GoldenrodCity_House3_hns/map.bin	5135420032c1608867993c52ba9dd92a06f94dab9910c20b374866a2a88f438b	6f1a32b7	260	0	168	d1c0faa3ed539cbe6b4ede6663fe98c777512517ccd2cdae8ca491d3aa558884	967f0135	165	3	gba_lz77	168	168	0	streams/0909-LAYOUT_GOLDENROD_CITY_HOUSE3_HNS.lz	
910	LAYOUT_GOLDENROD_CITY_POKEMON_CENTER_HNS	GoldenrodCity_PokemonCenter_hns_Layout	hns	19	11	418	850	1700	data/layouts/GoldenrodCity_PokemonCenter_hns/map.bin	data/layouts/GoldenrodCity_PokemonCenter_hns/map.bin	5263f201967ef51f21699a641a94027745e249db1555c01d6d8ad6f25c4af9bd	88b3dbb5	418	0	284	af46e9a73c29663692d161aa6b8bea5e3413f3bc7e2e3a6ac91517f160c4aa9e	87ec0792	282	2	gba_lz77	284	284	0	streams/0910-LAYOUT_GOLDENROD_CITY_POKEMON_CENTER_HNS.lz	
911	LAYOUT_GOLDENROD_CITY_RADIO_TOWER_1F_HNS	GoldenrodCity_RadioTower_1F_hns_Layout	hns	32	16	1024	1410	2820	data/layouts/GoldenrodCity_RadioTower_1F_hns/map.bin	data/layouts/GoldenrodCity_RadioTower_1F_hns/map.bin	99cedb05868835cba8d2c241f60c89b18e4193edb450298c041e92d5d3745a80	d8f6f552	1024	0	232	918d3068d9bf701cd04c4c7849ecdb9c8eb3586b4e3d89d22ea69a82b0326d3c	90de496f	230	2	gba_lz77	232	232	0	streams/0911-LAYOUT_GOLDENROD_CITY_RADIO_TOWER_1F_HNS.lz	
912	LAYOUT_GOLDENROD_CITY_RADIO_TOWER_2F_HNS	GoldenrodCity_RadioTower_2F_hns_Layout	hns	32	16	1024	1410	2820	data/layouts/GoldenrodCity_RadioTower_2F_hns/map.bin	data/layouts/GoldenrodCity_RadioTower_2F_hns/map.bin	5a1c72cd737b6e1d4aa07fa8b791653d34e9a25cd54f5c197c59725656d09c76	2ecd12a1	1024	0	308	f50416053c41160ed82ae341ebe93e11475e5f3bd9ae55407e1d8b56284b2c6e	955fc3d8	306	2	gba_lz77	308	308	0	streams/0912-LAYOUT_GOLDENROD_CITY_RADIO_TOWER_2F_HNS.lz	
913	LAYOUT_GOLDENROD_CITY_RADIO_TOWER_3F_HNS	GoldenrodCity_RadioTower_3F_hns_Layout	hns	32	16	1024	1410	2820	data/layouts/GoldenrodCity_RadioTower_3F_hns/map.bin	data/layouts/GoldenrodCity_RadioTower_3F_hns/map.bin	8e8f18c9b9bd77c23d3c72728a539cf126a308c6977830a25cf743a4f8d5cec7	1deed02b	1024	0	284	e0efee198c084ae7b8c3455314aeb48c3ae3163dde74651dcc1b321c3a94fb3f	7ee876fa	283	1	gba_lz77	284	284	0	streams/0913-LAYOUT_GOLDENROD_CITY_RADIO_TOWER_3F_HNS.lz	
914	LAYOUT_GOLDENROD_CITY_RADIO_TOWER_4F_HNS	GoldenrodCity_RadioTower_4F_hns_Layout	hns	32	16	1024	1410	2820	data/layouts/GoldenrodCity_RadioTower_4F_hns/map.bin	data/layouts/GoldenrodCity_RadioTower_4F_hns/map.bin	a04269a81fa5d83a30447234ade3fe03a1255c5db5d01525df95505b37fb089f	0ac6fcee	1024	0	300	71a631220af971fe7f73787db6e582e282a2f338a0286976d9387ab62fc7d3cc	03365539	299	1	gba_lz77	300	300	0	streams/0914-LAYOUT_GOLDENROD_CITY_RADIO_TOWER_4F_HNS.lz	
915	LAYOUT_GOLDENROD_CITY_RADIO_TOWER_5F_HNS	GoldenrodCity_RadioTower_5F_hns_Layout	hns	34	16	1088	1470	2940	data/layouts/GoldenrodCity_RadioTower_5F_hns/map.bin	data/layouts/GoldenrodCity_RadioTower_5F_hns/map.bin	9da59bec168148e241e5622f3b8857221a92d8e666094f16060efffdc48d06b9	cae83cf1	1088	0	348	169c768cc96c5407ce7b87d59a37a99a9734daed7c313c854872ca52c564dd7a	9dec0523	348	0	gba_lz77	348	348	0	streams/0915-LAYOUT_GOLDENROD_CITY_RADIO_TOWER_5F_HNS.lz	
916	LAYOUT_GOLDENROD_CITY_TRAIN_STATION_HNS	GoldenrodCity_TrainStation_hns_Layout	hns	154	28	8624	7098	14196	data/layouts/GoldenrodCity_TrainStation_hns/map.bin	data/layouts/GoldenrodCity_TrainStation_hns/map.bin	42512c5e0b11c551ce23d201be00150f86d90a489c28be298b28b3c50a480138	601ece12	8624	0	1240	4807f6282b8e26fb19cb0414d92f1036ab1919a1eaef481c8200de0adc2d8fd8	672108e7	1238	2	gba_lz77	1240	1240	0	streams/0916-LAYOUT_GOLDENROD_CITY_TRAIN_STATION_HNS.lz	
917	LAYOUT_GOLDENROD_CITY_UNDERGROUND_ENTRANCE_HNS	GoldenrodCity_UndergroundEntrance_hns_Layout	hns	28	10	560	1032	2064	data/layouts/GoldenrodCity_UndergroundEntrance_hns/map.bin	data/layouts/GoldenrodCity_UndergroundEntrance_hns/map.bin	6315efb6439cbbcf03fea056818c8a85db81f25f8cf2a114f79682cd7837924d	c67ec68e	560	0	172	be6621da513d6f04aaa339bfba300128646d9e5aa4549877e28e6e698d2a71cf	dc48e23a	172	0	gba_lz77	172	172	0	streams/0917-LAYOUT_GOLDENROD_CITY_UNDERGROUND_ENTRANCE_HNS.lz	
918	LAYOUT_GOLDENROD_CITY_UNDERGROUND_STORAGE_HNS	GoldenrodCity_UndergroundStorage_hns_Layout	hns	30	19	1140	1485	2970	data/layouts/GoldenrodCity_UndergroundStorage_hns/map.bin	data/layouts/GoldenrodCity_UndergroundStorage_hns/map.bin	ae8546466d6c4746b3480b17ac93416d0f0b859974722583879247d7dbe5550a	9d77d41b	1140	0	304	6c01cf216bf76c010239b2e7472b2c1bf99e1d7304d964b64dc71f90a41d0c09	026d62eb	302	2	gba_lz77	304	304	0	streams/0918-LAYOUT_GOLDENROD_CITY_UNDERGROUND_STORAGE_HNS.lz	
919	LAYOUT_GOLDENROD_CITY_UNDERGROUND_SWITCHES_HNS	GoldenrodCity_UndergroundSwitches_hns_Layout	hns	60	18	2160	2400	4800	data/layouts/GoldenrodCity_UndergroundSwitches_hns/map.bin	data/layouts/GoldenrodCity_UndergroundSwitches_hns/map.bin	e8b977eb0016d54cd5c0b58d447aa6cc93aaa38855df6e2a685bc423cf3b4681	6849d893	2160	0	404	15ebfdd16a93c7962a21d828a9196b0e5e1dd16d9eb8a2a102180e6674d6db87	6a03cf4c	403	1	gba_lz77	404	404	0	streams/0919-LAYOUT_GOLDENROD_CITY_UNDERGROUND_SWITCHES_HNS.lz	
920	LAYOUT_GOLDENROD_CITY_UNDERGROUND_TUNNEL_HNS	GoldenrodCity_UndergroundTunnel_hns_Layout	hns	16	36	1152	1550	3100	data/layouts/GoldenrodCity_UndergroundTunnel_hns/map.bin	data/layouts/GoldenrodCity_UndergroundTunnel_hns/map.bin	0e420e3b968fc2e8bed23f06f6d68e5cd2a153f94585ec481e9680b44fcf5e0a	aa575f9e	1152	0	332	c3c9e05fb14a675e6b2e0990d0d5375a05980111251fd49286e6886296c53b94	6bddf9d5	330	2	gba_lz77	332	332	0	streams/0920-LAYOUT_GOLDENROD_CITY_UNDERGROUND_TUNNEL_HNS.lz	
921	LAYOUT_ICE_PATH_1F_HNS	IcePath_1F_hns_Layout	hns	53	35	3710	3332	6664	data/layouts/IcePath_1F_hns/map.bin	data/layouts/IcePath_1F_hns/map.bin	b855205840765a3ed4edf843809f97abe4f997912ac9a04b35e1c02262e49b40	17e02856	3710	0	844	0bb0ef64e1cf3e3c8e86ba36a908b17e58d7fe7d08293e62e7992f47c188a0f1	8a885f85	843	1	gba_lz77	844	844	0	streams/0921-LAYOUT_ICE_PATH_1F_HNS.lz	
922	LAYOUT_ICE_PATH_B1F_HNS	IcePath_B1F_hns_Layout	hns	35	50	3500	3200	6400	data/layouts/IcePath_B1F_hns/map.bin	data/layouts/IcePath_B1F_hns/map.bin	65193a47eb8baa3451f5d2a72d1bcfc9be55054dc1f0a4741325ac4342980024	de5dcf50	3500	0	896	ab8949f59b02bd878812bc244ea826ab9c02e414e3e82244a0a3bd4e166530e8	058de578	893	3	gba_lz77	896	896	0	streams/0922-LAYOUT_ICE_PATH_B1F_HNS.lz	
923	LAYOUT_ICE_PATH_B2F_HNS	IcePath_B2F_hns_Layout	hns	34	28	1904	2058	4116	data/layouts/IcePath_B2F_hns/map.bin	data/layouts/IcePath_B2F_hns/map.bin	f9cb14d66e962556ecf77afe8ae4da2bb207d852d3d312f5f0464adec3d61bdb	3a7e4776	1904	0	392	9d5383d3c8557c9a1136d3ab915acb44a73978ff48699903ec7990ed044adfd8	74338bb0	391	1	gba_lz77	392	392	0	streams/0923-LAYOUT_ICE_PATH_B2F_HNS.lz	
924	LAYOUT_ICE_PATH_B3F_HNS	IcePath_B3F_hns_Layout	hns	26	28	1456	1722	3444	data/layouts/IcePath_B3F_hns/map.bin	data/layouts/IcePath_B3F_hns/map.bin	4bb0902aa710edd191cdd28566da0e25f567503c4354d69f1f20f1e0ec6d2b23	42500962	1456	0	432	7c8fb65ced1735a73c16ad047d782021dd252099c6696d3484f4e65c966dd586	a608a8a2	430	2	gba_lz77	432	432	0	streams/0924-LAYOUT_ICE_PATH_B3F_HNS.lz	
925	LAYOUT_ICE_PATH_B4F_HNS	IcePath_B4F_hns_Layout	hns	30	28	1680	1890	3780	data/layouts/IcePath_B4F_hns/map.bin	data/layouts/IcePath_B4F_hns/map.bin	cb7d1e63cec1547887671dc822be467584466856fb019988cd18f0705636158f	ebc6cfa9	1680	0	352	d1a7fa59f5c64213afa1dfbffcf4ee11ea629096e53df6ecb6f9ab06a0b2d3bb	e614663d	350	2	gba_lz77	352	352	0	streams/0925-LAYOUT_ICE_PATH_B4F_HNS.lz	
926	LAYOUT_ILEX_FOREST_HNS	IlexForest_hns_Layout	hns	82	73	11972	8439	16878	data/layouts/IlexForest_hns/map.bin	data/layouts/IlexForest_hns/map.bin	2f467fb1950930ffefcd233507a3c81977d6750a548d05d4a8739cd59b49b015	96a6ba3e	11972	0	2380	5445c10a4b8f2df4cd90209c152af69c9f93248a23bf61611183aa31fe91ac3c	dc7e3f7e	2378	2	gba_lz77	2380	2380	0	streams/0926-LAYOUT_ILEX_FOREST_HNS.lz	
927	LAYOUT_INDIGO_PLATEAU_HNS	IndigoPlateau_hns_Layout	hns	24	20	960	1326	2652	data/layouts/IndigoPlateau_hns/map.bin	data/layouts/IndigoPlateau_hns/map.bin	d2f5ca748215f56667c8cb447f8c51365fc73b113a7be2f1696b68898150dd6c	d00d8da2	960	0	428	a5180eda052be9566afddaba9b4bc1c4994a97407a8a657b921f4710297f996a	fc8cc5b9	428	0	gba_lz77	428	428	0	streams/0927-LAYOUT_INDIGO_PLATEAU_HNS.lz	
928	LAYOUT_INDIGO_PLATEAU_POKEMON_CENTER_HNS	IndigoPlateau_PokemonCenter_hns_Layout	hns	35	18	1260	1600	3200	data/layouts/IndigoPlateau_PokemonCenter_hns/map.bin	data/layouts/IndigoPlateau_PokemonCenter_hns/map.bin	6656f1ca0609beafdff2e2003bbf62a3f382c1ca773ddddc398492dcef6f654c	4b5d9a24	1260	0	400	59e5c899aeef10f6cca64ae12ed9947ce1629792b221af0e2cd719961c9f976e	fd892b76	397	3	gba_lz77	400	400	0	streams/0928-LAYOUT_INDIGO_PLATEAU_POKEMON_CENTER_HNS.lz	
929	LAYOUT_LAKE_OF_RAGE_HNS	LakeOfRage_hns_Layout	hns	64	47	6016	4819	9638	data/layouts/LakeOfRage_hns/map.bin	data/layouts/LakeOfRage_hns/map.bin	1c560d7c165c2f1f1ff04f51e0d207df45f0bcf6373027a57c39fb043fa17e0f	6017c14a	6016	0	1352	52fd038c3eb385d57edc3bf5e9bd7878baeb180b4f7bd3b5e0d66bb472197f75	6ff4fb8b	1352	0	gba_lz77	1352	1352	0	streams/0929-LAYOUT_LAKE_OF_RAGE_HNS.lz	
930	LAYOUT_LAKE_OF_RAGE_HOUSE1_HNS	LakeOfRage_House1_hns_Layout	hns	13	10	260	672	1344	data/layouts/LakeOfRage_House1_hns/map.bin	data/layouts/LakeOfRage_House1_hns/map.bin	3bbda87d7f05822ce73a2cf71cd9be6ddaff29b114bc46736b0312eb603a10db	550a14f6	260	0	168	94626934fb710a7a023749f3a5d356dbfd65844d1beb9523523d0a40d3abf23f	f9cb53e9	166	2	gba_lz77	168	168	0	streams/0930-LAYOUT_LAKE_OF_RAGE_HOUSE1_HNS.lz	
931	LAYOUT_LAKE_OF_RAGE_HOUSE2_HNS	LakeOfRage_House2_hns_Layout	hns	13	10	260	672	1344	data/layouts/LakeOfRage_House2_hns/map.bin	data/layouts/LakeOfRage_House2_hns/map.bin	517191f70f60587e544d08097dc205e58ce11b5c389bba26e90818dcbeb096b4	38a485ce	260	0	160	c8d19359f29f3fbe97c18a917d3ebdd7cedc0acea695313c534141392ba5b613	9f70cd4d	159	1	gba_lz77	160	160	0	streams/0931-LAYOUT_LAKE_OF_RAGE_HOUSE2_HNS.lz	
932	LAYOUT_LAKE_OF_RAGE_LOW_TIDE_HNS	LakeOfRageLowTide_hns_Layout	hns	64	47	6016	4819	9638	data/layouts/LakeOfRageLowTide_hns/map.bin	data/layouts/LakeOfRageLowTide_hns/map.bin	0d1f60a1fc4ceb7b89f8d55eb06360541ed82f70d908c122cc3b28649f158df9	e16c5315	6016	0	1512	2e298a4217e76dc3296fce0e14b4534d63056f85cec91a81d596fb98a3ab856d	7e6a8615	1509	3	gba_lz77	1512	1512	0	streams/0932-LAYOUT_LAKE_OF_RAGE_LOW_TIDE_HNS.lz	
933	LAYOUT_LAVENDER_TOWN_HOUSE1_HNS	LavenderTown_House1_hns_Layout	hns	12	9	216	621	1242	data/layouts/LavenderTown_House1_hns/map.bin	data/layouts/LavenderTown_House1_hns/map.bin	61137c10387cd6a6c82f23de1e8436bb58c4ff510f3180efe0994456b9be8c7d	1714b311	216	0	160	c2cb5d3e6984d743e7f84ebcbee4aae30d3bd0c8391051f269ff5faab5415cde	7a2d04b6	159	1	gba_lz77	160	160	0	streams/0933-LAYOUT_LAVENDER_TOWN_HOUSE1_HNS.lz	
934	LAYOUT_LAVENDER_TOWN_HOUSE2_HNS	LavenderTown_House2_hns_Layout	hns	13	10	260	672	1344	data/layouts/LavenderTown_House2_hns/map.bin	data/layouts/LavenderTown_House2_hns/map.bin	517191f70f60587e544d08097dc205e58ce11b5c389bba26e90818dcbeb096b4	38a485ce	260	0	160	c8d19359f29f3fbe97c18a917d3ebdd7cedc0acea695313c534141392ba5b613	9f70cd4d	159	1	gba_lz77	160	160	0	streams/0934-LAYOUT_LAVENDER_TOWN_HOUSE2_HNS.lz	
935	LAYOUT_LAVENDER_TOWN_HOUSE3_HNS	LavenderTown_House3_hns_Layout	hns	13	10	260	672	1344	data/layouts/LavenderTown_House3_hns/map.bin	data/layouts/LavenderTown_House3_hns/map.bin	5135420032c1608867993c52ba9dd92a06f94dab9910c20b374866a2a88f438b	6f1a32b7	260	0	168	d1c0faa3ed539cbe6b4ede6663fe98c777512517ccd2cdae8ca491d3aa558884	967f0135	165	3	gba_lz77	168	168	0	streams/0935-LAYOUT_LAVENDER_TOWN_HOUSE3_HNS.lz	
936	LAYOUT_LAVENDER_TOWN_MART_HNS	LavenderTown_Mart_hns_Layout	hns	11	9	198	598	1196	data/layouts/LavenderTown_Mart_hns/map.bin	data/layouts/LavenderTown_Mart_hns/map.bin	87e68f94083db170de581a81f57bbca41a81a6e8bfa0bf8bf736724259c161a6	2e2006f4	198	0	176	2dd227c901ecc819628e22734e963210bcec525c27732c7e2dfb5c7a50f3c5a6	b4feec03	176	0	gba_lz77	176	176	0	streams/0936-LAYOUT_LAVENDER_TOWN_MART_HNS.lz	
937	LAYOUT_LAVENDER_TOWN_POKEMON_CENTER_HNS	LavenderTown_PokemonCenter_hns_Layout	hns	15	10	300	720	1440	data/layouts/LavenderTown_PokemonCenter_hns/map.bin	data/layouts/LavenderTown_PokemonCenter_hns/map.bin	7af8642393f6c04ac3de5061cbf438362af08b2e9d6daff52d86c78742a6ce8b	1ead7d5a	300	0	220	6c7c897fa28399ff4d55c354c7501b9bdd3dd7c6954358f15fbfefc71beb03c6	295a7d02	220	0	gba_lz77	220	220	0	streams/0937-LAYOUT_LAVENDER_TOWN_POKEMON_CENTER_HNS.lz	
938	LAYOUT_LAVENDER_TOWN_RADIO_STATION_HNS	LavenderTown_RadioStation_hns_Layout	hns	21	11	462	900	1800	data/layouts/LavenderTown_RadioStation_hns/map.bin	data/layouts/LavenderTown_RadioStation_hns/map.bin	4ba33eb4526ddd18283476607d509b2c1c52b911adffb589f1939df475e30f5a	b4f50d88	462	0	292	1df6556409343dc4651705823af078cb6e1b7b73ec646170dcc290924a7575f7	fae631d4	289	3	gba_lz77	292	292	0	streams/0938-LAYOUT_LAVENDER_TOWN_RADIO_STATION_HNS.lz	
939	LAYOUT_LAVENDER_TOWN_SOUL_HOUSE_HNS	LavenderTown_SoulHouse_hns_Layout	hns	24	20	960	1326	2652	data/layouts/LavenderTown_SoulHouse_hns/map.bin	data/layouts/LavenderTown_SoulHouse_hns/map.bin	7c7f95c23620269f8ed1c2c1086e54dc6cb0657237e584787c6c8600ef84dcfe	61afdcd7	960	0	200	5e7a325c895cbd5776e3e765b70f13c8166ae6e706c627d884f81a650b886346	954eefe2	199	1	gba_lz77	200	200	0	streams/0939-LAYOUT_LAVENDER_TOWN_SOUL_HOUSE_HNS.lz	
940	LAYOUT_MAHOGANYTOWN_HNS	Mahoganytown_hns_Layout	hns	44	28	2464	2478	4956	data/layouts/Mahoganytown_hns/map.bin	data/layouts/Mahoganytown_hns/map.bin	8851520b6bac5570066ec715e85c486412b8ae19d3f8d1669784136084827cb3	c85c5331	2464	0	928	56f2f08323b64064027f6cbf54bb5f34b0de7d3e47a480039251e93b4f330715	2b54cd92	926	2	gba_lz77	928	928	0	streams/0940-LAYOUT_MAHOGANYTOWN_HNS.lz	
941	LAYOUT_MAHOGANY_TOWN_GYM_HNS	MahoganyTown_Gym_hns_Layout	hns	25	30	1500	1760	3520	data/layouts/MahoganyTown_Gym_hns/map.bin	data/layouts/MahoganyTown_Gym_hns/map.bin	fb6f2f939b339b583eb5b446420270f897b95e0292801c9218b77f22c3525b50	9743549f	1500	0	360	a29dfcecd18912c59fc0698e49302958cd77a73e0a96abbaa35f857a87df9d51	21d06425	360	0	gba_lz77	360	360	0	streams/0941-LAYOUT_MAHOGANY_TOWN_GYM_HNS.lz	
942	LAYOUT_MAHOGANY_TOWN_HOUSE1_HNS	MahoganyTown_House1_hns_Layout	hns	13	10	260	672	1344	data/layouts/MahoganyTown_House1_hns/map.bin	data/layouts/MahoganyTown_House1_hns/map.bin	5135420032c1608867993c52ba9dd92a06f94dab9910c20b374866a2a88f438b	6f1a32b7	260	0	168	d1c0faa3ed539cbe6b4ede6663fe98c777512517ccd2cdae8ca491d3aa558884	967f0135	165	3	gba_lz77	168	168	0	streams/0942-LAYOUT_MAHOGANY_TOWN_HOUSE1_HNS.lz	
943	LAYOUT_MAHOGANY_TOWN_POKEMON_CENTER_HNS	MahoganyTown_PokemonCenter_hns_Layout	hns	16	10	320	744	1488	data/layouts/MahoganyTown_PokemonCenter_hns/map.bin	data/layouts/MahoganyTown_PokemonCenter_hns/map.bin	6128681ae811f6f6fb46b81baf0444c45735130d9330858aa391979223a515b3	721f5074	320	0	232	1242c726113c8c3e2bb5fd987a82f9f8a36e957d2da8e88d485b456d92472637	2f887aea	230	2	gba_lz77	232	232	0	streams/0943-LAYOUT_MAHOGANY_TOWN_POKEMON_CENTER_HNS.lz	
944	LAYOUT_MAHOGANY_TOWN_SHOP_HNS	MahoganyTown_Shop_hns_Layout	hns	10	12	240	650	1300	data/layouts/MahoganyTown_Shop_hns/map.bin	data/layouts/MahoganyTown_Shop_hns/map.bin	112c9075f0216c5107c48bce5d9ad48e56be3ad9aa17d904528a43a3b184aeae	733d351c	240	0	148	f21430efd6b57cacfa282758a2a25b67ddbaf66ba5e47d85f22b8fe27847f605	207c9531	146	2	gba_lz77	148	148	0	streams/0944-LAYOUT_MAHOGANY_TOWN_SHOP_HNS.lz	
945	LAYOUT_MT_MOON_CAVE_HNS	MtMoon_Cave_hns_Layout	hns	50	40	4000	3510	7020	data/layouts/MtMoon_Cave_hns/map.bin	data/layouts/MtMoon_Cave_hns/map.bin	88c99af277ec9a1c18c8a4e8a1f7287f0c2347001f8ca34ce96a6e49cd7bfa9e	84c724f8	4000	0	1016	4cdd54f9d90542ae5fbf0355c8968e9a78552d75bd7b9fb0949d20d4619aabe5	7c16654d	1014	2	gba_lz77	1016	1016	0	streams/0945-LAYOUT_MT_MOON_CAVE_HNS.lz	
946	LAYOUT_MT_MOON_OUTSIDE_HNS	MtMoon_Outside_hns_Layout	hns	49	29	2842	2752	5504	data/layouts/MtMoon_Outside_hns/map.bin	data/layouts/MtMoon_Outside_hns/map.bin	d4925f90810ca2b6e4b8cd28587c10faf9142a75d1eeee64add192ab356a9158	e3d943f4	2842	0	724	251513dcabceda0cf26165f43982bfebeae76c7d540d4037e25c4ca885adb844	0225bbcc	723	1	gba_lz77	724	724	0	streams/0946-LAYOUT_MT_MOON_OUTSIDE_HNS.lz	
947	LAYOUT_MT_MOON_SHOP_HNS	MtMoon_Shop_hns_Layout	hns	10	13	260	675	1350	data/layouts/MtMoon_Shop_hns/map.bin	data/layouts/MtMoon_Shop_hns/map.bin	06919affe18ed0d4a96c90aa2e4f41459292a0edff40bbecefe0e8a2c0e6b8b4	a03fd8d9	260	0	156	da394708fad82e3fa3c785d6c61227cd2e9a96b3cff90c63457c1683f16480c7	4c1e0af4	154	2	gba_lz77	156	156	0	streams/0947-LAYOUT_MT_MOON_SHOP_HNS.lz	
948	LAYOUT_MT_MORTAR_1F_NORTH_HNS	MtMortar_1F_North_hns_Layout	hns	74	66	9768	7120	14240	data/layouts/MtMortar_1F_North_hns/map.bin	data/layouts/MtMortar_1F_North_hns/map.bin	a79b3980fc80e138f6e6f4ce4f02a62de576b9a6e0e905d26261b8a372cef59b	ed72f9f0	9768	0	2412	c1673618a9be6a9a58ff0dca606544d94a53dd55c41f71771db67a41f4a87650	14674d15	2410	2	gba_lz77	2412	2412	0	streams/0948-LAYOUT_MT_MORTAR_1F_NORTH_HNS.lz	
949	LAYOUT_MT_MORTAR_1F_SOUTH_HNS	MtMortar_1F_South_hns_Layout	hns	88	50	8800	6592	13184	data/layouts/MtMortar_1F_South_hns/map.bin	data/layouts/MtMortar_1F_South_hns/map.bin	ba3a49c08861fc6e77edb32ed96b3defb7d790d3a971b3c3f4b390734f2f3019	c2aa8d7b	8800	0	1632	f22452810e4d3a64385f9e3aff51a955fd0cf54daf9da34e5baa5dfcb653bac3	dd855cb6	1632	0	gba_lz77	1632	1632	0	streams/0949-LAYOUT_MT_MORTAR_1F_SOUTH_HNS.lz	
950	LAYOUT_MT_MORTAR_2F_HNS	MtMortar_2F_hns_Layout	hns	56	40	4480	3834	7668	data/layouts/MtMortar_2F_hns/map.bin	data/layouts/MtMortar_2F_hns/map.bin	58119e549c76300327241165443d94cbf7c7bdcd409e92e3132620f1572a97ca	05a9f774	4480	0	1136	0b1633bde4b87a3a0bbe48efbdad327da3614aa2a96c3b68232490344d5e49ca	a2d0a425	1135	1	gba_lz77	1136	1136	0	streams/0950-LAYOUT_MT_MORTAR_2F_HNS.lz	
951	LAYOUT_MT_MORTAR_B1F_HNS	MtMortar_B1F_hns_Layout	hns	58	58	6728	5256	10512	data/layouts/MtMortar_B1F_hns/map.bin	data/layouts/MtMortar_B1F_hns/map.bin	85b27d367b60d1e19b95b0e7b41a96fa324463ad13b270339b66bd68aea23115	c297e4d7	6728	0	1352	e08a07e61ac6bd57cad058405f43efad918a0e1e38fe063db137a317a695f92a	ea9d7545	1349	3	gba_lz77	1352	1352	0	streams/0951-LAYOUT_MT_MORTAR_B1F_HNS.lz	
952	LAYOUT_MT_SILVER_1F_ITEM_ROOM_HNS	MtSilver_1F_ItemRoom_hns_Layout	hns	20	20	800	1190	2380	data/layouts/MtSilver_1F_ItemRoom_hns/map.bin	data/layouts/MtSilver_1F_ItemRoom_hns/map.bin	f71757da6239283fe1a49019a87531fceb1e6f1fd2dc9ebd98a6e71c30fd3d86	e08c0b2b	800	0	220	d810bbdeade0592da75502cfd15670d8c912a374dc0da0dd6d0ba1d957532af9	d848bb0a	217	3	gba_lz77	220	220	0	streams/0952-LAYOUT_MT_SILVER_1F_ITEM_ROOM_HNS.lz	
953	LAYOUT_MT_SILVER_1F_MOLTRES_ROOM_HNS	MtSilver_1F_MoltresRoom_hns_Layout	hns	35	35	2450	2450	4900	data/layouts/MtSilver_1F_MoltresRoom_hns/map.bin	data/layouts/MtSilver_1F_MoltresRoom_hns/map.bin	5ba7067cbe960931dbb34a8ab0a0ca506dd755c5d6279c1497e73d5ecdfcc7d6	c3acad3a	2450	0	440	49f808812c57c5bf5e14c860ac468cc5680e7ea0889542388cdf9354348868b6	f3eaba69	437	3	gba_lz77	440	440	0	streams/0953-LAYOUT_MT_SILVER_1F_MOLTRES_ROOM_HNS.lz	
954	LAYOUT_MT_SILVER_1F_WATERFALL_ROOM_HNS	MtSilver_1F_WaterfallRoom_hns_Layout	hns	60	50	6000	4800	9600	data/layouts/MtSilver_1F_WaterfallRoom_hns/map.bin	data/layouts/MtSilver_1F_WaterfallRoom_hns/map.bin	39b71fc36db4c62f45a0f8bba4ebca75a1351286cefa430102a115888f08cfe3	0a5b993b	6000	0	1336	0a93b74db313d904c1f2e07d2443c9c63ce02d604f231c5bb0301929f3ea8250	a5c8b744	1334	2	gba_lz77	1336	1336	0	streams/0954-LAYOUT_MT_SILVER_1F_WATERFALL_ROOM_HNS.lz	
955	LAYOUT_MT_SILVER_2F_HNS	MtSilver_2F_hns_Layout	hns	51	51	5202	4290	8580	data/layouts/MtSilver_2F_hns/map.bin	data/layouts/MtSilver_2F_hns/map.bin	66a80721edb7882fb8abfe1588db695a3bd0e0fafffa9e3e4b2f89a983b819d1	90c80a55	5202	0	1036	13edf47bfc1e09e41f43a6f1421e78890a72b1a95979f689b3d2f3ffe75c5991	b8ba9ec1	1036	0	gba_lz77	1036	1036	0	streams/0955-LAYOUT_MT_SILVER_2F_HNS.lz	
956	LAYOUT_MT_SILVER_3F_HNS	MtSilver_3F_hns_Layout	hns	55	25	2750	2730	5460	data/layouts/MtSilver_3F_hns/map.bin	data/layouts/MtSilver_3F_hns/map.bin	6069344e6819ca892e9d8e489619beaa7cdb2d9c8fda781e213da2d220b034f7	23261cb3	2750	0	440	260cf42f4cfb7157116d9109eafe2ce46394e3e6d6977309a32d8264a5850e84	ee7f18d4	440	0	gba_lz77	440	440	0	streams/0956-LAYOUT_MT_SILVER_3F_HNS.lz	
957	LAYOUT_MT_SILVER_MOUNTAIN_SIDE_HNS	MtSilver_MountainSide_hns_Layout	hns	55	61	6710	5250	10500	data/layouts/MtSilver_MountainSide_hns/map.bin	data/layouts/MtSilver_MountainSide_hns/map.bin	716d5238dc3a57d60a3cb43541ebb1961205a35629c63d123a5c980f40a772e0	db94eb39	6710	0	1332	095def96505452ed6eb34cb325c307d4e2d9ca880b7c61ca35385ef5202960c0	73480218	1332	0	gba_lz77	1332	1332	0	streams/0957-LAYOUT_MT_SILVER_MOUNTAIN_SIDE_HNS.lz	
958	LAYOUT_MT_SILVER_OUTSIDE_HNS	MtSilver_Outside_hns_Layout	hns	44	36	3168	2950	5900	data/layouts/MtSilver_Outside_hns/map.bin	data/layouts/MtSilver_Outside_hns/map.bin	86335dcd6d306eff7d09b905dcaef1fd3daabed9d1fecb7215ac76afc9a0a276	e354f49d	3168	0	964	2fc65b6f3ca809a1e19c4a428cb08a9f054b9cd8f88fcc9e778bc5cf8e15b352	cb6212f6	963	1	gba_lz77	964	964	0	streams/0958-LAYOUT_MT_SILVER_OUTSIDE_HNS.lz	
959	LAYOUT_MT_SILVER_POKEMON_CENTER_HNS	MtSilver_PokemonCenter_hns_Layout	hns	16	10	320	744	1488	data/layouts/MtSilver_PokemonCenter_hns/map.bin	data/layouts/MtSilver_PokemonCenter_hns/map.bin	2c08aecbe6655cd527ae4d701f7132816c730089c7335de9337a0294ee0477e1	4d0f329d	320	0	236	834141f3add4809d02c995476de86fbafca1c2a14bcee830c52ef81181d26210	0d8633b9	235	1	gba_lz77	236	236	0	streams/0959-LAYOUT_MT_SILVER_POKEMON_CENTER_HNS.lz	
960	LAYOUT_MT_SILVER_SNOW_HNS	MtSilver_Snow_hns_Layout	hns	55	64	7040	5460	10920	data/layouts/MtSilver_Snow_hns/map.bin	data/layouts/MtSilver_Snow_hns/map.bin	84ea656416f5b5915bcdc423f2fb657dc52fa5f34abbfb9c9356a3c9f3eed395	1272933e	7040	0	1268	69815830325b68cad818178a03c453b0cf8c3893bd88868472718bf0178027f2	e49f880c	1268	0	gba_lz77	1268	1268	0	streams/0960-LAYOUT_MT_SILVER_SNOW_HNS.lz	
961	LAYOUT_MT_SILVER_SUMMIT_DAY_HNS	MtSilver_SummitDay_hns_Layout	hns	21	27	1134	1476	2952	data/layouts/MtSilver_SummitDay_hns/map.bin	data/layouts/MtSilver_SummitDay_hns/map.bin	91b6feedb90d1427e92e4a08d72f900b06ca2ecb03d9865762f70d6229406459	2c5e8d74	1134	0	232	c46550a2fa70fa88bd9ca4596fac125b4c9936fd7aec9177056df1f6a3464491	cb354f9b	231	1	gba_lz77	232	232	0	streams/0961-LAYOUT_MT_SILVER_SUMMIT_DAY_HNS.lz	
962	LAYOUT_MT_SILVER_SUMMIT_NIGHT_HNS	MtSilver_SummitNight_hns_Layout	hns	21	27	1134	1476	2952	data/layouts/MtSilver_SummitNight_hns/map.bin	data/layouts/MtSilver_SummitNight_hns/map.bin	db63dc8211f2879490b027f1b8b7de3a400fc980bf4b8fce3944831d19550541	8d6253c5	1134	0	232	8267706c5b837fc80a13ab8fa542ebc119ba20a5bd2ce86fc9af05140397196e	60d7b061	231	1	gba_lz77	232	232	0	streams/0962-LAYOUT_MT_SILVER_SUMMIT_NIGHT_HNS.lz	
963	LAYOUT_NATIONAL_PARK_BUG_CONTEST_HNS	NationalPark_BugContest_hns_Layout	hns	48	56	5376	4410	8820	data/layouts/NationalPark_BugContest_hns/map.bin	data/layouts/NationalPark_BugContest_hns/map.bin	195c6d37db157457e90e44fd6d92438ed8a8e8397d204f68d451e47842f28cb3	a45c7a81	5376	0	1384	deed2b6640e86d30a3132dae9990ce8dc6ca771f9373fb535ea4b1930de85611	bb7ec981	1382	2	gba_lz77	1384	1384	0	streams/0963-LAYOUT_NATIONAL_PARK_BUG_CONTEST_HNS.lz	
964	LAYOUT_NATIONAL_PARK_NORMAL_HNS	NationalPark_hns_Layout	hns	48	56	5376	4410	8820	data/layouts/NationalPark_Normal_hns/map.bin	data/layouts/NationalPark_Normal_hns/map.bin	3a3c35b8ef7fd23edd7f9bbe36d0278f7267cad7707124e9aaa49a195d27dbe6	e8adbf5d	5376	0	1388	d0ba8ad513e0fbc8aee63d90a1556ecc46913cbb41cee415ce56af5da6b38be4	0ac25902	1388	0	gba_lz77	1388	1388	0	streams/0964-LAYOUT_NATIONAL_PARK_NORMAL_HNS.lz	
965	LAYOUT_NEW_BARK_TOWN_HNS	NewBarkTown_hns_Layout	hns	30	39	2340	2385	4770	data/layouts/NewBarkTown_hns/map.bin	data/layouts/NewBarkTown_hns/map.bin	1a469af531ea1acca360b1e0c76faa95651585cbe08bb1e61ce6de3a109ca04d	55008660	2340	0	772	96feff6473d3599521e509d80582edfa625abda5853124f926d8dd78739a2e1d	a667fee1	769	3	gba_lz77	772	772	0	streams/0965-LAYOUT_NEW_BARK_TOWN_HNS.lz	
966	LAYOUT_NEW_BARK_TOWN_HOUSE1_HNS	NewBarkTown_House1_hns_Layout	hns	13	10	260	672	1344	data/layouts/NewBarkTown_House1_hns/map.bin	data/layouts/NewBarkTown_House1_hns/map.bin	38c466520804f5923f0a6c45ed0605f540f4959b527ee7f84e70fd8cc87654b7	8b013e23	260	0	156	d249a0cd77fdd8f14509cdbb55bb29b310426072000bbdc91bcd86ac1653e798	a50fa042	156	0	gba_lz77	156	156	0	streams/0966-LAYOUT_NEW_BARK_TOWN_HOUSE1_HNS.lz	
967	LAYOUT_NEW_BARK_TOWN_HOUSE2_HNS	NewBarkTown_House2_hns_Layout	hns	13	10	260	672	1344	data/layouts/NewBarkTown_House2_hns/map.bin	data/layouts/NewBarkTown_House2_hns/map.bin	5135420032c1608867993c52ba9dd92a06f94dab9910c20b374866a2a88f438b	6f1a32b7	260	0	168	d1c0faa3ed539cbe6b4ede6663fe98c777512517ccd2cdae8ca491d3aa558884	967f0135	165	3	gba_lz77	168	168	0	streams/0967-LAYOUT_NEW_BARK_TOWN_HOUSE2_HNS.lz	
968	LAYOUT_NEW_BARK_TOWN_LAB_HNS	NewBarkTown_Lab_hns_Layout	hns	40	14	1120	1540	3080	data/layouts/NewBarkTown_Lab_hns/map.bin	data/layouts/NewBarkTown_Lab_hns/map.bin	5523afed8c4bf5c7f477573aec08d826d5ee633ca8cd968564c56c713023077f	ba778cde	1120	0	320	adad998f776ed2da2badd1cc8be54f3eb8384d294904e4debf39d29b4129b437	a282b55f	317	3	gba_lz77	320	320	0	streams/0968-LAYOUT_NEW_BARK_TOWN_LAB_HNS.lz	
969	LAYOUT_NEW_BARK_TOWN_PLAYERS_HOUSE_1F_HNS	NewBarkTown_PlayersHouse_1F_hns_Layout	hns	17	10	340	768	1536	data/layouts/NewBarkTown_PlayersHouse_1F_hns/map.bin	data/layouts/NewBarkTown_PlayersHouse_1F_hns/map.bin	3f150297df6f2a2e49a4aab4526db0f52e33d103d924181e77baff086e594bfd	b0da4e18	340	0	180	9446eafb15acb4413b12aa96e5e184f63c4c45cf414e9b512008eb64f2ce9ee3	599c8d5c	177	3	gba_lz77	180	180	0	streams/0969-LAYOUT_NEW_BARK_TOWN_PLAYERS_HOUSE_1F_HNS.lz	
970	LAYOUT_NEW_BARK_TOWN_PLAYERS_HOUSE_2F_HNS	NewBarkTown_PlayersHouse_2F_hns_Layout	hns	11	9	198	598	1196	data/layouts/NewBarkTown_PlayersHouse_2F_hns/map.bin	data/layouts/NewBarkTown_PlayersHouse_2F_hns/map.bin	9b336c7271f9808f0b5baefeb835c967d88caaac328e26bf8d9592e157908392	48a865b1	198	0	168	721c3d190702e69099448d4f7498d52bae26d2a9874e58673f3bf9b3bdf3f9b8	9fe3a316	165	3	gba_lz77	168	168	0	streams/0970-LAYOUT_NEW_BARK_TOWN_PLAYERS_HOUSE_2F_HNS.lz	
971	LAYOUT_OLIVINE_CITY_HNS	OlivineCity_hns_Layout	hns	60	72	8640	6450	12900	data/layouts/OlivineCity_hns/map.bin	data/layouts/OlivineCity_hns/map.bin	672cbdc8c4c7007784bcac303b7d206ab093103ba5213b5708fac2659a72a9e3	3bffe9d3	8640	0	2564	79548b6f09b06f55570f39201cef49227f0639dd7c30b01099aeaee4683592fd	ed28105b	2562	2	gba_lz77	2564	2564	0	streams/0971-LAYOUT_OLIVINE_CITY_HNS.lz	
972	LAYOUT_OLIVINE_CITY_CAFE_HNS	OlivineCity_Cafe_hns_Layout	hns	8	10	160	552	1104	data/layouts/OlivineCity_Cafe_hns/map.bin	data/layouts/OlivineCity_Cafe_hns/map.bin	b0e8a2e8125761409a6ac7820b616ca503ecae260df5b48d13d61e443e7f2563	4d8d1cae	160	0	112	e65084b9f6c81f72195b2ffd7a92d6c53d27b34dcb5d05af17fc69303b5d0149	a4873256	110	2	gba_lz77	112	112	0	streams/0972-LAYOUT_OLIVINE_CITY_CAFE_HNS.lz	
973	LAYOUT_OLIVINE_CITY_GYM_HNS	OlivineCity_Gym_hns_Layout	hns	17	22	748	1152	2304	data/layouts/OlivineCity_Gym_hns/map.bin	data/layouts/OlivineCity_Gym_hns/map.bin	9c71fda507510759cc241bd7940829bb2d2c46d3eb99f50282a1b848df037c1c	97219f6e	748	0	232	2424f352f8b59c13cef99229a3ca87adc9cf66255e589aa8f7fccb40a696d060	463c44e2	231	1	gba_lz77	232	232	0	streams/0973-LAYOUT_OLIVINE_CITY_GYM_HNS.lz	
974	LAYOUT_OLIVINE_CITY_HOUSE1_HNS	OlivineCity_House1_hns_Layout	hns	13	10	260	672	1344	data/layouts/OlivineCity_House1_hns/map.bin	data/layouts/OlivineCity_House1_hns/map.bin	5135420032c1608867993c52ba9dd92a06f94dab9910c20b374866a2a88f438b	6f1a32b7	260	0	168	d1c0faa3ed539cbe6b4ede6663fe98c777512517ccd2cdae8ca491d3aa558884	967f0135	165	3	gba_lz77	168	168	0	streams/0974-LAYOUT_OLIVINE_CITY_HOUSE1_HNS.lz	
975	LAYOUT_OLIVINE_CITY_HOUSE2_HNS	OlivineCity_House2_hns_Layout	hns	13	10	260	672	1344	data/layouts/OlivineCity_House2_hns/map.bin	data/layouts/OlivineCity_House2_hns/map.bin	517191f70f60587e544d08097dc205e58ce11b5c389bba26e90818dcbeb096b4	38a485ce	260	0	160	c8d19359f29f3fbe97c18a917d3ebdd7cedc0acea695313c534141392ba5b613	9f70cd4d	159	1	gba_lz77	160	160	0	streams/0975-LAYOUT_OLIVINE_CITY_HOUSE2_HNS.lz	
976	LAYOUT_OLIVINE_CITY_HOUSE3_HNS	OlivineCity_House3_hns_Layout	hns	13	10	260	672	1344	data/layouts/OlivineCity_House3_hns/map.bin	data/layouts/OlivineCity_House3_hns/map.bin	5135420032c1608867993c52ba9dd92a06f94dab9910c20b374866a2a88f438b	6f1a32b7	260	0	168	d1c0faa3ed539cbe6b4ede6663fe98c777512517ccd2cdae8ca491d3aa558884	967f0135	165	3	gba_lz77	168	168	0	streams/0976-LAYOUT_OLIVINE_CITY_HOUSE3_HNS.lz	
977	LAYOUT_OLIVINE_CITY_LIGHTHOUSE_HNS	OlivineCity_Lighthouse_hns_Layout	hns	170	20	6800	6290	12580	data/layouts/OlivineCity_Lighthouse_hns/map.bin	data/layouts/OlivineCity_Lighthouse_hns/map.bin	86225e86fdf3d58c135b3028b9510eea51979ad5572b12e628c0ff3354a5df00	aebfc0e7	6800	0	1488	7f0afef0208b3270335d3ea83b9652c23df75fcfc031545ce2d412471c14dc45	07e077f9	1486	2	gba_lz77	1488	1488	0	streams/0977-LAYOUT_OLIVINE_CITY_LIGHTHOUSE_HNS.lz	
978	LAYOUT_OLIVINE_CITY_MART_HNS	OlivineCity_Mart_hns_Layout	hns	14	9	252	667	1334	data/layouts/OlivineCity_Mart_hns/map.bin	data/layouts/OlivineCity_Mart_hns/map.bin	2d629767f7c231ba5ff63a258c4bd7771017c786573a3a5cdfb130b963cd52c4	cef1674f	252	0	160	7b95eb833b85dd1fda666c877c1fa146e8b26b325912e90b0074165d839c1d2c	d0440378	157	3	gba_lz77	160	160	0	streams/0978-LAYOUT_OLIVINE_CITY_MART_HNS.lz	
979	LAYOUT_OLIVINE_CITY_POKEMON_CENTER_HNS	OlivineCity_PokemonCenter_hns_Layout	hns	16	10	320	744	1488	data/layouts/OlivineCity_PokemonCenter_hns/map.bin	data/layouts/OlivineCity_PokemonCenter_hns/map.bin	6128681ae811f6f6fb46b81baf0444c45735130d9330858aa391979223a515b3	721f5074	320	0	232	1242c726113c8c3e2bb5fd987a82f9f8a36e957d2da8e88d485b456d92472637	2f887aea	230	2	gba_lz77	232	232	0	streams/0979-LAYOUT_OLIVINE_CITY_POKEMON_CENTER_HNS.lz	
980	LAYOUT_OLIVINE_CITY_PORT_INSIDE_HNS	OlivineCity_PortInside_hns_Layout	hns	18	28	1008	1386	2772	data/layouts/OlivineCity_PortInside_hns/map.bin	data/layouts/OlivineCity_PortInside_hns/map.bin	09ee166288db79b19ae5fbb8b705387027758ea1290ae3f2b00a494b7b4dd226	afef5915	1008	0	236	86ea5a2f95771e61771a88d4f1b0cfd8ba6e106055e897a9faa6ee77ea74573d	89b92c44	234	2	gba_lz77	236	236	0	streams/0980-LAYOUT_OLIVINE_CITY_PORT_INSIDE_HNS.lz	
981	LAYOUT_OLIVINE_CITY_PORT_OUTSIDE_HNS	OlivineCity_PortOutside_hns_Layout	hns	32	23	1472	1739	3478	data/layouts/OlivineCity_PortOutside_hns/map.bin	data/layouts/OlivineCity_PortOutside_hns/map.bin	192424534e070381cb70554fbd927e134c869a32095319c27fd520b115178121	f91b020d	1472	0	372	86954ff8ede9168fdca8ad943f456fe3eb4452e7e7fac2b07185635c2bcdd3a7	ea29898d	370	2	gba_lz77	372	372	0	streams/0981-LAYOUT_OLIVINE_CITY_PORT_OUTSIDE_HNS.lz	
982	LAYOUT_PALLET_TOWN_HOUSE2_HNS	PalletTown_House2_hns_Layout	hns	13	10	260	672	1344	data/layouts/PalletTown_House2_hns/map.bin	data/layouts/PalletTown_House2_hns/map.bin	517191f70f60587e544d08097dc205e58ce11b5c389bba26e90818dcbeb096b4	38a485ce	260	0	160	c8d19359f29f3fbe97c18a917d3ebdd7cedc0acea695313c534141392ba5b613	9f70cd4d	159	1	gba_lz77	160	160	0	streams/0982-LAYOUT_PALLET_TOWN_HOUSE2_HNS.lz	
983	LAYOUT_PALLET_TOWN_HOUSE3_HNS	PalletTown_House3_hns_Layout	hns	13	10	260	672	1344	data/layouts/PalletTown_House3_hns/map.bin	data/layouts/PalletTown_House3_hns/map.bin	5135420032c1608867993c52ba9dd92a06f94dab9910c20b374866a2a88f438b	6f1a32b7	260	0	168	d1c0faa3ed539cbe6b4ede6663fe98c777512517ccd2cdae8ca491d3aa558884	967f0135	165	3	gba_lz77	168	168	0	streams/0983-LAYOUT_PALLET_TOWN_HOUSE3_HNS.lz	
984	LAYOUT_PALLET_TOWN_LAB_HNS	PalletTown_Lab_hns_Layout	hns	32	28	1792	1974	3948	data/layouts/PalletTown_Lab_hns/map.bin	data/layouts/PalletTown_Lab_hns/map.bin	fddeda30773858f57029ea60a6dc036e36c1c7fafcdb175bb2e248b77b91636e	cabb447a	1792	0	380	7880d91e429339daf66cbac3266e95113780e4aa28f5b78574ad71190b0835d9	13209df1	377	3	gba_lz77	380	380	0	streams/0984-LAYOUT_PALLET_TOWN_LAB_HNS.lz	
985	LAYOUT_PALLET_TOWN_REDS_HOUSE_1F_HNS	PalletTown_RedsHouse_1F_hns_Layout	hns	13	10	260	672	1344	data/layouts/PalletTown_RedsHouse_1F_hns/map.bin	data/layouts/PalletTown_RedsHouse_1F_hns/map.bin	ac371fdd632570eca8c74f9ac29835d73bba3de5d9e10830f02816ce9820b052	d5de4dff	260	0	184	6908e8a03cf1cd82c36e9212a711f94c245fb95a0e10a312940f6d9ea33503c6	2f7b1ccd	181	3	gba_lz77	184	184	0	streams/0985-LAYOUT_PALLET_TOWN_REDS_HOUSE_1F_HNS.lz	
986	LAYOUT_PALLET_TOWN_REDS_HOUSE_2F_HNS	PalletTownHouseRedsHouse2_hns_Layout	hns	11	9	198	598	1196	data/layouts/PalletTown_RedsHouse_2F_hns/map.bin	data/layouts/PalletTown_RedsHouse_2F_hns/map.bin	cac114d35c0db101336f96b0508c51b9390bf2b2f30f0622796a22405ddb0313	713ebdef	198	0	160	15ee3b2ddfa0b6731cde0fae5c033155d7088d0674a883cc577943b68ee9649d	243dff0e	158	2	gba_lz77	160	160	0	streams/0986-LAYOUT_PALLET_TOWN_REDS_HOUSE_2F_HNS.lz	
987	LAYOUT_PEWTER_CITY_HOUSE1_HNS	PewterCity_House1_hns_Layout	hns	13	10	260	672	1344	data/layouts/PewterCity_House1_hns/map.bin	data/layouts/PewterCity_House1_hns/map.bin	5135420032c1608867993c52ba9dd92a06f94dab9910c20b374866a2a88f438b	6f1a32b7	260	0	168	d1c0faa3ed539cbe6b4ede6663fe98c777512517ccd2cdae8ca491d3aa558884	967f0135	165	3	gba_lz77	168	168	0	streams/0987-LAYOUT_PEWTER_CITY_HOUSE1_HNS.lz	
988	LAYOUT_PEWTER_CITY_HOUSE2_HNS	PewterCity_House2_hns_Layout	hns	13	10	260	672	1344	data/layouts/PewterCity_House2_hns/map.bin	data/layouts/PewterCity_House2_hns/map.bin	517191f70f60587e544d08097dc205e58ce11b5c389bba26e90818dcbeb096b4	38a485ce	260	0	160	c8d19359f29f3fbe97c18a917d3ebdd7cedc0acea695313c534141392ba5b613	9f70cd4d	159	1	gba_lz77	160	160	0	streams/0988-LAYOUT_PEWTER_CITY_HOUSE2_HNS.lz	
989	LAYOUT_PEWTER_CITY_MART_HNS	PewterCity_Mart_hns_Layout	hns	11	9	198	598	1196	data/layouts/PewterCity_Mart_hns/map.bin	data/layouts/PewterCity_Mart_hns/map.bin	87e68f94083db170de581a81f57bbca41a81a6e8bfa0bf8bf736724259c161a6	2e2006f4	198	0	176	2dd227c901ecc819628e22734e963210bcec525c27732c7e2dfb5c7a50f3c5a6	b4feec03	176	0	gba_lz77	176	176	0	streams/0989-LAYOUT_PEWTER_CITY_MART_HNS.lz	
990	LAYOUT_PEWTER_CITY_POKEMON_CENTER_HNS	PewterCity_PokemonCenter_hns_Layout	hns	15	10	300	720	1440	data/layouts/PewterCity_PokemonCenter_hns/map.bin	data/layouts/PewterCity_PokemonCenter_hns/map.bin	8e06280fa400bedd562a94cd0b9043cfaac3839443172cd68f8bb9efce1f8fcd	b8b872dd	300	0	224	f01f3981e84d7f406cd60d46e92b46bf4f2ef6c5cc6ce0b51f5c256a45e34f69	1a83b0e1	221	3	gba_lz77	224	224	0	streams/0990-LAYOUT_PEWTER_CITY_POKEMON_CENTER_HNS.lz	
991	LAYOUT_POKEMON_LEAGUE_KARENS_ROOM_HNS	PokemonLeague_KarensRoom_hns_Layout	hns	28	13	728	1161	2322	data/layouts/PokemonLeague_KarensRoom_hns/map.bin	data/layouts/PokemonLeague_KarensRoom_hns/map.bin	f6a4267a038b18ab583e29828f605331158edf9383805dc30303bf15162830bb	5659bce5	728	0	268	c0e20f7da7a490f8fb4cc074d49f5f00622c116ac926f8a82f6ec19d1f8ef4ff	50351566	267	1	gba_lz77	268	268	0	streams/0991-LAYOUT_POKEMON_LEAGUE_KARENS_ROOM_HNS.lz	
992	LAYOUT_POKEMON_LEAGUE_KOGAS_ROOM_HNS	PokemonLeague_KogasRoom_hns_Layout	hns	13	13	338	756	1512	data/layouts/PokemonLeague_KogasRoom_hns/map.bin	data/layouts/PokemonLeague_KogasRoom_hns/map.bin	f87efac785eac93e799f02a2eaf073677604dbcdb563819775961da0470fb888	3f7e2917	338	0	208	cfa1655dc00c1904d50722eb0a75a6cc5abfd7a17c788502c6a512655260a5a4	365029c0	205	3	gba_lz77	208	208	0	streams/0992-LAYOUT_POKEMON_LEAGUE_KOGAS_ROOM_HNS.lz	
993	LAYOUT_POKEMON_LEAGUE_WILLS_ROOM_HNS	PokemonLeague_WillsRoom_hns_Layout	hns	13	13	338	756	1512	data/layouts/PokemonLeague_WillsRoom_hns/map.bin	data/layouts/PokemonLeague_WillsRoom_hns/map.bin	5a52cb197744c330a2df5aeb7f2766ad3c8b90c0f4d68c7264c9812b2ad67f77	5f8aad80	338	0	208	2c53b31bb658c7e1677ea0ac170115c7c442619b8cd09ceeb056174f439715d1	9e5d5e7a	207	1	gba_lz77	208	208	0	streams/0993-LAYOUT_POKEMON_LEAGUE_WILLS_ROOM_HNS.lz	
994	LAYOUT_RECEPTION_GATE_HNS	ReceptionGate_hns_Layout	hns	22	21	924	1295	2590	data/layouts/ReceptionGate_hns/map.bin	data/layouts/ReceptionGate_hns/map.bin	121ddb32e6327f14469b7d7168900c2ee131bb822cccc0cb0139d5fd4168f3a7	29bc5aa5	924	0	240	a4fe5c2caa7a9dc0aad360e63c0a028c9e1a0e2fc18a3c136de2a73cf978fc0a	c84f9067	238	2	gba_lz77	240	240	0	streams/0994-LAYOUT_RECEPTION_GATE_HNS.lz	
995	LAYOUT_ROUTE10_POWER_PLANT_BACK_ROOM_HNS	Route10_PowerPlantBackRoom_hns_Layout	hns	18	14	504	924	1848	data/layouts/Route10_PowerPlantBackRoom_hns/map.bin	data/layouts/Route10_PowerPlantBackRoom_hns/map.bin	8f87f9913df01e1c3225c5cae4890eabd1fbb4deb6265f9d31881fef933852f3	f97259cd	504	0	272	27c48d726be6c969c6dbf84c2a065e5e3aa0fb7266027a074292a1304eea1fb7	d87cebb6	269	3	gba_lz77	272	272	0	streams/0995-LAYOUT_ROUTE10_POWER_PLANT_BACK_ROOM_HNS.lz	
996	LAYOUT_ROUTE10_POWER_PLANT_ENTRANCE_HNS	Route10_PowerPlantEntrance_hns_Layout	hns	23	24	1104	1444	2888	data/layouts/Route10_PowerPlantEntrance_hns/map.bin	data/layouts/Route10_PowerPlantEntrance_hns/map.bin	90150a942ab4de468072975cf2a4bd224fb52eb40062b41a1a5230e792a26e6b	6d27dc24	1104	0	396	284981878702d24c3004645e6e36c06277827839831465d83738c48411f42616	07db4fed	393	3	gba_lz77	396	396	0	streams/0996-LAYOUT_ROUTE10_POWER_PLANT_ENTRANCE_HNS.lz	
997	LAYOUT_ROUTE12_HOUSE_HNS	Route12_House_hns_Layout	hns	13	10	260	672	1344	data/layouts/Route12_House_hns/map.bin	data/layouts/Route12_House_hns/map.bin	5135420032c1608867993c52ba9dd92a06f94dab9910c20b374866a2a88f438b	6f1a32b7	260	0	168	d1c0faa3ed539cbe6b4ede6663fe98c777512517ccd2cdae8ca491d3aa558884	967f0135	165	3	gba_lz77	168	168	0	streams/0997-LAYOUT_ROUTE12_HOUSE_HNS.lz	
998	LAYOUT_ROUTE16_HOUSE_HNS	Route16_House_hns_Layout	hns	13	10	260	672	1344	data/layouts/Route16_House_hns/map.bin	data/layouts/Route16_House_hns/map.bin	5135420032c1608867993c52ba9dd92a06f94dab9910c20b374866a2a88f438b	6f1a32b7	260	0	168	d1c0faa3ed539cbe6b4ede6663fe98c777512517ccd2cdae8ca491d3aa558884	967f0135	165	3	gba_lz77	168	168	0	streams/0998-LAYOUT_ROUTE16_HOUSE_HNS.lz	
999	LAYOUT_ROUTE19_CAVE_HNS	Route19_Cave_hns_Layout	hns	20	20	800	1190	2380	data/layouts/Route19_Cave_hns/map.bin	data/layouts/Route19_Cave_hns/map.bin	7bff54cd6e1345a36951e263dd7d8c651cb87d052c18f70c1250001f367d8169	995fa3b3	800	0	224	e3a8ed4a538e8bb2228066d9d2600faadd59bf5389e6635f7df4d99a48774540	9be6bc61	224	0	gba_lz77	224	224	0	streams/0999-LAYOUT_ROUTE19_CAVE_HNS.lz	
1000	LAYOUT_ROUTE21_HNS	Route21_hns_Layout	hns	24	100	4800	4446	8892	data/layouts/Route21_hns/map.bin	data/layouts/Route21_hns/map.bin	8dfd5c2c94231a1653608113f31326432b664b5a951c3fb243937fb70c383b81	1df0e545	4800	0	960	1377840bc6a9023d2acab7b60de2e10d21f6154036dc8bece67d334bf6c06be3	f5b2303a	960	0	gba_lz77	960	960	0	streams/1000-LAYOUT_ROUTE21_HNS.lz	
1001	LAYOUT_ROUTE25_BILLS_HOUSE_HNS	Route25_BillsHouse_hns_Layout	hns	15	11	330	750	1500	data/layouts/Route25_BillsHouse_hns/map.bin	data/layouts/Route25_BillsHouse_hns/map.bin	10848031e6af9faa817653bf530c62f3e984d9f15b67f47ad1101c7e1a0d7470	30f446f3	330	0	204	13fcb982ed5d10e83d765912e887f9d0587c01f6b680f052d0082699e3f49c48	0924b0a2	204	0	gba_lz77	204	204	0	streams/1001-LAYOUT_ROUTE25_BILLS_HOUSE_HNS.lz	
1002	LAYOUT_ROUTE26_HNS	Route26_hns_Layout	hns	39	81	6318	5130	10260	data/layouts/Route26_hns/map.bin	data/layouts/Route26_hns/map.bin	7e76b295813e6fc441131948f250a7182fe84703091f8df49f74cf04e5dfcfb5	263400b0	6318	0	1536	ace0fe1cb600937d00c55774914945f8cf8fcfb48d4a7c74967eb301c32b9722	49d86113	1533	3	gba_lz77	1536	1536	0	streams/1002-LAYOUT_ROUTE26_HNS.lz	
1003	LAYOUT_ROUTE26NORTH_HNS	Route26North_hns_Layout	hns	39	30	2340	2376	4752	data/layouts/Route26North_hns/map.bin	data/layouts/Route26North_hns/map.bin	a28d4d6ba9595c1062d22e695306231a48f0b1f7a128d1ee73b8ef34f76a80a7	fd3b2e85	2340	0	724	02f1cf3d03236518b1bec37d922e0babc4d8bafd5a214045cd72a293e89a020c	a731ecc0	721	3	gba_lz77	724	724	0	streams/1003-LAYOUT_ROUTE26NORTH_HNS.lz	
1004	LAYOUT_ROUTE26_HOUSE1_HNS	Route26_House1_hns_Layout	hns	13	10	260	672	1344	data/layouts/Route26_House1_hns/map.bin	data/layouts/Route26_House1_hns/map.bin	5135420032c1608867993c52ba9dd92a06f94dab9910c20b374866a2a88f438b	6f1a32b7	260	0	168	d1c0faa3ed539cbe6b4ede6663fe98c777512517ccd2cdae8ca491d3aa558884	967f0135	165	3	gba_lz77	168	168	0	streams/1004-LAYOUT_ROUTE26_HOUSE1_HNS.lz	
1005	LAYOUT_ROUTE26_HOUSE2_HNS	Route26_House2_hns_Layout	hns	13	10	260	672	1344	data/layouts/Route26_House2_hns/map.bin	data/layouts/Route26_House2_hns/map.bin	5b449e74d4dbfab54c4a5ead1175a9caa7ee2baa9a820c6c3b86bf8dd01141b9	c0e34ff0	260	0	160	b7b99d23cea5e07896b47a491df0ef3762f62d641c8048d78255eb046fbe4f8c	fae0e196	159	1	gba_lz77	160	160	0	streams/1005-LAYOUT_ROUTE26_HOUSE2_HNS.lz	
1006	LAYOUT_ROUTE27_HNS	Route27_hns_Layout	hns	160	40	12800	9450	18900	data/layouts/Route27_hns/map.bin	data/layouts/Route27_hns/map.bin	f70a8f5e258fd346471b2efc85db367e752492a60e9158f65fd8b8d8403108e2	e8260219	12800	0	2236	c9d015fc07fae8a324427d377695a6074bae886f7d7bfa564c7404b5f2e33e9d	28b4bbbf	2234	2	gba_lz77	2236	2236	0	streams/1006-LAYOUT_ROUTE27_HNS.lz	
1007	LAYOUT_ROUTE27_HOUSE_HNS	Route27_House_hns_Layout	hns	13	10	260	672	1344	data/layouts/Route27_House_hns/map.bin	data/layouts/Route27_House_hns/map.bin	5135420032c1608867993c52ba9dd92a06f94dab9910c20b374866a2a88f438b	6f1a32b7	260	0	168	d1c0faa3ed539cbe6b4ede6663fe98c777512517ccd2cdae8ca491d3aa558884	967f0135	165	3	gba_lz77	168	168	0	streams/1007-LAYOUT_ROUTE27_HOUSE_HNS.lz	
1008	LAYOUT_ROUTE28_HNS	Route28_hns_Layout	hns	67	36	4824	4100	8200	data/layouts/Route28_hns/map.bin	data/layouts/Route28_hns/map.bin	5205a6f9fa693cbbf77ec293aafdf9fbde9c6f3824bc2ea7e39166a3fdf218c6	f7dd8a51	4824	0	1320	51f35cc95d7a281d28ec76072576f64b4c7b51d68f987450115c91107f3c92bb	27bb8cad	1320	0	gba_lz77	1320	1320	0	streams/1008-LAYOUT_ROUTE28_HNS.lz	
1009	LAYOUT_ROUTE28_HOUSE_HNS	Route28_House_hns_Layout	hns	13	10	260	672	1344	data/layouts/Route28_House_hns/map.bin	data/layouts/Route28_House_hns/map.bin	5135420032c1608867993c52ba9dd92a06f94dab9910c20b374866a2a88f438b	6f1a32b7	260	0	168	d1c0faa3ed539cbe6b4ede6663fe98c777512517ccd2cdae8ca491d3aa558884	967f0135	165	3	gba_lz77	168	168	0	streams/1009-LAYOUT_ROUTE28_HOUSE_HNS.lz	
1010	LAYOUT_ROUTE29_HNS	Route29_hns_Layout	hns	70	32	4480	3910	7820	data/layouts/Route29_hns/map.bin	data/layouts/Route29_hns/map.bin	bcf8388e595fafffefb028c23fe857536c6bcf4135859ff865f589e131e2f245	93abd5d0	4480	0	1152	7125bc5f2dc56822681961f942de8563cf88149ca92cb397cd4568c5742f5bcb	d6b5d9b3	1150	2	gba_lz77	1152	1152	0	streams/1010-LAYOUT_ROUTE29_HNS.lz	
1011	LAYOUT_ROUTE2_HOUSE_HNS	Route2_House_hns_Layout	hns	13	10	260	672	1344	data/layouts/Route2_House_hns/map.bin	data/layouts/Route2_House_hns/map.bin	5135420032c1608867993c52ba9dd92a06f94dab9910c20b374866a2a88f438b	6f1a32b7	260	0	168	d1c0faa3ed539cbe6b4ede6663fe98c777512517ccd2cdae8ca491d3aa558884	967f0135	165	3	gba_lz77	168	168	0	streams/1011-LAYOUT_ROUTE2_HOUSE_HNS.lz	
1012	LAYOUT_ROUTE30_HNS	Route30_hns_Layout	hns	58	58	6728	5256	10512	data/layouts/Route30_hns/map.bin	data/layouts/Route30_hns/map.bin	a218898732cf7f7df460c9c0e8b99ab8754eb7c727f815193f94d3aa1fd80e97	0a96567f	6728	0	1676	740e407b10bf436980e5e95a08c27d420df790374f5b0a87489136be4bd46ede	f0492b94	1674	2	gba_lz77	1676	1676	0	streams/1012-LAYOUT_ROUTE30_HNS.lz	
1013	LAYOUT_ROUTE30_HOUSE_HNS	Route30_House_hns_Layout	hns	11	10	220	624	1248	data/layouts/Route30_House_hns/map.bin	data/layouts/Route30_House_hns/map.bin	5234e83b6374c7b49b5f5727550d6362309583dbeb22984d655cb20cc2559766	6eb2e0e1	220	0	148	8690561a6d8850d852925d6528e4670a30a55b9b1fb8399fe591a7af5654248c	f304ae68	148	0	gba_lz77	148	148	0	streams/1013-LAYOUT_ROUTE30_HOUSE_HNS.lz	
1014	LAYOUT_ROUTE30_MR_POKEMONS_HOUSE_HNS	Route30_MrPokemonsHouse_hns_Layout	hns	13	10	260	672	1344	data/layouts/Route30_MrPokemonsHouse_hns/map.bin	data/layouts/Route30_MrPokemonsHouse_hns/map.bin	a39b121109873ed87cad02f7080cf9eae04edc8401961bff8165912fe34a4a02	e7fc2852	260	0	168	f042666af89564c8cdf3b4b0f111b785f6b872e81f25c017005200fb47e9c6e8	3b73c524	166	2	gba_lz77	168	168	0	streams/1014-LAYOUT_ROUTE30_MR_POKEMONS_HOUSE_HNS.lz	
1015	LAYOUT_ROUTE31_HNS	Route31_hns_Layout	hns	60	23	2760	2775	5550	data/layouts/Route31_hns/map.bin	data/layouts/Route31_hns/map.bin	a3a8df39db4c48bc9b5e6b9a7dc78e0fa1d385356cb81012ed169128a5354e0f	c5e34e83	2760	0	856	db36188ca7960a0196daeb37350ab0fade1453095604daf5c0eaafa2eb47edee	ef82f146	855	1	gba_lz77	856	856	0	streams/1015-LAYOUT_ROUTE31_HNS.lz	
1016	LAYOUT_ROUTE32_HNS	Route32_hns_Layout	hns	42	103	8652	6669	13338	data/layouts/Route32_hns/map.bin	data/layouts/Route32_hns/map.bin	fba82fa4f37d52afc05b219c6cb3721af336c74e1e4074e89e2eff0bd22cac44	e0d8e5cf	8652	0	2400	669576145a8d8c7dfa27b3f4c2f50b0eec1921c2966f1dead6d22654c82901b5	18dea017	2397	3	gba_lz77	2400	2400	0	streams/1016-LAYOUT_ROUTE32_HNS.lz	
1017	LAYOUT_ROUTE32_POKEMON_CENTER_HNS	Route32_PokemonCenter_hns_Layout	hns	16	10	320	744	1488	data/layouts/Route32_PokemonCenter_hns/map.bin	data/layouts/Route32_PokemonCenter_hns/map.bin	6128681ae811f6f6fb46b81baf0444c45735130d9330858aa391979223a515b3	721f5074	320	0	232	1242c726113c8c3e2bb5fd987a82f9f8a36e957d2da8e88d485b456d92472637	2f887aea	230	2	gba_lz77	232	232	0	streams/1017-LAYOUT_ROUTE32_POKEMON_CENTER_HNS.lz	
1018	LAYOUT_ROUTE33_HNS	Route33_hns_Layout	hns	44	40	3520	3186	6372	data/layouts/Route33_hns/map.bin	data/layouts/Route33_hns/map.bin	696dc8b682705dabcf215bfde1637e519297e46496723a2d89b9a862d1b5ad84	55dcb7fe	3520	0	780	cfd8bc2d8e066c9692b6ff408fbda2939b5954863d8d1aad7cc4c07fb6a8a2e6	dfac6f43	778	2	gba_lz77	780	780	0	streams/1018-LAYOUT_ROUTE33_HNS.lz	
1019	LAYOUT_ROUTE34_HNS	Route34_hns_Layout	hns	60	90	10800	7800	15600	data/layouts/Route34_hns/map.bin	data/layouts/Route34_hns/map.bin	39e2142cebbf9159861df0f4f3ec11cc6e87a3fcf35086d52f7b2aeacb79ce05	810b3118	10800	0	2572	f772e6d3e2ffd5d53a584dee8574dd7c0382218e8af0ff0bb715afdbb3b65525	852303ba	2569	3	gba_lz77	2572	2572	0	streams/1019-LAYOUT_ROUTE34_HNS.lz	
1020	LAYOUT_ROUTE34_DAY_CARE_HNS	Route34_DayCare_hns_Layout	hns	14	11	308	725	1450	data/layouts/Route34_DayCare_hns/map.bin	data/layouts/Route34_DayCare_hns/map.bin	8610ba1b824410fe5ecb486b23d4340b3fe9db832281c308ce291a7c2f792f49	74cad0a4	308	0	200	87e614e80905e25a686b3f709a46fd6b024c6ca13725c6145f80c72117fafa17	7465df91	199	1	gba_lz77	200	200	0	streams/1020-LAYOUT_ROUTE34_DAY_CARE_HNS.lz	
1021	LAYOUT_ROUTE35_HNS	Route35_hns_Layout	hns	40	49	3920	3465	6930	data/layouts/Route35_hns/map.bin	data/layouts/Route35_hns/map.bin	a3ad64d54e29e94b21375057b59ae0fee5cd924354180a4b2c5ae24e4230a4dd	68bc1ab6	3920	0	984	e7f57e597099fd6935d1c12fb3274bb343a74ea99af50cad473ffe0ec3fe76fc	90343b6e	984	0	gba_lz77	984	984	0	streams/1021-LAYOUT_ROUTE35_HNS.lz	
1022	LAYOUT_ROUTE36_HNS	Route36_hns_Layout	hns	66	30	3960	3564	7128	data/layouts/Route36_hns/map.bin	data/layouts/Route36_hns/map.bin	0a1a3c579f0bce201e822ff8332904d6882b27167185f7fd29442af4b8ecbb66	3c307498	3960	0	1048	a23236e986fbb87782d47de29edf4f8ac3d908583b872e97b6be228845528027	dc0032e7	1045	3	gba_lz77	1048	1048	0	streams/1022-LAYOUT_ROUTE36_HNS.lz	
1023	LAYOUT_ROUTE37_HNS	Route37_hns_Layout	hns	44	41	3608	3245	6490	data/layouts/Route37_hns/map.bin	data/layouts/Route37_hns/map.bin	40c8f93ce5e955f2e59c1e076912341baf12ad377b9e034e350066eb39c55616	ef251da8	3608	0	908	2505c67366f3e791caacd06ffa9d0633f52375ad718990d0e4bee91c4745ead0	541a976b	906	2	gba_lz77	908	908	0	streams/1023-LAYOUT_ROUTE37_HNS.lz	
1024	LAYOUT_ROUTE38_HNS	Route38_hns_Layout	hns	52	50	5200	4288	8576	data/layouts/Route38_hns/map.bin	data/layouts/Route38_hns/map.bin	af0bc16549ae7cb7958d00ad3fbc6d8dd6e8ae9290fda4138078a5625f49ddbf	321ecd3e	5200	0	1588	7812f4acca8db1c869d478dc83b6e1129729b26e8353c56bf64d9e781252fbe1	9597ff36	1587	1	gba_lz77	1588	1588	0	streams/1024-LAYOUT_ROUTE38_HNS.lz	
1025	LAYOUT_ROUTE39_HNS	Route39_hns_Layout	hns	40	54	4320	3740	7480	data/layouts/Route39_hns/map.bin	data/layouts/Route39_hns/map.bin	a7d278a85d38e1aab2b8808e0ab73c4302104ffd551dca01472b83542fe09b0f	e88233de	4320	0	1252	b7ba1886d2c1a4fe0941232cf949ec890cc33f7896d68b55766524b19c862e57	8e0ebef9	1251	1	gba_lz77	1252	1252	0	streams/1025-LAYOUT_ROUTE39_HNS.lz	
1026	LAYOUT_ROUTE39_BARN_HNS	Route39_Barn_hns_Layout	hns	17	22	748	1152	2304	data/layouts/Route39_Barn_hns/map.bin	data/layouts/Route39_Barn_hns/map.bin	ee7c219e310e61ba92e8b748853dd327e485a60716bdc49486928ea784908bef	929b1606	748	0	316	a548b2e071a8c17e2f516dc0ae781c04c3ea1eef03089fd0027a2a247f7a0440	45dc721d	314	2	gba_lz77	316	316	0	streams/1026-LAYOUT_ROUTE39_BARN_HNS.lz	
1027	LAYOUT_ROUTE39_FARM_HOUSE_HNS	Route39_FarmHouse_hns_Layout	hns	13	10	260	672	1344	data/layouts/Route39_FarmHouse_hns/map.bin	data/layouts/Route39_FarmHouse_hns/map.bin	5135420032c1608867993c52ba9dd92a06f94dab9910c20b374866a2a88f438b	6f1a32b7	260	0	168	d1c0faa3ed539cbe6b4ede6663fe98c777512517ccd2cdae8ca491d3aa558884	967f0135	165	3	gba_lz77	168	168	0	streams/1027-LAYOUT_ROUTE39_FARM_HOUSE_HNS.lz	
1028	LAYOUT_ROUTE40_HNS	Route40_hns_Layout	hns	34	71	4828	4165	8330	data/layouts/Route40_hns/map.bin	data/layouts/Route40_hns/map.bin	d46b559278b006cc0db1f9be8a87ad6c57c678912a8ecc6c9a58ff5cb458430c	d71bc169	4828	0	996	d1a4300c9e1fa1a22adfb1454b9347a6cc8cb78c39c0469c7391a0d25deaa44b	30dcff8c	995	1	gba_lz77	996	996	0	streams/1028-LAYOUT_ROUTE40_HNS.lz	
1029	LAYOUT_ROUTE41_HNS	Route41_hns_Layout	hns	74	89	13172	9167	18334	data/layouts/Route41_hns/map.bin	data/layouts/Route41_hns/map.bin	8e74bfff6195091496f4e5731b56c6f5b9affcbdfcfd9d80fc7435868e2a0222	c4dca8d0	13172	0	2724	59499c1f95634c0cfd5838378d95f75f760878c9e1ae9e1e5b04b38ff3320e9e	17b51c26	2722	2	gba_lz77	2724	2724	0	streams/1029-LAYOUT_ROUTE41_HNS.lz	
1030	LAYOUT_ROUTE42_HNS	Route42_hns_Layout	hns	94	26	4888	4360	8720	data/layouts/Route42_hns/map.bin	data/layouts/Route42_hns/map.bin	5aa56348b41b9ee78def4fda2331264c96c127ad9a2cf442f55db04b65b9823d	11f24ea3	4888	0	1336	3d6ecf5e2a6fc6c838aef373ef51fdbf1ab3a4188b758865c03da2d929954747	0ddc6b41	1336	0	gba_lz77	1336	1336	0	streams/1030-LAYOUT_ROUTE42_HNS.lz	
1031	LAYOUT_ROUTE43_HNS	Route43_hns_Layout	hns	34	53	3604	3283	6566	data/layouts/Route43_hns/map.bin	data/layouts/Route43_hns/map.bin	af33bcaf61ca696e2b0de2363321f9f5b4bafe2094c7b737d55cf830fe2dbe38	0233d8dd	3604	0	1116	6cc90e6773cf613f45ab0a2a2c17a59d7fae903afd4726f67bcc16a95d8f38fd	c4b8d47c	1113	3	gba_lz77	1116	1116	0	streams/1031-LAYOUT_ROUTE43_HNS.lz	
1032	LAYOUT_ROUTE44_HNS	Route44_hns_Layout	hns	78	36	5616	4650	9300	data/layouts/Route44_hns/map.bin	data/layouts/Route44_hns/map.bin	5d8a90beef41d97916b8c2e8d313a6ecfbf2a64e9b403b8a9b29701fbb40b847	792e0b0e	5616	0	1356	a3a89792e0ee3cfa95fb0b8b8a25190e988359de8e866d8bb40abf402665fffa	32d6e129	1355	1	gba_lz77	1356	1356	0	streams/1032-LAYOUT_ROUTE44_HNS.lz	
1033	LAYOUT_ROUTE45_HNS	Route45_hns_Layout	hns	46	100	9200	6954	13908	data/layouts/Route45_hns/map.bin	data/layouts/Route45_hns/map.bin	9e66067ffec1383556a311b2208af217e89a78051f44df4ab5d7a1b75412934d	f7701555	9200	0	2456	916b1ba45227cba7cfcb0287c7b3d27740635bf2655c60dbef0cf8e886c19bf2	76cce0ae	2456	0	gba_lz77	2456	2456	0	streams/1033-LAYOUT_ROUTE45_HNS.lz	
1034	LAYOUT_ROUTE46_HNS	Route46_hns_Layout	hns	27	46	2484	2520	5040	data/layouts/Route46_hns/map.bin	data/layouts/Route46_hns/map.bin	58c9c6bf3f61605675043509cdc99dedc7403a57288677d5f87a52676f642289	36683b6f	2484	0	768	1cbf7fd3a07e3887612d6a8210c2212deba85a69e0edcb53cadf69dcb526fc0a	d3de5fbf	766	2	gba_lz77	768	768	0	streams/1034-LAYOUT_ROUTE46_HNS.lz	
1035	LAYOUT_ROUTE47_HNS	Route47_hns_Layout	hns	120	61	14640	10125	20250	data/layouts/Route47_hns/map.bin	data/layouts/Route47_hns/map.bin	29874b3ec4c56678cc5d0f216e1d9ec05eb96e262242fc3362f3ce3d998c6637	6a5a0141	14640	0	2712	7fe2759466180f60236dc75e730a831de51e3ff44fb7418e36aa6f8b4da5793d	8c5a5471	2711	1	gba_lz77	2712	2712	0	streams/1035-LAYOUT_ROUTE47_HNS.lz	
1036	LAYOUT_ROUTE48_HNS	Route48_hns_Layout	hns	55	32	3520	3220	6440	data/layouts/Route48_hns/map.bin	data/layouts/Route48_hns/map.bin	5d1b91c506b75e109e26aa19da1afac4f502c504f78d2baebc86fb6374198842	1d75b1f2	3520	0	768	149062113e9829557c5e0d48e84cf2adb4aeb1b3f507e1f6333393c0dae567f9	4de5339d	767	1	gba_lz77	768	768	0	streams/1036-LAYOUT_ROUTE48_HNS.lz	
1037	LAYOUT_ROUTE4_POKEMON_CENTER_HNS	Route4_PokemonCenter_hns_Layout	hns	15	10	300	720	1440	data/layouts/Route4_PokemonCenter_hns/map.bin	data/layouts/Route4_PokemonCenter_hns/map.bin	8e06280fa400bedd562a94cd0b9043cfaac3839443172cd68f8bb9efce1f8fcd	b8b872dd	300	0	224	f01f3981e84d7f406cd60d46e92b46bf4f2ef6c5cc6ce0b51f5c256a45e34f69	1a83b0e1	221	3	gba_lz77	224	224	0	streams/1037-LAYOUT_ROUTE4_POKEMON_CENTER_HNS.lz	
1038	LAYOUT_ROUTE5_HOUSE_HNS	Route5_House_hns_Layout	hns	13	10	260	672	1344	data/layouts/Route5_House_hns/map.bin	data/layouts/Route5_House_hns/map.bin	5135420032c1608867993c52ba9dd92a06f94dab9910c20b374866a2a88f438b	6f1a32b7	260	0	168	d1c0faa3ed539cbe6b4ede6663fe98c777512517ccd2cdae8ca491d3aa558884	967f0135	165	3	gba_lz77	168	168	0	streams/1038-LAYOUT_ROUTE5_HOUSE_HNS.lz	
1039	LAYOUT_ROUTE5_TUNNEL_ENTRANCE_HNS	Route5_TunnelEntrance_hns_Layout	hns	27	18	972	1344	2688	data/layouts/Route5_TunnelEntrance_hns/map.bin	data/layouts/Route5_TunnelEntrance_hns/map.bin	ff00acc5fd66f2e9b49ec091369f5ba3d362e55d904fd4adf5d295a46f28f1c4	c1fd49ad	972	0	228	525f221067fb331b12fc632a4e5c0f1e1290dfd21253dd3eda6d9b23927d4c58	f8521de1	225	3	gba_lz77	228	228	0	streams/1039-LAYOUT_ROUTE5_TUNNEL_ENTRANCE_HNS.lz	
1040	LAYOUT_ROUTE6_TUNNEL_ENTRANCE_HNS	Route6_TunnelEntrance_hns_Layout	hns	27	18	972	1344	2688	data/layouts/Route6_TunnelEntrance_hns/map.bin	data/layouts/Route6_TunnelEntrance_hns/map.bin	b3b6d3b9d40d3e846d9a143ed9ee1ca71e5d72cc8a00406e6e36f0e313392a60	e9e8c268	972	0	228	aed24ffb1d55bbd77d3101889bbf23dfbe07f5fdc6ad709da6fd1228cc06496f	32806d5b	225	3	gba_lz77	228	228	0	streams/1040-LAYOUT_ROUTE6_TUNNEL_ENTRANCE_HNS.lz	
1041	LAYOUT_ROUTE7_TUNNEL_ENTRANCE_HNS	Route7_TunnelEntrance_hns_Layout	hns	27	18	972	1344	2688	data/layouts/Route7_TunnelEntrance_hns/map.bin	data/layouts/Route7_TunnelEntrance_hns/map.bin	ff00acc5fd66f2e9b49ec091369f5ba3d362e55d904fd4adf5d295a46f28f1c4	c1fd49ad	972	0	228	525f221067fb331b12fc632a4e5c0f1e1290dfd21253dd3eda6d9b23927d4c58	f8521de1	225	3	gba_lz77	228	228	0	streams/1041-LAYOUT_ROUTE7_TUNNEL_ENTRANCE_HNS.lz	
1042	LAYOUT_ROUTE8_TUNNEL_ENTRANCE_HNS	Route8_TunnelEntrance_hns_Layout	hns	27	18	972	1344	2688	data/layouts/Route8_TunnelEntrance_hns/map.bin	data/layouts/Route8_TunnelEntrance_hns/map.bin	b3b6d3b9d40d3e846d9a143ed9ee1ca71e5d72cc8a00406e6e36f0e313392a60	e9e8c268	972	0	228	aed24ffb1d55bbd77d3101889bbf23dfbe07f5fdc6ad709da6fd1228cc06496f	32806d5b	225	3	gba_lz77	228	228	0	streams/1042-LAYOUT_ROUTE8_TUNNEL_ENTRANCE_HNS.lz	
1043	LAYOUT_ROUTE9_POKEMON_CENTER_HNS	Route9_PokemonCenter_hns_Layout	hns	16	10	320	744	1488	data/layouts/Route9_PokemonCenter_hns/map.bin	data/layouts/Route9_PokemonCenter_hns/map.bin	5bc000029e4b5972ffa61655b517449b39ce8ecd6a99013a29d2d49a35677b8e	487319fb	320	0	232	f4b1c3f30fe051c6008669b68b68f47ef06d605a82a7251e5fa2ed8845fda84f	20985bed	229	3	gba_lz77	232	232	0	streams/1043-LAYOUT_ROUTE9_POKEMON_CENTER_HNS.lz	
1044	LAYOUT_RUINS_OF_ALPH_B1F_HNS	RuinsOfAlph_B1F_hns_Layout	hns	29	32	1856	2024	4048	data/layouts/RuinsOfAlph_B1F_hns/map.bin	data/layouts/RuinsOfAlph_B1F_hns/map.bin	e00d3f9a8cf6c726910f489968006ada93159992b4eb7b930b12cee7cd21fafb	150ae83a	1856	0	372	8afa56d896b617483124e090a497e2bb0f83c1e0836bb6a469907819492aa6d1	07ca2e30	370	2	gba_lz77	372	372	0	streams/1044-LAYOUT_RUINS_OF_ALPH_B1F_HNS.lz	
1045	LAYOUT_RUINS_OF_ALPH_LAB_HNS	RuinsOfAlph_Lab_hns_Layout	hns	10	9	180	575	1150	data/layouts/RuinsOfAlph_Lab_hns/map.bin	data/layouts/RuinsOfAlph_Lab_hns/map.bin	5f88e35b31a83ed93ac056efc96e44d5056f76ccdd8222966fb869e0c150d0d0	1f6eed1f	180	0	136	3873f448d9364fc86d5647b7661238bad60c8a1dcce9a7ced2ee183cefcb1a3c	68ce3764	135	1	gba_lz77	136	136	0	streams/1045-LAYOUT_RUINS_OF_ALPH_LAB_HNS.lz	
1046	LAYOUT_RUINS_OF_ALPH_OUTSIDE_HNS	RuinsOfAlph_Outside_hns_Layout	hns	46	48	4416	3782	7564	data/layouts/RuinsOfAlph_Outside_hns/map.bin	data/layouts/RuinsOfAlph_Outside_hns/map.bin	82b7e9d0f177ec08a19ba1100ad303c4ef38a180a7bb31093e5e0e5062548de0	31189022	4416	0	1416	c461769d1b04eb3757b3cc3acc2ac6e302a34afa9c88dcc99442d15818249047	34d8dcdc	1414	2	gba_lz77	1416	1416	0	streams/1046-LAYOUT_RUINS_OF_ALPH_OUTSIDE_HNS.lz	
1047	LAYOUT_RUINS_OF_ALPH_PUZZLE_AND_REWARD_CHAMBERS_HNS	RuinsOfAlph_PuzzleAndRewardChambers_hns_Layout	hns	26	68	3536	3362	6724	data/layouts/RuinsOfAlph_PuzzleAndRewardChambers_hns/map.bin	data/layouts/RuinsOfAlph_PuzzleAndRewardChambers_hns/map.bin	c98a6b758cff68aa1cf43f9d9e0a459c1d5cee47cc9b6161bcce9a4026919c0c	ad53fd43	3536	0	616	0c027693129799408b17727c61cbf2e94b4a611d04e0260da3e3133df7cb9e36	ceed6023	616	0	gba_lz77	616	616	0	streams/1047-LAYOUT_RUINS_OF_ALPH_PUZZLE_AND_REWARD_CHAMBERS_HNS.lz	
1048	LAYOUT_RUINS_OF_ALPH_WORDS_ROOM1_HNS	RuinsOfAlph_WordsRoom1_hns_Layout	hns	20	17	680	1085	2170	data/layouts/RuinsOfAlph_WordsRoom1_hns/map.bin	data/layouts/RuinsOfAlph_WordsRoom1_hns/map.bin	26ac202a54e1e51b0b47a618389c4443475d388f793e6f9ea3fad36993d30d87	9a9089f5	680	0	224	65c3e22a583cd16f65a1ca54a691f660c16a0c66f385a82c22aff6d274fb3db9	6566ffce	223	1	gba_lz77	224	224	0	streams/1048-LAYOUT_RUINS_OF_ALPH_WORDS_ROOM1_HNS.lz	
1049	LAYOUT_RUINS_OF_ALPH_WORDS_ROOM2_HNS	RuinsOfAlph_WordsRoom2_hns_Layout	hns	20	13	520	945	1890	data/layouts/RuinsOfAlph_WordsRoom2_hns/map.bin	data/layouts/RuinsOfAlph_WordsRoom2_hns/map.bin	904547520c71ebd641a8b468e830002879cfc4006aef6cf8b7f6e4aa0db01457	0493e20a	520	0	180	35eb4a3bf37ad318b1ccdb76f5b6647d69388a661e7ba196f791f72b0b223d26	5c89c852	177	3	gba_lz77	180	180	0	streams/1049-LAYOUT_RUINS_OF_ALPH_WORDS_ROOM2_HNS.lz	
1050	LAYOUT_RUINS_OF_ALPH_WORDS_ROOM3_HNS	RuinsOfAlph_WordsRoom3_hns_Layout	hns	20	13	520	945	1890	data/layouts/RuinsOfAlph_WordsRoom3_hns/map.bin	data/layouts/RuinsOfAlph_WordsRoom3_hns/map.bin	39c6fc9bcbc553cef9f61ce093960c02d1a98214d36a84ec178b9458682f7fc8	39b01f52	520	0	184	f07d29986dbcd0527953809689a7926e803bc1f9d85be5f9c79cd7494ecd7c6e	9036d280	181	3	gba_lz77	184	184	0	streams/1050-LAYOUT_RUINS_OF_ALPH_WORDS_ROOM3_HNS.lz	
1051	LAYOUT_RUINS_OF_ALPH_WORDS_ROOM4_HNS	RuinsOfAlph_WordsRoom4_hns_Layout	hns	20	13	520	945	1890	data/layouts/RuinsOfAlph_WordsRoom4_hns/map.bin	data/layouts/RuinsOfAlph_WordsRoom4_hns/map.bin	98284a9be16abb70db4f2254a8667e1939c3e4399219b8812a48f53faf82ed8c	9ceeb74b	520	0	172	e959ccafc8601cea9211baba42e52ac6629c43228d7fb5ec7dc2c4fbb63c24a6	784f1eed	170	2	gba_lz77	172	172	0	streams/1051-LAYOUT_RUINS_OF_ALPH_WORDS_ROOM4_HNS.lz	
1052	LAYOUT_SAFARI_ZONE1_HNS	SafariZone1_hns_Layout	hns	51	36	3672	3300	6600	data/layouts/SafariZone1_hns/map.bin	data/layouts/SafariZone1_hns/map.bin	da0a25344fa3da34a11f3305c9975b3295fd4f05c42a3c11f07f4dd496abca40	0a32c3f0	3672	0	924	6d1772ca1142911a0b78c1fde81077425502c772106da3d5a6790258b49a334e	f126ce25	921	3	gba_lz77	924	924	0	streams/1052-LAYOUT_SAFARI_ZONE1_HNS.lz	
1053	LAYOUT_SAFARI_ZONE2_HNS	SafariZone2_hns_Layout	hns	54	35	3780	3381	6762	data/layouts/SafariZone2_hns/map.bin	data/layouts/SafariZone2_hns/map.bin	6760d698a134eb7db760ac96772258220e01ae78d74a32cb1c58434a914a4553	7a2aa820	3780	0	852	9935c7b561eb4594aa8ba97fd56e0395f78cdb203357eb329c3c72b9a17debd5	f680a8b2	849	3	gba_lz77	852	852	0	streams/1053-LAYOUT_SAFARI_ZONE2_HNS.lz	
1054	LAYOUT_SAFARI_ZONE3_HNS	SafariZone3_hns_Layout	hns	48	36	3456	3150	6300	data/layouts/SafariZone3_hns/map.bin	data/layouts/SafariZone3_hns/map.bin	a78e3733489e5886d46f05efbe8d7c4317e8902d6ece7f17b3a40e1e00ffad3a	1496e561	3456	0	772	8007c62255c8ca2dc20ec1f7eda3b9aaded4be814089f6d5d5cef2c31f17f010	18ad8b19	769	3	gba_lz77	772	772	0	streams/1054-LAYOUT_SAFARI_ZONE3_HNS.lz	
1055	LAYOUT_SAFARI_ZONE_ENTERANCE_HNS	SafariZone_Enterance_hns_Layout	hns	36	16	1152	1530	3060	data/layouts/SafariZone_Enterance_hns/map.bin	data/layouts/SafariZone_Enterance_hns/map.bin	10b12b4074b3fbbc6358cb5127b2d2fdaac403023f32319798d850a2cd21d53f	2a93aa16	1152	0	264	c666dca8ca4198f4223be8d70f74f0088f7f2db76555457f202ad36e5baf05b9	6c8f50e4	264	0	gba_lz77	264	264	0	streams/1055-LAYOUT_SAFARI_ZONE_ENTERANCE_HNS.lz	
1056	LAYOUT_SAFARI_ZONE_GATE_HNS	SafariZoneGate_hns_Layout	hns	26	31	1612	1845	3690	data/layouts/SafariZoneGate_hns/map.bin	data/layouts/SafariZoneGate_hns/map.bin	a3fd91aa7d03a987553dd6b7a7f2ca8bae5afb36f800ff6af4769241744907b9	57ee0809	1612	0	576	35d031d5d676da35ee061479fc442c024662f2a7d76788b88698747ed3b35b17	b144f40c	573	3	gba_lz77	576	576	0	streams/1056-LAYOUT_SAFARI_ZONE_GATE_HNS.lz	
1057	LAYOUT_SAFARI_ZONE_GATE_POKEMON_CENTER_HNS	SafariZoneGate_PokemonCenter_hns_Layout	hns	16	10	320	744	1488	data/layouts/SafariZoneGate_PokemonCenter_hns/map.bin	data/layouts/SafariZoneGate_PokemonCenter_hns/map.bin	6128681ae811f6f6fb46b81baf0444c45735130d9330858aa391979223a515b3	721f5074	320	0	232	1242c726113c8c3e2bb5fd987a82f9f8a36e957d2da8e88d485b456d92472637	2f887aea	230	2	gba_lz77	232	232	0	streams/1057-LAYOUT_SAFARI_ZONE_GATE_POKEMON_CENTER_HNS.lz	
1058	LAYOUT_SAFARI_ZONE_GATE_SAFARI_ZONE_ENTRANCE_HNS	SafariZoneGate_SafariZoneGate_SafariZoneEntrance_hns_Layout	hns	19	15	570	986	1972	data/layouts/SafariZoneGate_SafariZoneEntrance_hns/map.bin	data/layouts/SafariZoneGate_SafariZoneEntrance_hns/map.bin	67f4f919f3b37c68ce1275e0bf04720b36af93bbf29f26b751bd16627ad079a6	102e1da9	570	0	212	a01b889677268d5e97257c1595a95f7bd920203c7389f73e4aaa2b0a15263bda	e69b1162	210	2	gba_lz77	212	212	0	streams/1058-LAYOUT_SAFARI_ZONE_GATE_SAFARI_ZONE_ENTRANCE_HNS.lz	
1059	LAYOUT_SAFARI_ZONE_INDOOR_HNS	SafariZoneIndoor_hns_Layout	hns	13	11	286	700	1400	data/layouts/SafariZoneIndoor_hns/map.bin	data/layouts/SafariZoneIndoor_hns/map.bin	f04d5fe8fff9c0787b5d6d07e1511e0b76a8ee7d68dbb5955cbe4e8ee525690e	67a267ff	286	0	148	0eab96b36c6c4bbbb44451c75854f19dd6179d9623544a1b108120cf5f33b01d	74ad6927	147	1	gba_lz77	148	148	0	streams/1059-LAYOUT_SAFARI_ZONE_INDOOR_HNS.lz	
1060	LAYOUT_SAFARI_ZONE_LOW_LEFT_HNS	SafariZone_Low_Left_hns_Layout	hns	36	32	2304	2346	4692	data/layouts/SafariZone_Low_Left_hns/map.bin	data/layouts/SafariZone_Low_Left_hns/map.bin	7a9807ed588ea85110aa24374824c967bd92aafb72aefb5ff6b6b688bd7b9f4b	e4230061	2304	0	648	9f0bd10bada3bf83f710d8cca00e501ad7fd7a331e09214f97b6dddb0c5c23bd	f4bff96a	647	1	gba_lz77	648	648	0	streams/1060-LAYOUT_SAFARI_ZONE_LOW_LEFT_HNS.lz	
1061	LAYOUT_SAFARI_ZONE_LOW_MID_HNS	SafariZone_Low_Mid_hns_Layout	hns	38	30	2280	2332	4664	data/layouts/SafariZone_Low_Mid_hns/map.bin	data/layouts/SafariZone_Low_Mid_hns/map.bin	f71c2b43cf40cfbb2a69dbb56aa580dfed4997af29173d9f80a1f6e6e7b26aa4	fe47aa94	2280	0	648	6f1c9680beded67b3e4cb26ae1b846a59e6e5b32ef90d0d0bb408e61d18e3fc8	c15b81d4	647	1	gba_lz77	648	648	0	streams/1061-LAYOUT_SAFARI_ZONE_LOW_MID_HNS.lz	
1062	LAYOUT_SAFARI_ZONE_LOW_RIGHT_HNS	SafariZone_Low_Right_hns_Layout	hns	34	38	2584	2548	5096	data/layouts/SafariZone_Low_Right_hns/map.bin	data/layouts/SafariZone_Low_Right_hns/map.bin	2ad413ea9716ed82b478e07d4886a8efdc313d104eb28f53d919d525d6934560	5fb71afe	2584	0	724	4d8529f8862099ea11ba72047ac85392ba2102977c7bb3b2ed297e8fafefaee2	5da07641	721	3	gba_lz77	724	724	0	streams/1062-LAYOUT_SAFARI_ZONE_LOW_RIGHT_HNS.lz	
1063	LAYOUT_SAFARI_ZONE_TOP_LEFT_HNS	SafariZone_Top_Left_hns_Layout	hns	30	30	1800	1980	3960	data/layouts/SafariZone_Top_Left_hns/map.bin	data/layouts/SafariZone_Top_Left_hns/map.bin	2f2d81f0735afd958076770c125930b406bb14d27d86ed74a820b7530a14dc77	881efd89	1800	0	636	4ac556d0bd57e492e842ff49e5a786d07ecc7de854d2ea5d5c080ffa2dc253a5	381e7805	634	2	gba_lz77	636	636	0	streams/1063-LAYOUT_SAFARI_ZONE_TOP_LEFT_HNS.lz	
1064	LAYOUT_SAFARI_ZONE_TOP_MID_HNS	SafariZone_Top_Mid_hns_Layout	hns	38	30	2280	2332	4664	data/layouts/SafariZone_Top_Mid_hns/map.bin	data/layouts/SafariZone_Top_Mid_hns/map.bin	766ad35eea604462769a37a527d2aef909a8dbb568851b39659f5366217d11c4	15332530	2280	0	576	5971ea43d7ac3cc3590063a58aa399635a4e6318015b27e13af841c5066f5489	857b5a5e	574	2	gba_lz77	576	576	0	streams/1064-LAYOUT_SAFARI_ZONE_TOP_MID_HNS.lz	
1065	LAYOUT_SAFARI_ZONE_TOP_RIGHT_HNS	SafariZone_Top_Right_hns_Layout	hns	30	32	1920	2070	4140	data/layouts/SafariZone_Top_Right_hns/map.bin	data/layouts/SafariZone_Top_Right_hns/map.bin	d82d26722135d8d29fbf473ed03fe5474285e49d941b33c0602b23f55488acd0	07d3a6e5	1920	0	624	85e1d3b21053d415920396b33b3e4e20ece62bb3f28ec97726688c57c4e3f895	a449b375	623	1	gba_lz77	624	624	0	streams/1065-LAYOUT_SAFARI_ZONE_TOP_RIGHT_HNS.lz	
1066	LAYOUT_SAFFRON_CITY_COPY_CATS_HOUSE_1F_HNS	SaffronCity_CopyCatsHouse_1F_hns_Layout	hns	13	10	260	672	1344	data/layouts/SaffronCity_CopyCatsHouse_1F_hns/map.bin	data/layouts/SaffronCity_CopyCatsHouse_1F_hns/map.bin	2d7394f4be179793da14489f84d3029439257384dbba0964ab10dd00ce933248	aa630710	260	0	164	99bc445cd74238d2418428e1cbf533db7c7006bdacf540493b381464a64eef19	823f24a4	162	2	gba_lz77	164	164	0	streams/1066-LAYOUT_SAFFRON_CITY_COPY_CATS_HOUSE_1F_HNS.lz	
1067	LAYOUT_SAFFRON_CITY_COPY_CATS_HOUSE_2F_HNS	SaffronCity_CopyCatsHouse_2F_hns_Layout	hns	11	9	198	598	1196	data/layouts/SaffronCity_CopyCatsHouse_2F_hns/map.bin	data/layouts/SaffronCity_CopyCatsHouse_2F_hns/map.bin	9766835ad82f08266bfc8c5e5b4ea43ed3bd36a0b90ec81ffaea8a9d71cffb49	fcc554ba	198	0	136	c9a4b68f2ca16d6cb6de788574cdbd00552097f877965cd3261ae44fac761f11	b8e72c75	135	1	gba_lz77	136	136	0	streams/1067-LAYOUT_SAFFRON_CITY_COPY_CATS_HOUSE_2F_HNS.lz	
1068	LAYOUT_SAFFRON_CITY_FIGHTING_DOJO_HNS	SaffronCity_FightingDojo_hns_Layout	hns	29	16	928	1320	2640	data/layouts/SaffronCity_FightingDojo_hns/map.bin	data/layouts/SaffronCity_FightingDojo_hns/map.bin	2742055369473f2cc768a656ef462998daef6dbcacd42bbf8a309d49e5e079b4	8ae62802	928	0	316	a8d71ea9a4f3d8a079bbbdf740285d2d0af0eb437125f25154b1604bef1f7349	fb5fa576	316	0	gba_lz77	316	316	0	streams/1068-LAYOUT_SAFFRON_CITY_FIGHTING_DOJO_HNS.lz	
1069	LAYOUT_SAFFRON_CITY_FIGHTING_DOJO_VIP_HNS	SaffronCity_FightingDojoVIP_hns_Layout	hns	45	43	3870	3420	6840	data/layouts/SaffronCity_FightingDojoVIP_hns/map.bin	data/layouts/SaffronCity_FightingDojoVIP_hns/map.bin	056513dcfd3cdfc0f00bb4a7eca8224ae365701f7c3a0ac3085f04a54f325c8e	0139a195	3870	0	912	d84db8fcff042e5cd96a7aec42fb7fd1d7c867ebea8e7bf986083093f6dbb1fd	ca6192d9	909	3	gba_lz77	912	912	0	streams/1069-LAYOUT_SAFFRON_CITY_FIGHTING_DOJO_VIP_HNS.lz	
1070	LAYOUT_SAFFRON_CITY_HOUSE1_HNS	SaffronCity_House1_hns_Layout	hns	13	10	260	672	1344	data/layouts/SaffronCity_House1_hns/map.bin	data/layouts/SaffronCity_House1_hns/map.bin	517191f70f60587e544d08097dc205e58ce11b5c389bba26e90818dcbeb096b4	38a485ce	260	0	160	c8d19359f29f3fbe97c18a917d3ebdd7cedc0acea695313c534141392ba5b613	9f70cd4d	159	1	gba_lz77	160	160	0	streams/1070-LAYOUT_SAFFRON_CITY_HOUSE1_HNS.lz	
1071	LAYOUT_SAFFRON_CITY_MART_HNS	SaffronCity_Mart_hns_Layout	hns	11	9	198	598	1196	data/layouts/SaffronCity_Mart_hns/map.bin	data/layouts/SaffronCity_Mart_hns/map.bin	87e68f94083db170de581a81f57bbca41a81a6e8bfa0bf8bf736724259c161a6	2e2006f4	198	0	176	2dd227c901ecc819628e22734e963210bcec525c27732c7e2dfb5c7a50f3c5a6	b4feec03	176	0	gba_lz77	176	176	0	streams/1071-LAYOUT_SAFFRON_CITY_MART_HNS.lz	
1072	LAYOUT_SAFFRON_CITY_POKEMON_CENTER_HNS	SaffronCity_PokemonCenter_hns_Layout	hns	15	10	300	720	1440	data/layouts/SaffronCity_PokemonCenter_hns/map.bin	data/layouts/SaffronCity_PokemonCenter_hns/map.bin	8e06280fa400bedd562a94cd0b9043cfaac3839443172cd68f8bb9efce1f8fcd	b8b872dd	300	0	224	f01f3981e84d7f406cd60d46e92b46bf4f2ef6c5cc6ce0b51f5c256a45e34f69	1a83b0e1	221	3	gba_lz77	224	224	0	streams/1072-LAYOUT_SAFFRON_CITY_POKEMON_CENTER_HNS.lz	
1073	LAYOUT_SAFFRON_CITY_SILPH_CO_HNS	SaffronCity_SilphCo_hns_Layout	hns	36	22	1584	1836	3672	data/layouts/SaffronCity_SilphCo_hns/map.bin	data/layouts/SaffronCity_SilphCo_hns/map.bin	4f36d5df3016c31d056482d81d60892c1ee775a38321c532d70f3fe70dedf4cc	aa6daa8a	1584	0	492	dc1cd3cdd784bc7e4e2a8820b53476ab3264996e98948ce3b8ec36b0178d71f8	ea452417	489	3	gba_lz77	492	492	0	streams/1073-LAYOUT_SAFFRON_CITY_SILPH_CO_HNS.lz	
1074	LAYOUT_SAFFRON_CITY_TRAIN_STATION_HNS	SaffronCity_TrainStation_hns_Layout	hns	154	28	8624	7098	14196	data/layouts/SaffronCity_TrainStation_hns/map.bin	data/layouts/SaffronCity_TrainStation_hns/map.bin	211a436425ba0003c0d5482008b51566c6dc1e12a5b7e81048d2a454dcecc44a	9221e027	8624	0	1248	77dfb609583a92b5e44386563a1bc95abfaa8471622043484aff82cd4ff49bdf	8ae106c3	1246	2	gba_lz77	1248	1248	0	streams/1074-LAYOUT_SAFFRON_CITY_TRAIN_STATION_HNS.lz	
1075	LAYOUT_SAFFRON_CITY_TUNNEL_NS_HNS	SaffronCity_Tunnel_NS_hns_Layout	hns	8	41	656	1265	2530	data/layouts/SaffronCity_Tunnel_NS_hns/map.bin	data/layouts/SaffronCity_Tunnel_NS_hns/map.bin	61b916a748d9fa2e1550a4e16c926473648a9d42e2cad4ce16f1154c5085b6f6	340d25a5	656	0	204	052df471b121f29b4fe575ccb2d227f37bd9f481ebe5973dfa486f142f1ae4df	05081c08	203	1	gba_lz77	204	204	0	streams/1075-LAYOUT_SAFFRON_CITY_TUNNEL_NS_HNS.lz	
1076	LAYOUT_SAFFRON_CITY_TUNNEL_SW_HNS	SaffronCity_Tunnel_SW_hns_Layout	hns	80	7	1120	1995	3990	data/layouts/SaffronCity_Tunnel_SW_hns/map.bin	data/layouts/SaffronCity_Tunnel_SW_hns/map.bin	600d54d2552fa02a1c1ad740fc387f7310e3318cb6680b60fdcbd27d82897d28	8322194a	1120	0	228	d3616af7d1000ae058ca6a7cfd65697972a418cf05df65ebbdf648c8af5c2a8a	017a4e69	225	3	gba_lz77	228	228	0	streams/1076-LAYOUT_SAFFRON_CITY_TUNNEL_SW_HNS.lz	
1077	LAYOUT_SAFFRON_TEMP_HNS	Saffron_Temp_hns_Layout	hns	66	55	7260	5589	11178	data/layouts/Saffron_Temp_hns/map.bin	data/layouts/Saffron_Temp_hns/map.bin	3c00dbe721f6f6d629ab9e4d7f86768c22d7c7c998830eec136d384ed866a291	6c577b5b	7260	0	1792	ee4a701cce1290fda6a8239742e5d77c252ef4e09b99ac940a97c396d82037ae	64401c2b	1789	3	gba_lz77	1792	1792	0	streams/1077-LAYOUT_SAFFRON_TEMP_HNS.lz	
1078	LAYOUT_SEAFOAM_ISLANDS_GYM_HNS	SeafoamIslands_Gym_hns_Layout	hns	39	39	3042	2862	5724	data/layouts/SeafoamIslands_Gym_hns/map.bin	data/layouts/SeafoamIslands_Gym_hns/map.bin	b664cd925da60fbba821713a7ed3216bc413f6bee5eb4ef88f9f5cc1c0b39f5c	a32cf075	3042	0	532	6a1cb8c39f6f297b7dc351c22a8c3b51b40a707131137d41ffa4df7d48c020d9	b8ede1a4	530	2	gba_lz77	532	532	0	streams/1078-LAYOUT_SEAFOAM_ISLANDS_GYM_HNS.lz	
1079	LAYOUT_SEAFOAM_ISLANDS_SECRET_CAVE_HNS	SeafoamIslands_SecretCave_hns_Layout	hns	35	28	1960	2100	4200	data/layouts/SeafoamIslands_SecretCave_hns/map.bin	data/layouts/SeafoamIslands_SecretCave_hns/map.bin	1ce007544c6cf434c04520f2dc56c17c57ba29be5c5de331b60c7b720cd8ba2a	c094fe33	1960	0	452	5405076009c470e01c86e9c54ed85aca7e38c4b6284fcfdbbd2e23c7201bb338	88f6cc0a	451	1	gba_lz77	452	452	0	streams/1079-LAYOUT_SEAFOAM_ISLANDS_SECRET_CAVE_HNS.lz	
1080	LAYOUT_SLOWPOKE_WELL_B1F_HNS	SlowpokeWell_B1F_hns_Layout	hns	32	32	2048	2162	4324	data/layouts/SlowpokeWell_B1F_hns/map.bin	data/layouts/SlowpokeWell_B1F_hns/map.bin	15bbd45b130b5e52a01a1fb4c8994c148d6a228884704760e26cbae6bec2f8aa	0cb59742	2048	0	748	897ec475f7364f0c90867009e9d1baea9210167dd3446a2c2b3e5e5d96c39887	da8f4e76	747	1	gba_lz77	748	748	0	streams/1080-LAYOUT_SLOWPOKE_WELL_B1F_HNS.lz	
1081	LAYOUT_SLOWPOKE_WELL_B2F_HNS	SlowpokeWell_B2F_hns_Layout	hns	34	30	2040	2156	4312	data/layouts/SlowpokeWell_B2F_hns/map.bin	data/layouts/SlowpokeWell_B2F_hns/map.bin	0207b55d6044d08bf82993f01cd8fec171367d10e2f5a195f915ccf3abea04dc	29fbf0e2	2040	0	428	b5759ae3bfdc501c201d163039eb2ae42e6d9583277d26195807b4d3489b7eb4	7ad99666	427	1	gba_lz77	428	428	0	streams/1081-LAYOUT_SLOWPOKE_WELL_B2F_HNS.lz	
1082	LAYOUT_SPROUT_TOWER_1F_HNS	SproutTower_1F_hns_Layout	hns	25	25	1250	1560	3120	data/layouts/SproutTower_1F_hns/map.bin	data/layouts/SproutTower_1F_hns/map.bin	e3d73b935b92e22881c36e9e1689734fe698f97aaa135d8fba6db4b49e1299bd	77cfd18b	1250	0	308	fda85172ba81df81fb6953ab761ac20c98724d13f0bc6abaa1fa1c95592b8073	1aac9444	307	1	gba_lz77	308	308	0	streams/1082-LAYOUT_SPROUT_TOWER_1F_HNS.lz	
1083	LAYOUT_SPROUT_TOWER_2F_HNS	SproutTower_2F_hns_Layout	hns	25	25	1250	1560	3120	data/layouts/SproutTower_2F_hns/map.bin	data/layouts/SproutTower_2F_hns/map.bin	032fcf6209823864a69f3cb8b1ae43377cc9e6290ede000804853b64beb55662	aed5b8b4	1250	0	300	01753b2cb4cd84f7c029d3b40dce2050900fb5598d92045858e32902a5d9e47d	22c6b6b4	300	0	gba_lz77	300	300	0	streams/1083-LAYOUT_SPROUT_TOWER_2F_HNS.lz	
1084	LAYOUT_SPROUT_TOWER_3F_HNS	SproutTower_3F_hns_Layout	hns	25	25	1250	1560	3120	data/layouts/SproutTower_3F_hns/map.bin	data/layouts/SproutTower_3F_hns/map.bin	aa869d17e64a6d2503ecd3116259af0cf3c216d7d94f3e342116546566c3461e	2f0f6c0c	1250	0	308	234338165c3a571a82cec37ddad0d2eb3dd59c9f3ae2aa2355c5b780834d50be	5419c00c	308	0	gba_lz77	308	308	0	streams/1084-LAYOUT_SPROUT_TOWER_3F_HNS.lz	
1085	LAYOUT_SSAQUA_1F_HNS	SSAqua_1F_hns_Layout	hns	38	21	1596	1855	3710	data/layouts/SSAqua_1F_hns/map.bin	data/layouts/SSAqua_1F_hns/map.bin	98a214edc3c3c3e54d7cc62f1efd48f41d30bbbb981f58dbcadef2ceac575b28	5aa58f8e	1596	0	360	db96013bc543462999b49f85a675d9c4393b7964d634cbf9d5e574da0ece07b9	382d0abd	357	3	gba_lz77	360	360	0	streams/1085-LAYOUT_SSAQUA_1F_HNS.lz	
1086	LAYOUT_SSAQUA_B1F_HNS	SSAqua_B1F_hns_Layout	hns	34	16	1088	1470	2940	data/layouts/SSAqua_B1F_hns/map.bin	data/layouts/SSAqua_B1F_hns/map.bin	15823f1d388f8d1cde2ad2d25a294c6e15768de73cecd7ab42e346572c83d4a8	e84a7428	1088	0	360	d33af7463cbf7d72242154bf115ce31c0cac45b5379dda9ea95ae9ada56acb3a	d205de71	357	3	gba_lz77	360	360	0	streams/1086-LAYOUT_SSAQUA_B1F_HNS.lz	
1087	LAYOUT_SSAQUA_CAPTAINS_ROOM_HNS	SSAqua_CaptainsRoom_hns_Layout	hns	16	14	448	868	1736	data/layouts/SSAqua_CaptainsRoom_hns/map.bin	data/layouts/SSAqua_CaptainsRoom_hns/map.bin	f5ec113774ae3743158412e1797a8b8f322cb7c2b0cd40ec6784e6bff91b0cde	0a7276e6	448	0	140	191818f3fd711e407139e9233d0bc408ad27fbc98dc0d18ff3a8548d4c9a8404	12187b98	140	0	gba_lz77	140	140	0	streams/1087-LAYOUT_SSAQUA_CAPTAINS_ROOM_HNS.lz	
1088	LAYOUT_SSAQUA_PLAYERS_ROOM_HNS	SSAqua_PlayersRoom_hns_Layout	hns	8	10	160	552	1104	data/layouts/SSAqua_PlayersRoom_hns/map.bin	data/layouts/SSAqua_PlayersRoom_hns/map.bin	fc81bad07e3d34b1575c4ddb8e78991669ec3eb69d3213a399fa967113770a04	5336a2e5	160	0	80	8592934ee916d75c9b1d15a187b2ca3684ac9354698e90ee1c123a333a32b8d2	e1dd6024	78	2	gba_lz77	80	80	0	streams/1088-LAYOUT_SSAQUA_PLAYERS_ROOM_HNS.lz	player_room
1089	LAYOUT_SSAQUA_ROOM_NE_HNS	SSAqua_RoomNE_hns_Layout	hns	8	10	160	552	1104	data/layouts/SSAqua_RoomNE_hns/map.bin	data/layouts/SSAqua_RoomNE_hns/map.bin	5e0b0cb17504360236046a362014fb38a45045d3beaf46327ffef87c1784b8fd	f5ec6011	160	0	88	978eb49239942154cdc5e14585700190ba69b6be7ef9bd32e9ee84550868fe37	ffaa1d5b	86	2	gba_lz77	88	88	0	streams/1089-LAYOUT_SSAQUA_ROOM_NE_HNS.lz	
1090	LAYOUT_SSAQUA_ROOM_NNE_HNS	SSAqua_RoomNNE_hns_Layout	hns	8	10	160	552	1104	data/layouts/SSAqua_RoomNNE_hns/map.bin	data/layouts/SSAqua_RoomNNE_hns/map.bin	5e0b0cb17504360236046a362014fb38a45045d3beaf46327ffef87c1784b8fd	f5ec6011	160	0	88	978eb49239942154cdc5e14585700190ba69b6be7ef9bd32e9ee84550868fe37	ffaa1d5b	86	2	gba_lz77	88	88	0	streams/1090-LAYOUT_SSAQUA_ROOM_NNE_HNS.lz	
1091	LAYOUT_SSAQUA_ROOM_NW_HNS	SSAqua_Room_NW_hns_Layout	hns	8	10	160	552	1104	data/layouts/SSAqua_RoomNW_hns/map.bin	data/layouts/SSAqua_RoomNW_hns/map.bin	5e0b0cb17504360236046a362014fb38a45045d3beaf46327ffef87c1784b8fd	f5ec6011	160	0	88	978eb49239942154cdc5e14585700190ba69b6be7ef9bd32e9ee84550868fe37	ffaa1d5b	86	2	gba_lz77	88	88	0	streams/1091-LAYOUT_SSAQUA_ROOM_NW_HNS.lz	
1092	LAYOUT_SSAQUA_ROOM_SE_HNS	SSAqua_RoomSE_hns_Layout	hns	8	11	176	575	1150	data/layouts/SSAqua_RoomSE_hns/map.bin	data/layouts/SSAqua_RoomSE_hns/map.bin	c684b5b57d33200ecb47e00c062aff1aa8fa45825253056b97f4cfe0ae20d99b	3fa31a53	176	0	100	0987faf7986cd919072fff73528f7469cc576b6ecd3a408c3e8acf11d67166c5	d258ffb3	97	3	gba_lz77	100	100	0	streams/1092-LAYOUT_SSAQUA_ROOM_SE_HNS.lz	
1093	LAYOUT_SSAQUA_ROOM_SSE_HNS	SSAqua_RoomSSE_hns_Layout	hns	8	11	176	575	1150	data/layouts/SSAqua_RoomSSE_hns/map.bin	data/layouts/SSAqua_RoomSSE_hns/map.bin	c684b5b57d33200ecb47e00c062aff1aa8fa45825253056b97f4cfe0ae20d99b	3fa31a53	176	0	100	0987faf7986cd919072fff73528f7469cc576b6ecd3a408c3e8acf11d67166c5	d258ffb3	97	3	gba_lz77	100	100	0	streams/1093-LAYOUT_SSAQUA_ROOM_SSE_HNS.lz	
1094	LAYOUT_SSAQUA_ROOM_SSW_HNS	SSAqua_RoomSSW_hns_Layout	hns	8	11	176	575	1150	data/layouts/SSAqua_RoomSSW_hns/map.bin	data/layouts/SSAqua_RoomSSW_hns/map.bin	c684b5b57d33200ecb47e00c062aff1aa8fa45825253056b97f4cfe0ae20d99b	3fa31a53	176	0	100	0987faf7986cd919072fff73528f7469cc576b6ecd3a408c3e8acf11d67166c5	d258ffb3	97	3	gba_lz77	100	100	0	streams/1094-LAYOUT_SSAQUA_ROOM_SSW_HNS.lz	
1095	LAYOUT_SSAQUA_ROOM_SW_HNS	SSAqua_RoomSW_hns_Layout	hns	8	11	176	575	1150	data/layouts/SSAqua_RoomSW_hns/map.bin	data/layouts/SSAqua_RoomSW_hns/map.bin	c684b5b57d33200ecb47e00c062aff1aa8fa45825253056b97f4cfe0ae20d99b	3fa31a53	176	0	100	0987faf7986cd919072fff73528f7469cc576b6ecd3a408c3e8acf11d67166c5	d258ffb3	97	3	gba_lz77	100	100	0	streams/1095-LAYOUT_SSAQUA_ROOM_SW_HNS.lz	
1096	LAYOUT_TIN_TOWER_1F_HNS	TinTower_1F_hns_Layout	hns	21	19	798	1188	2376	data/layouts/TinTower_1F_hns/map.bin	data/layouts/TinTower_1F_hns/map.bin	b192246cf49a69557dfdebf01716a1cbb0e3d2118db40116c6bfacfe743c7197	dd8525cc	798	0	284	b024c2087a44bc744839623ef0b81b685fbbc32775996a2f7e15bbaa7027cdd3	e3abf2a0	283	1	gba_lz77	284	284	0	streams/1096-LAYOUT_TIN_TOWER_1F_HNS.lz	
1097	LAYOUT_TIN_TOWER_2F_HNS	TinTower_2F_hns_Layout	hns	22	19	836	1221	2442	data/layouts/TinTower_2F_hns/map.bin	data/layouts/TinTower_2F_hns/map.bin	2e210ea0cf36ba2c9c9ec1ceac60043b71b2312785fdfb0c957c938e8f681d6d	35ddf04d	836	0	244	c0ced0f5ff36a28da8c1acf9d10c5142a50d094f25a2e64db2e05e3dba2894c3	9f42d280	243	1	gba_lz77	244	244	0	streams/1097-LAYOUT_TIN_TOWER_2F_HNS.lz	
1098	LAYOUT_TIN_TOWER_3F_HNS	TinTower_3F_hns_Layout	hns	21	18	756	1152	2304	data/layouts/TinTower_3F_hns/map.bin	data/layouts/TinTower_3F_hns/map.bin	2fba48178927574f6e06163e74bd188e9861b2ce96b15c182eb5ac0baaef04e9	c1b8a0a1	756	0	224	72e7de7d0fa8370c3d792dcda7a15ad144582ba35d9df77ead3defa7a0626fef	9b023805	221	3	gba_lz77	224	224	0	streams/1098-LAYOUT_TIN_TOWER_3F_HNS.lz	
1099	LAYOUT_TIN_TOWER_4F_HNS	TinTower_4F_hns_Layout	hns	22	18	792	1184	2368	data/layouts/TinTower_4F_hns/map.bin	data/layouts/TinTower_4F_hns/map.bin	93f0d3287c1e85a515b4cb0c53bfb8dfa7546bc17458757d165bbe48ab80a615	cea18016	792	0	296	049aa7d355f3192d5a5f8e1baac2ca0181f58b5deffca7b7a3bac33047a1922f	d259b67b	295	1	gba_lz77	296	296	0	streams/1099-LAYOUT_TIN_TOWER_4F_HNS.lz	
1100	LAYOUT_TIN_TOWER_5F_HNS	TinTower_5F_hns_Layout	hns	22	18	792	1184	2368	data/layouts/TinTower_5F_hns/map.bin	data/layouts/TinTower_5F_hns/map.bin	5c2058958bc24db7951a6fe3852a59027d2fea7aae98bbb3aa7680f8100a2f82	d4d09e29	792	0	288	1dda7f5535092736548ff90514a108572d1230ccc162617023ecf5d8ba81e5b0	6eeabd32	285	3	gba_lz77	288	288	0	streams/1100-LAYOUT_TIN_TOWER_5F_HNS.lz	
1101	LAYOUT_TIN_TOWER_6F_HNS	TinTower_6F_hns_Layout	hns	22	18	792	1184	2368	data/layouts/TinTower_6F_hns/map.bin	data/layouts/TinTower_6F_hns/map.bin	2d933e46e7f09f0152e6ffe0c83b51a857011e130d43542ec5f1e67d655618db	4d770944	792	0	244	11f55cb94a4d786b5ee34d7843ed8f16914ace7f78ccfd20ac4f32924414e2f2	02c750db	241	3	gba_lz77	244	244	0	streams/1101-LAYOUT_TIN_TOWER_6F_HNS.lz	
1102	LAYOUT_TIN_TOWER_7F_HNS	TinTower_7F_hns_Layout	hns	22	18	792	1184	2368	data/layouts/TinTower_7F_hns/map.bin	data/layouts/TinTower_7F_hns/map.bin	873c5d62fb1a92494762d877d2f056a497607e9214c1e6440d22cea0b9d7488b	7a85f133	792	0	288	cc779ab9bb1c00d16f8b1092570bbef0a4c5117f26f73b8b716f836e93455b89	c43ff51a	285	3	gba_lz77	288	288	0	streams/1102-LAYOUT_TIN_TOWER_7F_HNS.lz	
1103	LAYOUT_TIN_TOWER_8F_HNS	TinTower_8F_hns_Layout	hns	22	18	792	1184	2368	data/layouts/TinTower_8F_hns/map.bin	data/layouts/TinTower_8F_hns/map.bin	3887c962601586d5d803d1a7d0aa9766a4beb97240c4b012e132a59c6e92bcfd	d3e2bacd	792	0	276	ca5e6e7d6a2444cff928d0b6d60534e52ed417c700be3c3b8ae3a71f3bfc723f	b9c03e13	274	2	gba_lz77	276	276	0	streams/1103-LAYOUT_TIN_TOWER_8F_HNS.lz	
1104	LAYOUT_TIN_TOWER_9F_HNS	TinTower_9F_hns_Layout	hns	21	18	756	1152	2304	data/layouts/TinTower_9F_hns/map.bin	data/layouts/TinTower_9F_hns/map.bin	e00ba7f62402c802e9c205e602674500bd890e0fb4e14411b3b5127077ca3736	5e3499d0	756	0	276	31014e3aa8063d7bade3eb8863511de3e0fcb0244cc5accbddb1b7758631b5ac	9c951940	273	3	gba_lz77	276	276	0	streams/1104-LAYOUT_TIN_TOWER_9F_HNS.lz	
1105	LAYOUT_TIN_TOWER_ROOF_DAY_HNS	TinTower_RoofDay_hns_Layout	hns	23	21	966	1330	2660	data/layouts/TinTower_RoofDay_hns/map.bin	data/layouts/TinTower_RoofDay_hns/map.bin	3b84d3a470338f1f2a925dac9ffe5570c1d81602306ab7ebac846aa169eb750e	3f89eee1	966	0	204	f0c57fce350889d092bc7ecb067f52e1c58872df29c297f38fda1101d9c94354	2cd62b37	202	2	gba_lz77	204	204	0	streams/1105-LAYOUT_TIN_TOWER_ROOF_DAY_HNS.lz	
1106	LAYOUT_TIN_TOWER_ROOF_NIGHT_HNS	TinTower_RoofNight_hns_Layout	hns	23	21	966	1330	2660	data/layouts/TinTower_RoofNight_hns/map.bin	data/layouts/TinTower_RoofNight_hns/map.bin	73b7c5a3a5c990f1166c0141fe96061430f90a613d0db87ff32ae0c5dec4597b	96e7fda2	966	0	204	066883d30f2fb6a71f24d103967a4ec4613613d96f0c8c0746e2d6d75667e52a	78c7674e	201	3	gba_lz77	204	204	0	streams/1106-LAYOUT_TIN_TOWER_ROOF_NIGHT_HNS.lz	
1107	LAYOUT_TOHJO_FALLS_CAVERN_HNS	TohjoFalls_Cavern_hns_Layout	hns	78	30	4680	4092	8184	data/layouts/TohjoFalls_Cavern_hns/map.bin	data/layouts/TohjoFalls_Cavern_hns/map.bin	57dc23bd784ad32287b64ac9fa9eda5c1f4c6f5bf58513f00ab518d3998b38e7	6576b345	4680	0	856	bc3dda2c19ce26b94d80e717dc12f902863cbdcf2a6d205e9727a78af78272f6	d689e7ab	856	0	gba_lz77	856	856	0	streams/1107-LAYOUT_TOHJO_FALLS_CAVERN_HNS.lz	
1108	LAYOUT_TOHJO_FALLS_GIOVANNI_ROOM_HNS	TohjoFalls_GiovanniRoom_hns_Layout	hns	11	11	242	650	1300	data/layouts/TohjoFalls_GiovanniRoom_hns/map.bin	data/layouts/TohjoFalls_GiovanniRoom_hns/map.bin	4416de39a50478e605e8becfd58d6b8806155f8d624abfa32ff71968b13b240d	47d9d217	242	0	108	50d4138e112696d2b38a34a6be262bb85ee87cb5d23c0e1a1f870da364312902	10a98381	105	3	gba_lz77	108	108	0	streams/1108-LAYOUT_TOHJO_FALLS_GIOVANNI_ROOM_HNS.lz	
1109	LAYOUT_TRAINER_HILL_COURTYARD_HNS	TrainerHill_Courtyard_hns_Layout	hns	46	46	4232	3660	7320	data/layouts/TrainerHill_Courtyard_hns/map.bin	data/layouts/TrainerHill_Courtyard_hns/map.bin	4791d906bbb037de13a3deaa4ac2bcc0664ca9c608e1b391b8669dcbbadc65a7	431d383e	4232	0	1604	351302a0f82d0c041bc51487268c6981933a6fac509f778c3c35ba57da02c842	017b2137	1602	2	gba_lz77	1604	1604	0	streams/1109-LAYOUT_TRAINER_HILL_COURTYARD_HNS.lz	trainer_hill
1110	LAYOUT_TRAINER_HILL_ENTRANCE_HNS	TrainerHill_Entrance_hns_Layout	hns	19	17	646	1054	2108	data/layouts/TrainerHill_Entrance_hns/map.bin	data/layouts/TrainerHill_Entrance_hns/map.bin	1e76d86430c49f2536542f34f52ed07c58c6089813b03a0cab78464db251e1b2	b8ae1472	646	0	312	71db1e3dbbcc47d6f40f610a4c90723dc4dafe9c651556c483e7b1ad82580d81	6c190538	312	0	gba_lz77	312	312	0	streams/1110-LAYOUT_TRAINER_HILL_ENTRANCE_HNS.lz	trainer_hill
1111	LAYOUT_TRAINER_HILL_1F_HNS	TrainerHill_1F_hns_Layout	hns	16	21	672	1085	2170	data/layouts/TrainerHill_1F_hns/map.bin	data/layouts/TrainerHill_1F_hns/map.bin	e8e7cc9b36aea4d4936de1ed9617777ed391cf5782f615a07ff0cf03501cb74e	e1a767d1	672	0	176	66fecba8bd909c97796c6f4506bf65b908bd9980c60873c8ba5eeeed8d3e3b4b	5d4b0435	175	1	gba_lz77	176	176	0	streams/1111-LAYOUT_TRAINER_HILL_1F_HNS.lz	trainer_hill
1112	LAYOUT_TRAINER_HILL_2F_HNS	TrainerHill_2F_hns_Layout	hns	16	21	672	1085	2170	data/layouts/TrainerHill_2F_hns/map.bin	data/layouts/TrainerHill_2F_hns/map.bin	700860d411c4c65039aa337effe5bfcca15a5ab30b408622d97ce3c52d9166ed	5bf2fca5	672	0	176	cd79ef2c5a48677c14c61d944df5fe120511ae9e1b94dd0cf6282824366b6186	e943d593	175	1	gba_lz77	176	176	0	streams/1112-LAYOUT_TRAINER_HILL_2F_HNS.lz	trainer_hill
1113	LAYOUT_TRAINER_HILL_3F_HNS	TrainerHill_3F_hns_Layout	hns	16	21	672	1085	2170	data/layouts/TrainerHill_3F_hns/map.bin	data/layouts/TrainerHill_3F_hns/map.bin	5d360042c2b577c2a5618b8714e570a85444574ca5d88f0c91f170912ef561dc	c6e31f35	672	0	176	e51f4a11a20a668bc17a92ec9d0f5ee1274d65fb254841865fb7289740920dea	14f9c0fe	175	1	gba_lz77	176	176	0	streams/1113-LAYOUT_TRAINER_HILL_3F_HNS.lz	trainer_hill
1114	LAYOUT_TRAINER_HILL_4F_HNS	TrainerHill_4F_hns_Layout	hns	16	21	672	1085	2170	data/layouts/TrainerHill_4F_hns/map.bin	data/layouts/TrainerHill_4F_hns/map.bin	571711499b9fbb91c3e4756b64a23bfbae627ad5ac1e6a4982322483b5568184	4850c0d7	672	0	176	c69c59c453eb7547976b2e04533b04f7e22b2e056889603e433a97428565fce0	202234d6	175	1	gba_lz77	176	176	0	streams/1114-LAYOUT_TRAINER_HILL_4F_HNS.lz	trainer_hill
1115	LAYOUT_TRAINER_HILL_ROOF_HNS	TrainerHill_Roof_hns_Layout	hns	25	16	800	1200	2400	data/layouts/TrainerHill_Roof_hns/map.bin	data/layouts/TrainerHill_Roof_hns/map.bin	90a565e221c1942bb93aa2d2f9fd48e2598d28b431fbbee0286020eb2d7dd69b	3b795023	800	0	392	0466dbe0b1f761e97fd2c3445ed12ef35cb1b9fa9e1ce0124b115e9bb618b19d	dfe4b7a0	390	2	gba_lz77	392	392	0	streams/1115-LAYOUT_TRAINER_HILL_ROOF_HNS.lz	trainer_hill
1116	LAYOUT_TREES_HNS	Trees_hns_Layout	hns	20	20	800	1190	2380	data/layouts/Trees_hns/map.bin	data/layouts/Trees_hns/map.bin	aaa75f62d77120c0321c16f4df7ff8dead43369f3f683cc3fb6d5d5767efcf59	164882b0	800	0	108	f6e215024dbae998b8ac7effe9dd64cc5de61e9c885553d7ac5b4d9f67e811d9	342b97cd	107	1	gba_lz77	108	108	0	streams/1116-LAYOUT_TREES_HNS.lz	
1117	LAYOUT_UNION_CAVE_1F_HNS	UnionCave_1F_hns_Layout	hns	48	60	5760	4662	9324	data/layouts/UnionCave_1F_hns/map.bin	data/layouts/UnionCave_1F_hns/map.bin	afbd470a2c0b46f92de9c68035093923006db86646eb40080659b1feb0a0ea35	c893c115	5760	0	1136	c9fa363e5a5914d8d9053fdef8f03984d4728ed8cc1db8fd051bff07db9d28bc	1e4d3240	1136	0	gba_lz77	1136	1136	0	streams/1117-LAYOUT_UNION_CAVE_1F_HNS.lz	
1118	LAYOUT_UNION_CAVE_B1F_HNS	UnionCave_B1F_hns_Layout	hns	48	48	4608	3906	7812	data/layouts/UnionCave_B1F_hns/map.bin	data/layouts/UnionCave_B1F_hns/map.bin	b6e806920ff8c555ce5bc37eab5103208d486e98bdf64606fa98a63a9ac39148	e9afc9b6	4608	0	840	c8f30ef8b55d30f7cd2d32c4cddfa542870e19ceb6f0e1461e6f3e62584700bb	2722456d	839	1	gba_lz77	840	840	0	streams/1118-LAYOUT_UNION_CAVE_B1F_HNS.lz	
1119	LAYOUT_UNION_CAVE_B2F_HNS	UnionCave_B2F_hns_Layout	hns	40	50	4000	3520	7040	data/layouts/UnionCave_B2F_hns/map.bin	data/layouts/UnionCave_B2F_hns/map.bin	7908a3cfd6f5049ee8d32b6d6cae9499f51efb69c413980879351c4a0f116464	feb4b028	4000	0	780	3da9fa2d50e46dae19be5f36bba238fc6c46faa16e6f69bd7a7c7ffda73107dc	13fb46de	780	0	gba_lz77	780	780	0	streams/1119-LAYOUT_UNION_CAVE_B2F_HNS.lz	
1120	LAYOUT_VERMILION_CITY_FAN_CLUB_HNS	VermilionCity_FanClub_hns_Layout	hns	12	12	288	702	1404	data/layouts/VermilionCity_FanClub_hns/map.bin	data/layouts/VermilionCity_FanClub_hns/map.bin	25237a4bd63c0ff91a32a708d1eab76dc5bd913d99533e13dd7edb40664161a8	94061112	288	0	188	2c60bc6561bfbf2a8b4de717f2c01274587bbeef2f0a5546a99080debcfd8113	4b00278c	187	1	gba_lz77	188	188	0	streams/1120-LAYOUT_VERMILION_CITY_FAN_CLUB_HNS.lz	
1121	LAYOUT_VERMILION_CITY_HOUSE1_HNS	VermilionCity_House1_hns_Layout	hns	13	10	260	672	1344	data/layouts/VermilionCity_House1_hns/map.bin	data/layouts/VermilionCity_House1_hns/map.bin	5135420032c1608867993c52ba9dd92a06f94dab9910c20b374866a2a88f438b	6f1a32b7	260	0	168	d1c0faa3ed539cbe6b4ede6663fe98c777512517ccd2cdae8ca491d3aa558884	967f0135	165	3	gba_lz77	168	168	0	streams/1121-LAYOUT_VERMILION_CITY_HOUSE1_HNS.lz	
1122	LAYOUT_VERMILION_CITY_HOUSE2_HNS	VermilionCity_House2_hns_Layout	hns	13	10	260	672	1344	data/layouts/VermilionCity_House2_hns/map.bin	data/layouts/VermilionCity_House2_hns/map.bin	517191f70f60587e544d08097dc205e58ce11b5c389bba26e90818dcbeb096b4	38a485ce	260	0	160	c8d19359f29f3fbe97c18a917d3ebdd7cedc0acea695313c534141392ba5b613	9f70cd4d	159	1	gba_lz77	160	160	0	streams/1122-LAYOUT_VERMILION_CITY_HOUSE2_HNS.lz	
1123	LAYOUT_VERMILION_CITY_HOUSE3_HNS	VermilionCity_House3_hns_Layout	hns	13	10	260	672	1344	data/layouts/VermilionCity_House3_hns/map.bin	data/layouts/VermilionCity_House3_hns/map.bin	5135420032c1608867993c52ba9dd92a06f94dab9910c20b374866a2a88f438b	6f1a32b7	260	0	168	d1c0faa3ed539cbe6b4ede6663fe98c777512517ccd2cdae8ca491d3aa558884	967f0135	165	3	gba_lz77	168	168	0	streams/1123-LAYOUT_VERMILION_CITY_HOUSE3_HNS.lz	
1124	LAYOUT_VERMILION_CITY_MART_HNS	VermilionCity_Mart_hns_Layout	hns	11	9	198	598	1196	data/layouts/VermilionCity_Mart_hns/map.bin	data/layouts/VermilionCity_Mart_hns/map.bin	87e68f94083db170de581a81f57bbca41a81a6e8bfa0bf8bf736724259c161a6	2e2006f4	198	0	176	2dd227c901ecc819628e22734e963210bcec525c27732c7e2dfb5c7a50f3c5a6	b4feec03	176	0	gba_lz77	176	176	0	streams/1124-LAYOUT_VERMILION_CITY_MART_HNS.lz	
1125	LAYOUT_VERMILION_CITY_POKEMON_CENTER_HNS	VermilionCity_PokemonCenter_hns_Layout	hns	15	10	300	720	1440	data/layouts/VermilionCity_PokemonCenter_hns/map.bin	data/layouts/VermilionCity_PokemonCenter_hns/map.bin	8e06280fa400bedd562a94cd0b9043cfaac3839443172cd68f8bb9efce1f8fcd	b8b872dd	300	0	224	f01f3981e84d7f406cd60d46e92b46bf4f2ef6c5cc6ce0b51f5c256a45e34f69	1a83b0e1	221	3	gba_lz77	224	224	0	streams/1125-LAYOUT_VERMILION_CITY_POKEMON_CENTER_HNS.lz	
1126	LAYOUT_VERMILION_CITY_PORT_INSIDE_HNS	VermilionCity_PortInside_hns_Layout	hns	18	28	1008	1386	2772	data/layouts/VermilionCity_PortInside_hns/map.bin	data/layouts/VermilionCity_PortInside_hns/map.bin	de5f97b19d995b4cb8d0a077cddd3bbf902dea242d5a530fd9e8491d17afe07a	df89c00e	1008	0	236	1dd98b8b886ba150f5f921c40a2c3a41714b958937e89b880e4d6b5e0edb99dc	4a93b9f1	236	0	gba_lz77	236	236	0	streams/1126-LAYOUT_VERMILION_CITY_PORT_INSIDE_HNS.lz	
1127	LAYOUT_VERMILION_CITY_PORT_OUTSIDE_HNS	VermilionCity_PortOutside_hns_Layout	hns	52	23	2392	2479	4958	data/layouts/VermilionCity_PortOutside_hns/map.bin	data/layouts/VermilionCity_PortOutside_hns/map.bin	50cd95565df7fac7124ffbb51398355b74bea0eae9ba96e45bb88d18ff8d0f0f	04da60aa	2392	0	500	96a4d43afafee224f431ad6db185b9e70da2eb612dd865311e90a444e608b886	a8e562dc	500	0	gba_lz77	500	500	0	streams/1127-LAYOUT_VERMILION_CITY_PORT_OUTSIDE_HNS.lz	
1128	LAYOUT_VICTORY_ROAD_KANTO_1F_HNS	VictoryRoadKanto_1F_hns_Layout	hns	50	30	3000	2860	5720	data/layouts/VictoryRoadKanto_1F_hns/map.bin	data/layouts/VictoryRoadKanto_1F_hns/map.bin	dbd808eb7ba4267e400600828de7d93818ca4375eaea4b460d5cf4e721157e4a	1b122dc0	3000	0	748	b603cff5ba469cb2f180c631bb0262265a86fecaf9ae240b2995270017788c7e	a946082b	748	0	gba_lz77	748	748	0	streams/1128-LAYOUT_VICTORY_ROAD_KANTO_1F_HNS.lz	
1129	LAYOUT_VICTORY_ROAD_KANTO_B1F_HNS	VictoryRoadKanto_B1F_hns_Layout	hns	60	30	3600	3300	6600	data/layouts/VictoryRoadKanto_B1F_hns/map.bin	data/layouts/VictoryRoadKanto_B1F_hns/map.bin	b9957feb24f1b113ac430883aef01fc8f894b1367dff93cb1781cfce79cda78b	2bd7c3db	3600	0	932	ce359352dc5c0429c0a7acf494ff00011a74a801b4e7a9ca3b41112c064a856e	244a4b03	931	1	gba_lz77	932	932	0	streams/1129-LAYOUT_VICTORY_ROAD_KANTO_B1F_HNS.lz	
1130	LAYOUT_VICTORY_ROAD_KANTO_B2F_HNS	VictoryRoadKanto_B2F_hns_Layout	hns	40	50	4000	3520	7040	data/layouts/VictoryRoadKanto_B2F_hns/map.bin	data/layouts/VictoryRoadKanto_B2F_hns/map.bin	e451339f9893fd6d5cb001790960aee25375abb0e2dbf1c297ff9d0d09cd9832	0a7d6c45	4000	0	936	017e83be5e9bc463e06a9be3a2878de860839023caa576e8757943578ac9d061	3f1979c9	933	3	gba_lz77	936	936	0	streams/1130-LAYOUT_VICTORY_ROAD_KANTO_B2F_HNS.lz	
1131	LAYOUT_VIOLET_CITY_HNS	VioletCity_hns_Layout	hns	54	55	5940	4761	9522	data/layouts/VioletCity_hns/map.bin	data/layouts/VioletCity_hns/map.bin	d8e236103e2bcd30cf68afe1fbdb9552d25f39bc825d8f000daa94811dca1be5	a666e886	5940	0	1880	aa2375774bbcf6f3f839ea5a672636e191674f5b5ee8af691d96244d2c970a65	47979511	1877	3	gba_lz77	1880	1880	0	streams/1131-LAYOUT_VIOLET_CITY_HNS.lz	
1132	LAYOUT_VIOLET_CITY_GYM_HNS	VioletCity_Gym_hns_Layout	hns	19	21	798	1190	2380	data/layouts/VioletCity_Gym_hns/map.bin	data/layouts/VioletCity_Gym_hns/map.bin	39559520dee717e334a4f1b427a876aa476f5fa10f46b6ec953dcb03175d1644	1f047f92	798	0	276	cf6c9ab9545d4b50f6b2a69aaae729f964cba604c55e42ee091e24caa357d592	f7c398a8	275	1	gba_lz77	276	276	0	streams/1132-LAYOUT_VIOLET_CITY_GYM_HNS.lz	
1133	LAYOUT_VIOLET_CITY_HOUSE1_HNS	VioletCity_House1_hns_Layout	hns	13	10	260	672	1344	data/layouts/VioletCity_House1_hns/map.bin	data/layouts/VioletCity_House1_hns/map.bin	5135420032c1608867993c52ba9dd92a06f94dab9910c20b374866a2a88f438b	6f1a32b7	260	0	168	d1c0faa3ed539cbe6b4ede6663fe98c777512517ccd2cdae8ca491d3aa558884	967f0135	165	3	gba_lz77	168	168	0	streams/1133-LAYOUT_VIOLET_CITY_HOUSE1_HNS.lz	
1134	LAYOUT_VIOLET_CITY_HOUSE2_HNS	VioletCity_House2_hns_Layout	hns	13	10	260	672	1344	data/layouts/VioletCity_House2_hns/map.bin	data/layouts/VioletCity_House2_hns/map.bin	517191f70f60587e544d08097dc205e58ce11b5c389bba26e90818dcbeb096b4	38a485ce	260	0	160	c8d19359f29f3fbe97c18a917d3ebdd7cedc0acea695313c534141392ba5b613	9f70cd4d	159	1	gba_lz77	160	160	0	streams/1134-LAYOUT_VIOLET_CITY_HOUSE2_HNS.lz	
1135	LAYOUT_VIOLET_CITY_MART_HNS	VioletCity_Mart_hns_Layout	hns	14	9	252	667	1334	data/layouts/VioletCity_Mart_hns/map.bin	data/layouts/VioletCity_Mart_hns/map.bin	2d629767f7c231ba5ff63a258c4bd7771017c786573a3a5cdfb130b963cd52c4	cef1674f	252	0	160	7b95eb833b85dd1fda666c877c1fa146e8b26b325912e90b0074165d839c1d2c	d0440378	157	3	gba_lz77	160	160	0	streams/1135-LAYOUT_VIOLET_CITY_MART_HNS.lz	
1136	LAYOUT_VIOLET_CITY_POKEMON_CENTER_HNS	VioletCity_PokemonCenter_hns_Layout	hns	16	10	320	744	1488	data/layouts/VioletCity_PokemonCenter_hns/map.bin	data/layouts/VioletCity_PokemonCenter_hns/map.bin	6128681ae811f6f6fb46b81baf0444c45735130d9330858aa391979223a515b3	721f5074	320	0	232	1242c726113c8c3e2bb5fd987a82f9f8a36e957d2da8e88d485b456d92472637	2f887aea	230	2	gba_lz77	232	232	0	streams/1136-LAYOUT_VIOLET_CITY_POKEMON_CENTER_HNS.lz	
1137	LAYOUT_VIOLET_CITY_TRAINER_SCHOOL_HNS	VioletCity_TrainerSchool_hns_Layout	hns	10	21	420	875	1750	data/layouts/VioletCity_TrainerSchool_hns/map.bin	data/layouts/VioletCity_TrainerSchool_hns/map.bin	edf0109e06b0faf7fbba47614f5bd4bb4c4e20bfa589b9bef301920d4a5bd091	577b814f	420	0	184	d50182ae4a8047e8f1b2f7050f1d8e38f3bcaec99f06821645c22e4724810487	dce77589	181	3	gba_lz77	184	184	0	streams/1137-LAYOUT_VIOLET_CITY_TRAINER_SCHOOL_HNS.lz	
1138	LAYOUT_VIRIDIAN_CITY_HOUSE1_HNS	ViridianCity_House1_hns_Layout	hns	17	14	476	896	1792	data/layouts/ViridianCity_House1_hns/map.bin	data/layouts/ViridianCity_House1_hns/map.bin	54e04a4ae277a3561162c35a7ceaaecb065808c81d03844c291ce4ac8eca9e7d	9be2eccb	476	0	208	b2b77a50ba168426ea02323406660d78b4693eb34578f673b48223c54915707f	e4c200d4	207	1	gba_lz77	208	208	0	streams/1138-LAYOUT_VIRIDIAN_CITY_HOUSE1_HNS.lz	
1139	LAYOUT_VIRIDIAN_CITY_HOUSE2_HNS	ViridianCity_House2_hns_Layout	hns	13	10	260	672	1344	data/layouts/ViridianCity_House2_hns/map.bin	data/layouts/ViridianCity_House2_hns/map.bin	517191f70f60587e544d08097dc205e58ce11b5c389bba26e90818dcbeb096b4	38a485ce	260	0	160	c8d19359f29f3fbe97c18a917d3ebdd7cedc0acea695313c534141392ba5b613	9f70cd4d	159	1	gba_lz77	160	160	0	streams/1139-LAYOUT_VIRIDIAN_CITY_HOUSE2_HNS.lz	
1140	LAYOUT_VIRIDIAN_CITY_MART_HNS	ViridianCity_Mart_hns_Layout	hns	11	9	198	598	1196	data/layouts/ViridianCity_Mart_hns/map.bin	data/layouts/ViridianCity_Mart_hns/map.bin	bb7d32785aabffa5bf481d877e3478f1c3042a5dd17f7dfa51933bf5cbd34bf7	a7cdf71e	198	0	176	638f7585d490ad5b39a24bdcca2b7c2fc41c2b7b02e0791756b2e18757eecb10	ed119985	176	0	gba_lz77	176	176	0	streams/1140-LAYOUT_VIRIDIAN_CITY_MART_HNS.lz	
1141	LAYOUT_VIRIDIAN_CITY_POKEMON_CENTER_HNS	ViridianCity_PokemonCenter_hns_Layout	hns	15	10	300	720	1440	data/layouts/ViridianCity_PokemonCenter_hns/map.bin	data/layouts/ViridianCity_PokemonCenter_hns/map.bin	8e06280fa400bedd562a94cd0b9043cfaac3839443172cd68f8bb9efce1f8fcd	b8b872dd	300	0	224	f01f3981e84d7f406cd60d46e92b46bf4f2ef6c5cc6ce0b51f5c256a45e34f69	1a83b0e1	221	3	gba_lz77	224	224	0	streams/1141-LAYOUT_VIRIDIAN_CITY_POKEMON_CENTER_HNS.lz	
1142	LAYOUT_WHIRL_ISLANDS_1F_HNS	WhirlIslands_1F_hns_Layout	hns	60	60	7200	5550	11100	data/layouts/WhirlIslands_1F_hns/map.bin	data/layouts/WhirlIslands_1F_hns/map.bin	d2143efd7acc4ab353d6bcd5ed0ec264609a8076e061a3b69a164db2bdc1fc09	96f81313	7200	0	1788	92bb7aec4fabcf2263a0f9f0a7c5af0d491327547bc426a5dbdb70e3480e592a	4978844c	1787	1	gba_lz77	1788	1788	0	streams/1142-LAYOUT_WHIRL_ISLANDS_1F_HNS.lz	
1143	LAYOUT_WHIRL_ISLANDS_B1F_HNS	WhirlIslands_B1F_hns_Layout	hns	86	80	13760	9494	18988	data/layouts/WhirlIslands_B1F_hns/map.bin	data/layouts/WhirlIslands_B1F_hns/map.bin	d4181369de3ec84a023268443e7b847d479b023b5cd25d9fad6211e06b8c208f	931909c4	13760	0	3940	0568acd9922605fdc776cae0743361dd19a3cdcf9ad6dea5727ecb98a4488b99	aedcc86e	3940	0	gba_lz77	3940	3940	0	streams/1143-LAYOUT_WHIRL_ISLANDS_B1F_HNS.lz	
1144	LAYOUT_WHIRL_ISLANDS_B1F_INNER_HNS	WhirlIslands_B1F_Inner_hns_Layout	hns	30	30	1800	1980	3960	data/layouts/WhirlIslands_B1F_Inner_hns/map.bin	data/layouts/WhirlIslands_B1F_Inner_hns/map.bin	8dc30b4d1aec7f401fd1f383526041b7a40daf3bd385bffbeab60bf69d7cc606	14f9c790	1800	0	320	ece0b60dfa153d24b2bf4d718d53100be56d081f17eae4c69825a4e0cf881307	d746b456	320	0	gba_lz77	320	320	0	streams/1144-LAYOUT_WHIRL_ISLANDS_B1F_INNER_HNS.lz	
1145	LAYOUT_WHIRL_ISLANDS_B2F_HNS	WhirlIslands_B2F_hns_Layout	hns	70	27	3780	3485	6970	data/layouts/WhirlIslands_B2F_hns/map.bin	data/layouts/WhirlIslands_B2F_hns/map.bin	bc771787dac922ea54c9ff7f96b5edcb674c3fcaaef4e0233ca1941fae601c10	f2c8a9c2	3780	0	916	b143f17ede27d0f4cf032054587b61fdcb33119744f03a85c07b93c9233ebf26	5ebaf5bc	915	1	gba_lz77	916	916	0	streams/1145-LAYOUT_WHIRL_ISLANDS_B2F_HNS.lz	
1146	LAYOUT_WHIRL_ISLANDS_B3F_HNS	WhirlIslands_B3F_hns_Layout	hns	70	27	3780	3485	6970	data/layouts/WhirlIslands_B3F_hns/map.bin	data/layouts/WhirlIslands_B3F_hns/map.bin	9c23b0a7d375d23a770163e46e286432c87ac772d58f04691b703b82c11d1508	c13d6d5f	3780	0	1080	ba28f92ee3f5f34354096f5f4f036f43587203d6a93537ed46d489d816d0d7af	c493ace4	1079	1	gba_lz77	1080	1080	0	streams/1146-LAYOUT_WHIRL_ISLANDS_B3F_HNS.lz	
1147	LAYOUT_WHIRL_ISLANDS_DESCENT_HNS	WhirlIslands_Descent_hns_Layout	hns	70	101	14140	9775	19550	data/layouts/WhirlIslands_Descent_hns/map.bin	data/layouts/WhirlIslands_Descent_hns/map.bin	634bf684326c037072f709859903acea0dafc0e5e1b182c42f4bd82c32e4a642	4cd81411	14140	0	3328	24aa46bff7e29c51eb755978cc60fd87eb5a26440284485a7c798b2283cefda4	31b4e96a	3328	0	gba_lz77	3328	3328	0	streams/1147-LAYOUT_WHIRL_ISLANDS_DESCENT_HNS.lz	
1148	LAYOUT_WHIRL_ISLANDS_LUGIA_CHAMBER_HNS	WhirlIslands_LugiaChamber_hns_Layout	hns	59	40	4720	3996	7992	data/layouts/WhirlIslands_LugiaChamber_hns/map.bin	data/layouts/WhirlIslands_LugiaChamber_hns/map.bin	7895391e2f7cbb1e5492a3ab697f9bdde62d8d86b9b1025611721d3211455264	37abe91a	4720	0	1084	30aaeb7b488fae59e16f578be1e4869248bed9b3dbe5462e7fb529c284d7bd2f	a1aeb626	1082	2	gba_lz77	1084	1084	0	streams/1148-LAYOUT_WHIRL_ISLANDS_LUGIA_CHAMBER_HNS.lz	
1149	LAYOUT_CELADON_CITY_DEPARTMENT_STORE_1F_HNS	CeladonCity_DepartmentStore_1F_hns_Layout	hns	13	16	416	840	1680	data/layouts/CeladonCity_DepartmentStore_1F_hns/map.bin	data/layouts/CeladonCity_DepartmentStore_1F_hns/map.bin	3b8a86f79a674a24b44a81739d0cef4fac8e65dbd70a08137d406d7b0f52c9e8	bb2278f7	416	0	276	1b8b6abff38fd2fe5aced3b9dbf25c15f4091fb43ae8240097018f2a5a0731e5	6261cecf	273	3	gba_lz77	276	276	0	streams/1149-LAYOUT_CELADON_CITY_DEPARTMENT_STORE_1F_HNS.lz	
1150	LAYOUT_CELADON_CITY_DEPARTMENT_STORE_2F_HNS	CeladonCity_DepartmentStore_2F_hns_Layout	hns	13	15	390	812	1624	data/layouts/CeladonCity_DepartmentStore_2F_hns/map.bin	data/layouts/CeladonCity_DepartmentStore_2F_hns/map.bin	7eeba3f7f5d3f1c514602c2511df00e84757e6fe0de6a5e3d917ddaa6d97ae8d	ba005a28	390	0	248	602e484360e63cf77e8733e676ad1090e51ed3f1d80b34dc8f5430978361b02d	2c2aa255	247	1	gba_lz77	248	248	0	streams/1150-LAYOUT_CELADON_CITY_DEPARTMENT_STORE_2F_HNS.lz	
1151	LAYOUT_CELADON_CITY_DEPARTMENT_STORE_3F_HNS	CeladonCity_DepartmentStore_3F_hns_Layout	hns	13	15	390	812	1624	data/layouts/CeladonCity_DepartmentStore_3F_hns/map.bin	data/layouts/CeladonCity_DepartmentStore_3F_hns/map.bin	6d7a59bbea0ecadb59ea01cf6136861ea2654d38b56261bbee3286ff289b89dd	d9dcdfdc	390	0	276	040fd56a70e81c3a3f5a369738fc40aae849feda91bc65b516b801d48679c052	4109d104	274	2	gba_lz77	276	276	0	streams/1151-LAYOUT_CELADON_CITY_DEPARTMENT_STORE_3F_HNS.lz	
1152	LAYOUT_CELADON_CITY_DEPARTMENT_STORE_4F_HNS	CeladonCity_DepartmentStore_4F_hns_Layout	hns	13	15	390	812	1624	data/layouts/CeladonCity_DepartmentStore_4F_hns/map.bin	data/layouts/CeladonCity_DepartmentStore_4F_hns/map.bin	728d495338af4014f9b92ddfb8b0fe4156ec2d3a439821e6fd3702a1007117c9	c2c244da	390	0	280	b8b588ac171c585ca3eabf61ce3cacc1ab025dcb99ce2433e644bd4e8a7303b7	6a5c63a9	278	2	gba_lz77	280	280	0	streams/1152-LAYOUT_CELADON_CITY_DEPARTMENT_STORE_4F_HNS.lz	
1153	LAYOUT_CELADON_CITY_DEPARTMENT_STORE_5F_HNS	CeladonCity_DepartmentStore_5F_hns_Layout	hns	13	15	390	812	1624	data/layouts/CeladonCity_DepartmentStore_5F_hns/map.bin	data/layouts/CeladonCity_DepartmentStore_5F_hns/map.bin	10f7ec91767d1b56bcd5bf964eff9b38e414bd7adeabbf566dfedda20c9bc764	63c37d39	390	0	236	0ad1617ab28185426a5bb18be005ddc12000684c35f0279ee8595adcb4ba7b06	9d0d0734	234	2	gba_lz77	236	236	0	streams/1153-LAYOUT_CELADON_CITY_DEPARTMENT_STORE_5F_HNS.lz	
1154	LAYOUT_CELADON_CITY_GAME_CORNER_HNS	CeladonCity_GameCorner_hns_Layout	hns	21	14	588	1008	2016	data/layouts/CeladonCity_GameCorner_hns/map.bin	data/layouts/CeladonCity_GameCorner_hns/map.bin	436e6aa70f763b3d30afd8add2295d2d3b302abdf3c269a1a944d90ea2ba1503	8c4073c1	588	0	256	031faffeac5e2d175e9da5f5112a0c6d0296ee3700ce0115eefc008e47e4662c	3aed0b1d	255	1	gba_lz77	256	256	0	streams/1154-LAYOUT_CELADON_CITY_GAME_CORNER_HNS.lz	
1155	LAYOUT_CELADON_CITY_GYM_HNS	CeladonCity_Gym_hns_Layout	hns	13	20	520	952	1904	data/layouts/CeladonCity_Gym_hns/map.bin	data/layouts/CeladonCity_Gym_hns/map.bin	6a65418f1b98f57c3e9607590056ba041218bfc39d3b5752d7ce25508b6d0d4f	b5c15e39	520	0	292	28e0bcd66b4b156cc41ed129064997226b6b8e4160a30464ab5d7003a8da4682	db26e75a	292	0	gba_lz77	292	292	0	streams/1155-LAYOUT_CELADON_CITY_GYM_HNS.lz	
1156	LAYOUT_CELADON_CITY_HNS	CeladonCity_hns_Layout	hns	60	40	4800	4050	8100	data/layouts/CeladonCity_hns/map.bin	data/layouts/CeladonCity_hns/map.bin	06425266944a5c048520b1a9304d9f18e1c277bc3284be92a0de3de72e96a4ad	f309ea48	4800	0	1836	31c9aeeb1a85506c13fbf92d06c4bbdf276f89bf8c2c29b05eac36454bb2a63a	5b39d0fd	1833	3	gba_lz77	1836	1836	0	streams/1156-LAYOUT_CELADON_CITY_HNS.lz	
1157	LAYOUT_CERULEAN_CAVE_1F_HNS	CeruleanCave_1F_hns_Layout	hns	44	27	2376	2419	4838	data/layouts/CeruleanCave_1F_hns/map.bin	data/layouts/CeruleanCave_1F_hns/map.bin	04c10e74007fc12d011f3992516021645585675053a4a48d2022efe441db4932	96a291da	2376	0	716	c065ac9fc37aaa2b2db5f0fd6729d3cadb9373604f50d449f6c4ba8a98c3a79f	f7bd5fb0	716	0	gba_lz77	716	716	0	streams/1157-LAYOUT_CERULEAN_CAVE_1F_HNS.lz	
1158	LAYOUT_CERULEAN_CAVE_B1F_HNS	CeruleanCave_B1F_hns_Layout	hns	42	25	2100	2223	4446	data/layouts/CeruleanCave_B1F_hns/map.bin	data/layouts/CeruleanCave_B1F_hns/map.bin	1e75042dfb0a2842092bc0e8027ffca4553403953e30753e6d0128450093da9c	2d8f9a1e	2100	0	516	55d3074f2bebc386087699b56887fad2f920886582c28218fdc337f587c5e6d5	3ed4c234	515	1	gba_lz77	516	516	0	streams/1158-LAYOUT_CERULEAN_CAVE_B1F_HNS.lz	
1159	LAYOUT_CERULEAN_CITY_BIKE_SHOP_HNS	CeruleanCity_BikeShop_hns_Layout	hns	11	10	220	624	1248	data/layouts/CeruleanCity_BikeShop_hns/map.bin	data/layouts/CeruleanCity_BikeShop_hns/map.bin	2a61159fe21caf105f51b65a1e084f27b4de533995589952a45f73cbaf5bb0fa	a754ecf2	220	0	100	df75c96f8b2fb922f4eee2837d8123e31c0605bc416ef500fa5986e5133cceb6	91b5127d	97	3	gba_lz77	100	100	0	streams/1159-LAYOUT_CERULEAN_CITY_BIKE_SHOP_HNS.lz	
1160	LAYOUT_CERULEAN_CITY_GYM_HNS	CeruleanCity_Gym_hns_Layout	hns	17	20	680	1088	2176	data/layouts/CeruleanCity_Gym_hns/map.bin	data/layouts/CeruleanCity_Gym_hns/map.bin	e48f05de90b311ab080a66d49beaa6fd66014798ea8ac5f5c80d0eb3cfe53c21	182d1097	680	0	304	3cee8bda6180c726ab95f74d42cea5eb5cd85a32b26e87f982efab046277e275	b28e7c45	301	3	gba_lz77	304	304	0	streams/1160-LAYOUT_CERULEAN_CITY_GYM_HNS.lz	
1161	LAYOUT_CERULEAN_CITY_HOUSE1_HNS	CeruleanCity_House1_hns_Layout	hns	13	10	260	672	1344	data/layouts/CeruleanCity_House1_hns/map.bin	data/layouts/CeruleanCity_House1_hns/map.bin	5135420032c1608867993c52ba9dd92a06f94dab9910c20b374866a2a88f438b	6f1a32b7	260	0	168	d1c0faa3ed539cbe6b4ede6663fe98c777512517ccd2cdae8ca491d3aa558884	967f0135	165	3	gba_lz77	168	168	0	streams/1161-LAYOUT_CERULEAN_CITY_HOUSE1_HNS.lz	
1162	LAYOUT_CERULEAN_CITY_HOUSE2_HNS	CeruleanCity_House2_hns_Layout	hns	13	10	260	672	1344	data/layouts/CeruleanCity_House2_hns/map.bin	data/layouts/CeruleanCity_House2_hns/map.bin	517191f70f60587e544d08097dc205e58ce11b5c389bba26e90818dcbeb096b4	38a485ce	260	0	160	c8d19359f29f3fbe97c18a917d3ebdd7cedc0acea695313c534141392ba5b613	9f70cd4d	159	1	gba_lz77	160	160	0	streams/1162-LAYOUT_CERULEAN_CITY_HOUSE2_HNS.lz	
1163	LAYOUT_CERULEAN_CITY_HNS	CeruleanCity_hns_Layout	hns	58	51	5916	4745	9490	data/layouts/CeruleanCity_hns/map.bin	data/layouts/CeruleanCity_hns/map.bin	bade52bf6886a51bf7c3a0cce5a30d9b2884b44a2cf70b6615378f67aa3a6982	78c3ba68	5916	0	1776	073d202db355fb511e53699f914360f8ef37217ac041f3737b5b90faf7f31128	974bb64a	1775	1	gba_lz77	1776	1776	0	streams/1163-LAYOUT_CERULEAN_CITY_HNS.lz	
1164	LAYOUT_CINNABAR_ISLAND_HNS	CinnabarIsland_hns_Layout	hns	72	44	6336	5046	10092	data/layouts/CinnabarIsland_hns/map.bin	data/layouts/CinnabarIsland_hns/map.bin	fe5e79b753314f675eb0a03a0db2db4a8dd29c612c98f3cd9ee03b20ea0516bb	3c428d2d	6336	0	1552	1ec3085494fb9d14781bf3850d9dc13976214215d418147b4bdc1275014f3eb3	38fcf663	1552	0	gba_lz77	1552	1552	0	streams/1164-LAYOUT_CINNABAR_ISLAND_HNS.lz	
1165	LAYOUT_FUCHSIA_CITY_GYM_HNS	FuchsiaCity_Gym_hns_Layout	hns	15	23	690	1110	2220	data/layouts/FuchsiaCity_Gym_hns/map.bin	data/layouts/FuchsiaCity_Gym_hns/map.bin	82efb3d49416ead1e7813191f152cd21c008449121f48e063821d080c02edee4	67cfc779	690	0	188	e74295b530235dde423dd9af66991d7fb444335dd64e6630f06ccc3d53144f7f	10a2e29e	186	2	gba_lz77	188	188	0	streams/1165-LAYOUT_FUCHSIA_CITY_GYM_HNS.lz	
1166	LAYOUT_FUCHSIA_CITY_HOUSE2_HNS	FuchsiaCity_House2_hns_Layout	hns	13	10	260	672	1344	data/layouts/FuchsiaCity_House2_hns/map.bin	data/layouts/FuchsiaCity_House2_hns/map.bin	80891ece188a189ae2aa4366d2650a52e7fe7896dfe25f5876caab7b3df5b2df	6891b710	260	0	160	d66a8bd2c6bfc74f2e4acdf5473b7803e6b7a06a51481293488b133228848210	b2fe8cb9	157	3	gba_lz77	160	160	0	streams/1166-LAYOUT_FUCHSIA_CITY_HOUSE2_HNS.lz	
1167	LAYOUT_FUCHSIA_CITY_SAFARI_ZONE_ENTRANCE_HNS	FuchsiaCity_SafariZoneGate_SafariZoneGate_SafariZoneEntrance_hns_Layout	hns	15	15	450	870	1740	data/layouts/FuchsiaCity_SafariZoneEntrance_hns/map.bin	data/layouts/FuchsiaCity_SafariZoneEntrance_hns/map.bin	3416f672a252a953139ceeac1a9c864f45998b69b24d8d1f1c018ef5f140cac4	93ac5689	450	0	232	d1cfe91e993d509d7126fbee79c69a0ccec38621bb4097eadb68f9ced7d14c64	03795193	231	1	gba_lz77	232	232	0	streams/1167-LAYOUT_FUCHSIA_CITY_SAFARI_ZONE_ENTRANCE_HNS.lz	
1168	LAYOUT_FUCHSIA_CITY_HNS	FuchsiaCity_hns_Layout	hns	48	40	3840	3402	6804	data/layouts/FuchsiaCity_hns/map.bin	data/layouts/FuchsiaCity_hns/map.bin	eecc330562b7522b2758a622e658e4265d26acc3ffda51293a1f6fe151a1f0c2	cbc6596e	3840	0	1328	885272035e5c62c06b0831dbedbd881ef205ddee3030087f449bd11325c13d2f	6156a593	1327	1	gba_lz77	1328	1328	0	streams/1168-LAYOUT_FUCHSIA_CITY_HNS.lz	
1169	LAYOUT_LAVENDER_TOWN_HNS	LavenderTown_hns_Layout	hns	38	31	2356	2385	4770	data/layouts/LavenderTown_hns/map.bin	data/layouts/LavenderTown_hns/map.bin	c9c7319fea2824d5669ffe1d0f9b7b338441f368a3f9f3d4091f68a020075a78	d93ec1f4	2356	0	800	3a20a2de57c428e2fb76ec2f62634fbb549c55f8c399afbf0a8d37350ad6fffe	7254f337	797	3	gba_lz77	800	800	0	streams/1169-LAYOUT_LAVENDER_TOWN_HNS.lz	
1170	LAYOUT_PALLET_TOWN_HNS	PalletTown_hns_Layout	hns	24	20	960	1326	2652	data/layouts/PalletTown_hns/map.bin	data/layouts/PalletTown_hns/map.bin	162c76bf42c16588378c8b82228de0fc2a819cefdaceace0217e400785c87b60	f3a3e005	960	0	404	d57dfab64a99dc83674eff90cee599dbcce933ded90aeb0fef152f7f92330ca8	003d608c	404	0	gba_lz77	404	404	0	streams/1170-LAYOUT_PALLET_TOWN_HNS.lz	
1171	LAYOUT_PEWTER_CITY_GYM_HNS	PewterCity_Gym_hns_Layout	hns	13	16	416	840	1680	data/layouts/PewterCity_Gym_hns/map.bin	data/layouts/PewterCity_Gym_hns/map.bin	e00f2ed9d22af2566a3fb0da58b585c39b575231a62b24e6c649a056e186be97	abf19d91	416	0	236	cf50f830ba2e67b01d64fbe137f74b46a0fedcd1cce53576f5368646ad7bdb89	12954f7f	235	1	gba_lz77	236	236	0	streams/1171-LAYOUT_PEWTER_CITY_GYM_HNS.lz	
1172	LAYOUT_PEWTER_CITY_MUSEUM_1F_HNS	PewterCity_Museum_1F_hns_Layout	hns	28	11	616	1075	2150	data/layouts/PewterCity_Museum_1F_hns/map.bin	data/layouts/PewterCity_Museum_1F_hns/map.bin	4e88192c1ad3d43b00ae2b9660368e33e26d07c444d06bd9b4e21e22e57a6d26	eae1fae8	616	0	272	e54b32a56b321a0df9b265df07b12fe5e904a230dec6db3429d7f328eeca269e	88a8e4ea	271	1	gba_lz77	272	272	0	streams/1172-LAYOUT_PEWTER_CITY_MUSEUM_1F_HNS.lz	
1173	LAYOUT_PEWTER_CITY_MUSEUM_2F_HNS	PewterCity_Museum_2F_hns_Layout	hns	19	10	380	816	1632	data/layouts/PewterCity_Museum_2F_hns/map.bin	data/layouts/PewterCity_Museum_2F_hns/map.bin	b2e2563c5957f49a3deb5b4496cc7024346efd8b00f41ccb113e899ec6409934	edb98976	380	0	188	50d8f093d7480f138b3c0e874f79e7c8375db99d6be31fef77b75d33c3c2b540	9d157647	186	2	gba_lz77	188	188	0	streams/1173-LAYOUT_PEWTER_CITY_MUSEUM_2F_HNS.lz	
1174	LAYOUT_PEWTER_CITY_HNS	PewterCity_hns_Layout	hns	52	44	4576	3886	7772	data/layouts/PewterCity_hns/map.bin	data/layouts/PewterCity_hns/map.bin	0482e6f3024c3f72aff3929115e6b224d4363601a94ae722ad6b820f23bff95c	91b628c1	4576	0	1452	568d9faca023d223518cc198089eafea0f9c040a89573fb932a6154f09d410df	66da1f52	1449	3	gba_lz77	1452	1452	0	streams/1174-LAYOUT_PEWTER_CITY_HNS.lz	
1175	LAYOUT_POKEMON_LEAGUE_BRUNOS_ROOM_HNS	PokemonLeague_BrunosRoom_hns_Layout	hns	13	13	338	756	1512	data/layouts/PokemonLeague_BrunosRoom_hns/map.bin	data/layouts/PokemonLeague_BrunosRoom_hns/map.bin	b2b1a1fbde39860a3fc6bdb6fcecbcab2a845066caff440d32e9636b901b7a40	6b89400a	338	0	208	517cbb038ee554e29cf4354dc68fb0d96538bbaf8ad24313fbdc8ae0ffc8b197	8c571bdf	206	2	gba_lz77	208	208	0	streams/1175-LAYOUT_POKEMON_LEAGUE_BRUNOS_ROOM_HNS.lz	
1176	LAYOUT_POKEMON_LEAGUE_CHAMPIONS_ROOM_HNS	PokemonLeague_ChampionsRoom_hns_Layout	hns	13	20	520	952	1904	data/layouts/PokemonLeague_ChampionsRoom_hns/map.bin	data/layouts/PokemonLeague_ChampionsRoom_hns/map.bin	b74b8b98edd35589c1f95552ff6b02bacf1c9adc2602605cb6844714a14a254e	2fb24b49	520	0	348	0d4a45c82732bb39b0d7401d20791f358684b36cc1803f00cbef9ea58046a256	71726a5d	345	3	gba_lz77	348	348	0	streams/1176-LAYOUT_POKEMON_LEAGUE_CHAMPIONS_ROOM_HNS.lz	
1177	LAYOUT_POKEMON_LEAGUE_HALL_OF_FAME_HNS	PokemonLeague_HallOfFame_hns_Layout	hns	11	13	286	702	1404	data/layouts/PokemonLeague_HallOfFame_hns/map.bin	data/layouts/PokemonLeague_HallOfFame_hns/map.bin	eae3f2adb1949108bb9fd4b02c28c53ebb19e26af2396eeb23095a5ecbf09a95	49aad236	286	0	188	33cbeffbfa316d34e1cc0c0f295b3923659106159071f4b558f3b1122c9d1386	ea3e2618	187	1	gba_lz77	188	188	0	streams/1177-LAYOUT_POKEMON_LEAGUE_HALL_OF_FAME_HNS.lz	
1178	LAYOUT_ROCK_TUNNEL_1F_HNS	RockTunnel_1F_hns_Layout	hns	48	50	4800	4032	8064	data/layouts/RockTunnel_1F_hns/map.bin	data/layouts/RockTunnel_1F_hns/map.bin	60d59255eee37424db2e89feb207e7faceb933e7c55230789b007e1048f37a8a	5cc6f624	4800	0	1048	96606c7228fd3e03a041ecea752b3f316322ce5110102c2218619472242c634f	560927e0	1047	1	gba_lz77	1048	1048	0	streams/1178-LAYOUT_ROCK_TUNNEL_1F_HNS.lz	
1179	LAYOUT_ROCK_TUNNEL_B1F_HNS	RockTunnel_B1F_hns_Layout	hns	58	40	4640	3942	7884	data/layouts/RockTunnel_B1F_hns/map.bin	data/layouts/RockTunnel_B1F_hns/map.bin	7c0b3fdceb523d2dd92dff2b6a14efc4db789a1519f718ec2a229dcd8ea713b0	9c50a6ac	4640	0	976	16b68bc2f1716be2c7131f1089fceed761b31c89c72b526c6e83423c455cbb0a	97e76fad	976	0	gba_lz77	976	976	0	streams/1179-LAYOUT_ROCK_TUNNEL_B1F_HNS.lz	
1180	LAYOUT_ROCKET_HIDEOUT_B1F_HNS	RocketHideout_B1F_hns_Layout	hns	66	33	4356	3807	7614	data/layouts/RocketHideout_B1F_hns/map.bin	data/layouts/RocketHideout_B1F_hns/map.bin	b33673aa4d7dd0da31ba63fed78bfde81865fae3fafeda208c90341806779476	01d3cfbc	4356	0	740	44b4de80525a31cd20afcf245c04d8f0a0ffba02565565e62a803b96a44da6e5	23e00a9e	740	0	gba_lz77	740	740	0	streams/1180-LAYOUT_ROCKET_HIDEOUT_B1F_HNS.lz	
1181	LAYOUT_ROCKET_HIDEOUT_B2F_HNS	RocketHideout_B2F_hns_Layout	hns	38	30	2280	2332	4664	data/layouts/RocketHideout_B2F_hns/map.bin	data/layouts/RocketHideout_B2F_hns/map.bin	b0a02fd67bf8e937337eecf521a4834ff5a97dd4d6e51f6394e99e2b05f36684	d8a45ba4	2280	0	536	50a3b7b3476b04bcbb277c7419154899bc737f0c985440e444db879570a7e775	a3893e6d	536	0	gba_lz77	536	536	0	streams/1181-LAYOUT_ROCKET_HIDEOUT_B2F_HNS.lz	
1182	LAYOUT_ROCKET_HIDEOUT_B3F_HNS	RocketHideout_B3F_hns_Layout	hns	36	22	1584	1836	3672	data/layouts/RocketHideout_B3F_hns/map.bin	data/layouts/RocketHideout_B3F_hns/map.bin	92b373bc918336f7dcdd25f00464dae0a8fb2039178a3731bb29e93eeb565708	8537dd7f	1584	0	452	f066809beffb61d16b639d911999f305419a14b48cabec333355558bbfa39a19	db7d8c04	452	0	gba_lz77	452	452	0	streams/1182-LAYOUT_ROCKET_HIDEOUT_B3F_HNS.lz	
1183	LAYOUT_ROUTE10_HNS	Route10_hns_Layout	hns	38	90	6840	5512	11024	data/layouts/Route10_hns/map.bin	data/layouts/Route10_hns/map.bin	0bdd8c2b0ea5cd20e395875099247a0a64db68bf07ba5b0537f5bd79fed246ac	66a9f0f1	6840	0	1672	fd1a2a3ef4970d83aed0827fd64c5a9074a9a876ae740e1f2e624678330d22e5	d641df75	1671	1	gba_lz77	1672	1672	0	streams/1183-LAYOUT_ROUTE10_HNS.lz	
1184	LAYOUT_ROUTE11_HNS	Route11_hns_Layout	hns	72	40	5760	4698	9396	data/layouts/Route11_hns/map.bin	data/layouts/Route11_hns/map.bin	67fa8874dd7226296b9d7653a99c4c992e830d4ff7c21378af4ea8de5d5701fa	3e84db08	5760	0	1100	25ec363437c7b166ba9e93da107144f26d733c48d6d8235987ba3cdbd67a4abc	3164f7bf	1097	3	gba_lz77	1100	1100	0	streams/1184-LAYOUT_ROUTE11_HNS.lz	
1185	LAYOUT_ROUTE12_HNS	Route12_hns_Layout	hns	38	90	6840	5512	11024	data/layouts/Route12_hns/map.bin	data/layouts/Route12_hns/map.bin	a2c11fa41c32489e76eb7581902215c932a342a2bcf9dbd2bf1180b5170e41ff	a196fdd3	6840	0	1292	dadd69c9fe4efe38241a029de45375b82577e4714b691cb0520440a77fbea4d8	5abe44ac	1289	3	gba_lz77	1292	1292	0	streams/1185-LAYOUT_ROUTE12_HNS.lz	
1186	LAYOUT_ROUTE13_HNS	Route13_hns_Layout	hns	104	32	6656	5474	10948	data/layouts/Route13_hns/map.bin	data/layouts/Route13_hns/map.bin	b58932f999510fbb6a2ebedfdfa4242d7c58be88eda2f35490468ab33ee5074a	5b5e1071	6656	0	1304	b4260b18ebff3c938f5f777c4dc51b43d19959536cd4c6d3e57a22c7431feefe	5d8c8998	1304	0	gba_lz77	1304	1304	0	streams/1186-LAYOUT_ROUTE13_HNS.lz	
1187	LAYOUT_ROUTE14_HNS	Route14_hns_Layout	hns	26	62	3224	3116	6232	data/layouts/Route14_hns/map.bin	data/layouts/Route14_hns/map.bin	cbbed8714bb442d706b4526935848a57907353ef8adefe250b1aa88f1797a7cd	25862f1f	3224	0	736	2b4e10dc84554840f0e6db435bff6d49c6510cb3e7fa7141db13d95985c2ff7a	fabda929	733	3	gba_lz77	736	736	0	streams/1187-LAYOUT_ROUTE14_HNS.lz	
1188	LAYOUT_ROUTE15_HNS	Route15_hns_Layout	hns	96	32	6144	5106	10212	data/layouts/Route15_hns/map.bin	data/layouts/Route15_hns/map.bin	70413cf415e1e64756975e6692a8aeaddd3de5efc00f5ad162889eec982b2a1e	efaebed4	6144	0	1124	a972781249c2ea214eb922e39db3f4c4dc41098125fbae1afe4919878ac42ce7	21491e31	1121	3	gba_lz77	1124	1124	0	streams/1188-LAYOUT_ROUTE15_HNS.lz	
1189	LAYOUT_ROUTE16_HNS	Route16_hns_Layout	hns	64	52	6656	5214	10428	data/layouts/Route16_hns/map.bin	data/layouts/Route16_hns/map.bin	2881652362045c10dec2ee76e1f8113e0271ef5c42d5f3762f3a07b18bee9725	05347485	6656	0	1324	d12857fe0529e9f8214af06584e9f39c90f746f1d55e6eff09c19ce593617134	0a1afa67	1321	3	gba_lz77	1324	1324	0	streams/1189-LAYOUT_ROUTE16_HNS.lz	
1190	LAYOUT_ROUTE17_HNS	Route17_hns_Layout	hns	33	158	10428	8256	16512	data/layouts/Route17_hns/map.bin	data/layouts/Route17_hns/map.bin	db03b2f5a1f930952661041fb846c5bbd21ac8c051248a9f01f1b2ed8f879e0a	3b015163	10428	0	1740	8a04875ab37bb6f87948a8d24d20f63b3622b579a9a060cfc9078fd64a6355cd	a5798079	1738	2	gba_lz77	1740	1740	0	streams/1190-LAYOUT_ROUTE17_HNS.lz	
1191	LAYOUT_ROUTE18_HNS	Route18_hns_Layout	hns	60	20	2400	2550	5100	data/layouts/Route18_hns/map.bin	data/layouts/Route18_hns/map.bin	0295618f7b16ffb7454a1db39f34342d50ab801f0b7b8c5abec43665e525b965	956edee4	2400	0	692	2d6853137a2f0059eae9b1daacba11664f239c3e4f80d5d6c7f2e0074075b837	89aff7d4	691	1	gba_lz77	692	692	0	streams/1191-LAYOUT_ROUTE18_HNS.lz	
1192	LAYOUT_ROUTE19_HNS	Route19_hns_Layout	hns	24	60	2880	2886	5772	data/layouts/Route19_hns/map.bin	data/layouts/Route19_hns/map.bin	50eaafbcbd9ba687efbdacaba6cb3f97dd5a1abf8e6428fa8e79b38606caeab5	22974b0e	2880	0	720	25fda0c2b6a26f2b7088c4f75ccc3d337a1868ad20c978826ea2e044db6fc74d	8be4b661	720	0	gba_lz77	720	720	0	streams/1192-LAYOUT_ROUTE19_HNS.lz	
1193	LAYOUT_ROUTE1_HNS	Route1_hns_Layout	hns	50	40	4000	3510	7020	data/layouts/Route1_hns/map.bin	data/layouts/Route1_hns/map.bin	8c649130c0d0fc68b6a60e5c9f2fec0f2734b384d031ebbc6562ca11be96c7d8	2fb3d745	4000	0	832	fbd8cd2e1ee62d0d91ceb165a69a55c6e2d391df22b5add442a1adcab85e8f3b	adbfadc8	831	1	gba_lz77	832	832	0	streams/1193-LAYOUT_ROUTE1_HNS.lz	
1194	LAYOUT_ROUTE20_HNS	Route20_hns_Layout	hns	120	20	4800	4590	9180	data/layouts/Route20_hns/map.bin	data/layouts/Route20_hns/map.bin	97ad58df6aeafb473982d61bf89d6680d0c3790542f60f501aa1ef0847fbcda4	c28fa9f1	4800	0	1020	443c05a9adf0f1503c171ba0c8d138013f0a1f1f96e31bc8ff7716e4d22d6ae2	1c91ed53	1018	2	gba_lz77	1020	1020	0	streams/1194-LAYOUT_ROUTE20_HNS.lz	
1195	LAYOUT_ROUTE22_HNS	Route22_hns_Layout	hns	52	28	2912	2814	5628	data/layouts/Route22_hns/map.bin	data/layouts/Route22_hns/map.bin	c279f212964115f1e67c3f27dd8e87db1c1338842d3e67e93c6b303c0294c06a	c400f02b	2912	0	800	fdfcbbf0dff912e2fbd9b3127f97098250056b2a7064704fef16a7ebc334b073	0001de1f	798	2	gba_lz77	800	800	0	streams/1195-LAYOUT_ROUTE22_HNS.lz	
1196	LAYOUT_ROUTE23_HNS	Route23_hns_Layout	hns	24	160	7680	6786	13572	data/layouts/Route23_hns/map.bin	data/layouts/Route23_hns/map.bin	6c0502b59733dd1003cb21ac85a18bef38770716c0c8472f569335c23e55c395	ba7832d6	7680	0	2148	38da5b97239ef3c5b7b84f48e8ef84fc5d86021065455963f1cb0ff294e91dbf	84cd22e1	2146	2	gba_lz77	2148	2148	0	streams/1196-LAYOUT_ROUTE23_HNS.lz	
1197	LAYOUT_ROUTE24_HNS	Route24_hns_Layout	hns	30	22	1320	1620	3240	data/layouts/Route24_hns/map.bin	data/layouts/Route24_hns/map.bin	56f43c61dfc7c2557a7673dd56fbf3f7a310c7ff59002e8243c58e4e6bd67696	d050bc58	1320	0	300	5448cc714fbf0c50377936802a83ec59508c98ee6b68f3cf6d82911c20ce3487	e23846fa	298	2	gba_lz77	300	300	0	streams/1197-LAYOUT_ROUTE24_HNS.lz	
1198	LAYOUT_ROUTE25_HNS	Route25_hns_Layout	hns	112	35	7840	6223	12446	data/layouts/Route25_hns/map.bin	data/layouts/Route25_hns/map.bin	dd64b28002cadcc2c40d4d761a61c6cf70de83a5d392c46aa228a4e647f94809	56c689c4	7840	0	1820	bac0655108720c9785cd69a531a6c53dda5468afd87fc32d6709318195ca4bd8	5f05f9b7	1817	3	gba_lz77	1820	1820	0	streams/1198-LAYOUT_ROUTE25_HNS.lz	
1199	LAYOUT_ROUTE2_HNS	Route2_hns_Layout	hns	30	80	4800	4230	8460	data/layouts/Route2_hns/map.bin	data/layouts/Route2_hns/map.bin	dc42ecfaf990c7030707c7d59f96b7e3a179d6120c3d3dc1293603b5508e684d	96cd7361	4800	0	1252	fae3ccdabd036b68de4367c0a13f4700dbf44ca9a7f6ef9a39360730cbbff1e1	05b057e2	1249	3	gba_lz77	1252	1252	0	streams/1199-LAYOUT_ROUTE2_HNS.lz	
1200	LAYOUT_ROUTE3_HNS	Route3_hns_Layout	hns	84	20	3360	3366	6732	data/layouts/Route3_hns/map.bin	data/layouts/Route3_hns/map.bin	e18e44b55cc934ed662a75756d4acc523c6b2f6a77b6f48acab2b953d353fc23	8a994635	3360	0	860	27c8faf71b4e3c5b432d4345f27737e5f1cf339dc5d8f4c69167b5fc0e6b3920	3045c5fd	860	0	gba_lz77	860	860	0	streams/1200-LAYOUT_ROUTE3_HNS.lz	
1201	LAYOUT_ROUTE4_HNS	Route4_hns_Layout	hns	108	20	4320	4182	8364	data/layouts/Route4_hns/map.bin	data/layouts/Route4_hns/map.bin	51f78730bb9e3bd04122665e9cee10e555de7cd2aa8470bcccc8813ba7496510	6dd34f50	4320	0	1296	9f4d2bbe0f5487d3fa5bae0a44bd20edb5745b20c1cb593e21ffbeaad1f0bd21	bbd220b3	1296	0	gba_lz77	1296	1296	0	streams/1201-LAYOUT_ROUTE4_HNS.lz	
1202	LAYOUT_ROUTE5_HNS	Route5_hns_Layout	hns	68	46	6256	4980	9960	data/layouts/Route5_hns/map.bin	data/layouts/Route5_hns/map.bin	fddf0f5b5efadebfd82248690806d36e45be245f80571d860fa220c0f479a6ee	7344cc64	6256	0	1256	6719672e48399bde7ee4ae007128e27c4391ee8b049de1a89dcbe2d5b845507b	e89a87c6	1254	2	gba_lz77	1256	1256	0	streams/1202-LAYOUT_ROUTE5_HNS.lz	
1203	LAYOUT_ROUTE6_HNS	Route6_hns_Layout	hns	63	36	4536	3900	7800	data/layouts/Route6_hns/map.bin	data/layouts/Route6_hns/map.bin	e2170aaad0307e7ad2c879e57d33e16ac9b2eba75c60b62d3206adcb764bddf4	4fff5680	4536	0	1072	0c0f467b41ddc1b16b43400c691ab343c4f36760f6dc406444b4ab967a16868a	2e22ba16	1071	1	gba_lz77	1072	1072	0	streams/1203-LAYOUT_ROUTE6_HNS.lz	
1204	LAYOUT_ROUTE7_HNS	Route7_hns_Layout	hns	20	28	1120	1470	2940	data/layouts/Route7_hns/map.bin	data/layouts/Route7_hns/map.bin	a17996ae6e484bd31c75734c7d08f669ade873177cd9f2cf976f6bcc403b157d	c65b2ec0	1120	0	400	677a89ee5db527ff9209a2a9d32c473f4665eb73abe1209b5594e0fe33b1b51c	a0f1ab98	398	2	gba_lz77	400	400	0	streams/1204-LAYOUT_ROUTE7_HNS.lz	
1205	LAYOUT_ROUTE8_HNS	Route8_hns_Layout	hns	68	40	5440	4482	8964	data/layouts/Route8_hns/map.bin	data/layouts/Route8_hns/map.bin	d2048f390706ddd3721bafbedfa0b9ed0947c5fb9da0fecd13fcec716a0b48f5	4193f301	5440	0	1160	c90e038ae05b703959b29d9d0d73056f8d9ae1e825b1bf94e7dc41a973aebea0	cf659966	1157	3	gba_lz77	1160	1160	0	streams/1205-LAYOUT_ROUTE8_HNS.lz	
1206	LAYOUT_ROUTE9_HNS	Route9_hns_Layout	hns	65	60	7800	5920	11840	data/layouts/Route9_hns/map.bin	data/layouts/Route9_hns/map.bin	a75f933ac180ed83fafdfe953b7f8a48fdac6e91421c75758a1328b4ce7e0367	c9ea232a	7800	0	1300	4b2bad525cf0f5fff676fd4a851dc9397f5e1a2ca04b9551018ae76fc779825f	b6d230b1	1300	0	gba_lz77	1300	1300	0	streams/1206-LAYOUT_ROUTE9_HNS.lz	
1207	LAYOUT_SAFFRON_CITY_GYM_HNS	SaffronCity_Gym_hns_Layout	hns	29	25	1450	1716	3432	data/layouts/SaffronCity_Gym_hns/map.bin	data/layouts/SaffronCity_Gym_hns/map.bin	a7a576092e5fc9f442c1dcc57d80bbb3a144c9654423d4fa746f7714b83a05b4	740d8da8	1450	0	300	4b186255beea627656fe921f126c02d26c71a46832879a226de8e8752bd97442	e66dc1b8	299	1	gba_lz77	300	300	0	streams/1207-LAYOUT_SAFFRON_CITY_GYM_HNS.lz	
1208	LAYOUT_SAFFRON_CITY_HNS	SaffronCity_hns_Layout	hns	66	55	7260	5589	11178	data/layouts/SaffronCity_hns/map.bin	data/layouts/SaffronCity_hns/map.bin	4addbd307003935fd54dd8ac5509b6ba0084cf45139b67ec5a5552612d9656ac	8b2e2f3e	7260	0	2132	9c98e49d09ba87b3b0b0839689e8454060ceeb7a40cd09242a24ec7f9ca98ab4	bf0926a2	2131	1	gba_lz77	2132	2132	0	streams/1208-LAYOUT_SAFFRON_CITY_HNS.lz	
1209	LAYOUT_SEAFOAM_ISLANDS_1F_HNS	SeafoamIslands_1F_hns_Layout	hns	66	56	7392	5670	11340	data/layouts/SeafoamIslands_1F_hns/map.bin	data/layouts/SeafoamIslands_1F_hns/map.bin	fcfeec632decda1c5ac092f43584583b24b883c9e0f64a3f9ec404aef1ff82af	6fddea2d	7392	0	1404	a69fc0aff9343d6702e81d0842a3b38890570f69944b8d67b7facf9e1e9452ce	f690603e	1404	0	gba_lz77	1404	1404	0	streams/1209-LAYOUT_SEAFOAM_ISLANDS_1F_HNS.lz	
1210	LAYOUT_SEAFOAM_ISLANDS_B1F_HNS	SeafoamIslands_B1F_hns_Layout	hns	66	56	7392	5670	11340	data/layouts/SeafoamIslands_B1F_hns/map.bin	data/layouts/SeafoamIslands_B1F_hns/map.bin	56143a79f71cb232ffd8c201dfdfc817f2442bb85c089b2444dc8c724c6d5179	c5b488fd	7392	0	1292	3de81ea51e0a0e933e48da10a97be66d9e93e876b67f7173ed9957cfb2049559	7801967f	1289	3	gba_lz77	1292	1292	0	streams/1210-LAYOUT_SEAFOAM_ISLANDS_B1F_HNS.lz	
1211	LAYOUT_VERMILION_CITY_GYM_HNS	VermilionCity_Gym_hns_Layout	hns	11	21	462	910	1820	data/layouts/VermilionCity_Gym_hns/map.bin	data/layouts/VermilionCity_Gym_hns/map.bin	f943541ae4e8ee9a251b0892b5f9bf4bd14744e73cde5158e86a10656842cb64	d93303b7	462	0	220	2e1ce2c183de664ccbe5f73a86204f4ba6220a2cd2404ca59a0ad837951906a6	da3751f3	218	2	gba_lz77	220	220	0	streams/1211-LAYOUT_VERMILION_CITY_GYM_HNS.lz	
1212	LAYOUT_VERMILION_CITY_HNS	VermilionCity_hns_Layout	hns	71	55	7810	5934	11868	data/layouts/VermilionCity_hns/map.bin	data/layouts/VermilionCity_hns/map.bin	d11cdc01543b133a19c3d37957704a706c7ff0e1bb6237fac7427a10e5a973fa	6b706809	7810	0	2196	3419c64a2920673245968b90a4621e5cf69568f382a396fc300d58f4aed80167	9eaa958e	2195	1	gba_lz77	2196	2196	0	streams/1212-LAYOUT_VERMILION_CITY_HNS.lz	
1213	LAYOUT_VIRIDIAN_CITY_GYM_HNS	ViridianCity_Gym_hns_Layout	hns	11	22	484	936	1872	data/layouts/ViridianCity_Gym_hns/map.bin	data/layouts/ViridianCity_Gym_hns/map.bin	ce5cd31724f5e0f6d6c96603e9b9dc1f182e0fcb5faeb02fbde3fb7ab44e8f6c	abe53cb1	484	0	268	7eaa2cacef6fa866ad6202e9a3f9c1f6f19ee3958d58048a4d55fc6d57188232	d605a4cc	268	0	gba_lz77	268	268	0	streams/1213-LAYOUT_VIRIDIAN_CITY_GYM_HNS.lz	
1214	LAYOUT_VIRIDIAN_CITY_HNS	ViridianCity_hns_Layout	hns	56	50	5600	4544	9088	data/layouts/ViridianCity_hns/map.bin	data/layouts/ViridianCity_hns/map.bin	3eeb431f963f3656c3a83bbe1023273a71a7b8ef916a33e3b47c7b61e99706fc	a50ddcf7	5600	0	1580	4165bceaeb647bf7c7e8b18dbe83071cc0e53902aa96a3291a5878c9016a9c61	fa2922c9	1577	3	gba_lz77	1580	1580	0	streams/1214-LAYOUT_VIRIDIAN_CITY_HNS.lz	
1215	LAYOUT_VIRIDIAN_FOREST_HNS	ViridianForest_hns_Layout	hns	74	79	11692	8277	16554	data/layouts/ViridianForest_hns/map.bin	data/layouts/ViridianForest_hns/map.bin	9c53be844f5598313710fd5bb3c0f4ef5269a62ed484186b5e6f4dddaeb572c1	e051d11e	11692	0	2568	3a2142c3e2bdf3907db2e66ad0e8f64f80b5721a476c053d82c352d8beadaea7	5913957d	2568	0	gba_lz77	2568	2568	0	streams/1215-LAYOUT_VIRIDIAN_FOREST_HNS.lz	
1216	LAYOUT_SOUTHERN_ISLAND_EXTERIOR_HNS	SouthernIsland_Exterior_hns_Layout	hns	33	30	1980	2112	4224	data/layouts/SouthernIsland_Exterior_hns/map.bin	data/layouts/SouthernIsland_Exterior_hns/map.bin	cbc829d4d152ad97f40e7d703b71e0d9c5ac7daf4629e821e1b79da7ff4a0d42	1bb435ea	1980	0	572	270d4c9007a34bfb564f3d45e6d2e7e30b9b69c0b8ca9df05ccb461f962cf06d	5951714f	571	1	gba_lz77	572	572	0	streams/1216-LAYOUT_SOUTHERN_ISLAND_EXTERIOR_HNS.lz	
1217	LAYOUT_SOUTHERN_ISLAND_INTERIOR_HNS	SouthernIsland_Interior_hns_Layout	hns	27	24	1296	1596	3192	data/layouts/SouthernIsland_Interior_hns/map.bin	data/layouts/SouthernIsland_Interior_hns/map.bin	be8285cee1976fa3850d23c805b9496d44c2fea0dc09f575a02069831b7a2851	151d2d5e	1296	0	336	62b96731d316294a4a6acdc8c6b672d71024110a6965f77565dadfe0c6d9956f	528dec87	336	0	gba_lz77	336	336	0	streams/1217-LAYOUT_SOUTHERN_ISLAND_INTERIOR_HNS.lz	
1218	LAYOUT_FARAWAY_ISLAND_ENTRANCE_HNS	FarawayIsland_Entrance_hns_Layout	hns	34	46	3128	2940	5880	data/layouts/FarawayIsland_Entrance_hns/map.bin	data/layouts/FarawayIsland_Entrance_hns/map.bin	c440bbbfe2cc09e7287cc476cf9b5045990ac5af20f0524332b239aa596be0e0	87e9c134	3128	0	992	7a59a8f1431a0fe0504288663658d1c8e98ec2fc7ad64c101c1a9ffdbd0571eb	d14ae89e	989	3	gba_lz77	992	992	0	streams/1218-LAYOUT_FARAWAY_ISLAND_ENTRANCE_HNS.lz	
1219	LAYOUT_FARAWAY_ISLAND_INTERIOR_HNS	FarawayIsland_Interior_hns_Layout	hns	29	26	1508	1760	3520	data/layouts/FarawayIsland_Interior_hns/map.bin	data/layouts/FarawayIsland_Interior_hns/map.bin	228d50c39d4c99edf6b060363672dfddae34ca51f67bd6cb6d0eeca59adb70e4	48906830	1508	0	548	f10e192e44d995ab8d9e96a99277d26923cbb030271df9560a6f6973ce0acb24	d7ec3774	545	3	gba_lz77	548	548	0	streams/1219-LAYOUT_FARAWAY_ISLAND_INTERIOR_HNS.lz	
1220	LAYOUT_BIRTH_ISLAND_EXTERIOR_HNS	BirthIsland_Exterior_hns_Layout	hns	30	30	1800	1980	3960	data/layouts/BirthIsland_Exterior_hns/map.bin	data/layouts/BirthIsland_Exterior_hns/map.bin	9ed4d9e1287bb033e52d5e51f41bf24e5b8b22146c32482752e0f07edc7fffb5	b825568a	1800	0	436	ebf4c81bc75745878c1ae692490c085a2c4fedb76ba5bdfae37940dd09a82514	c8ad4bef	435	1	gba_lz77	436	436	0	streams/1220-LAYOUT_BIRTH_ISLAND_EXTERIOR_HNS.lz	
1221	LAYOUT_ISLAND_HARBOR_HNS	IslandHarbor_hns_Layout	hns	17	13	442	864	1728	data/layouts/IslandHarbor_hns/map.bin	data/layouts/IslandHarbor_hns/map.bin	5a425906de1b1bef15f6d7d7b948f3816e26b10e6cecf3be0451d1eec530bfef	a15b51f8	442	0	156	aa70f95000da1906d59d7fbad51aba3d3784364531668ee9c01e058d6986688f	b1e6978f	156	0	gba_lz77	156	156	0	streams/1221-LAYOUT_ISLAND_HARBOR_HNS.lz	
1222	LAYOUT_BATTLE_FRONTIER_OUTSIDE_WEST_HNS	BattleFrontier_OutsideWest_hns_Layout	hns	56	72	8064	6106	12212	data/layouts/BattleFrontier_OutsideWest_hns/map.bin	data/layouts/BattleFrontier_OutsideWest_hns/map.bin	7615563d3370f68bc1c19d7f33487a4d7085a61b4ffaf06283034b84d682b8a5	67d260be	8064	0	3028	3cadeff7336f4e528403da4cedbf26257356c27c2210caf67756189b476e5a32	9e2c7aa1	3027	1	gba_lz77	3028	3028	0	streams/1222-LAYOUT_BATTLE_FRONTIER_OUTSIDE_WEST_HNS.lz	
1223	LAYOUT_BATTLE_FRONTIER_BATTLE_TOWER_LOBBY_HNS	BattleFrontier_BattleTowerLobby_hns_Layout	hns	25	10	500	960	1920	data/layouts/BattleFrontier_BattleTowerLobby_hns/map.bin	data/layouts/BattleFrontier_BattleTowerLobby_hns/map.bin	6fff6330ce17b9c61dc4a6afd9072b69fa7b57851494f423765687c185e9a616	96fdc3af	500	0	232	bf201ae8f216eefc9da6c9c359f0fe27acf847afe45e5b3545b07ff652b4c7df	788411f3	231	1	gba_lz77	232	232	0	streams/1223-LAYOUT_BATTLE_FRONTIER_BATTLE_TOWER_LOBBY_HNS.lz	
1224	LAYOUT_BATTLE_FRONTIER_BATTLE_TOWER_CORRIDOR_HNS	BattleFrontier_BattleTowerCorridor_hns_Layout	hns	17	5	170	608	1216	data/layouts/BattleFrontier_BattleTowerCorridor_hns/map.bin	data/layouts/BattleFrontier_BattleTowerCorridor_hns/map.bin	d1d2516c0c2f92c9c32a54f648b8c6d9b1d4b4084b5b6b92dfa07d88bf0285f1	a748e405	170	0	80	2063c518b48846a667b63113c6c219372274709389f7490f2ab6c15fc7385451	92554d8c	80	0	gba_lz77	80	80	0	streams/1224-LAYOUT_BATTLE_FRONTIER_BATTLE_TOWER_CORRIDOR_HNS.lz	
1225	LAYOUT_BATTLE_FRONTIER_BATTLE_TOWER_BATTLE_ROOM_HNS	BattleFrontier_BattleTowerBattleRoom_hns_Layout	hns	10	9	180	575	1150	data/layouts/BattleFrontier_BattleTowerBattleRoom_hns/map.bin	data/layouts/BattleFrontier_BattleTowerBattleRoom_hns/map.bin	31f606c9f6d611d96fae041d1e719c91e242eb7f4227e2bfe2f2dac6b2789dd2	113d81c4	180	0	140	3d6e2cc721f79abb4585fb2a0c5bddcf6f97d6cff956911ac0d25fb6d1db7cc9	d6a58290	138	2	gba_lz77	140	140	0	streams/1225-LAYOUT_BATTLE_FRONTIER_BATTLE_TOWER_BATTLE_ROOM_HNS.lz	
1226	LAYOUT_BATTLE_FRONTIER_OUTSIDE_EAST_HNS	BattleFrontier_OutsideEast_hns_Layout	hns	72	72	10368	7482	14964	data/layouts/BattleFrontier_OutsideEast_hns/map.bin	data/layouts/BattleFrontier_OutsideEast_hns/map.bin	5ad74bf0d9488247551ba2d0cfadc921f55f6d4d20df5812a27a94f5723e3362	b0056ae5	10368	0	3836	690a23fb69edda7af8f75ee96b999715deb8f4d5b5720abe07bccd2325effdf4	edf1dc15	3833	3	gba_lz77	3836	3836	0	streams/1226-LAYOUT_BATTLE_FRONTIER_OUTSIDE_EAST_HNS.lz	
1227	LAYOUT_BATTLE_FRONTIER_BATTLE_TOWER_MULTI_PARTNER_ROOM_HNS	BattleFrontier_BattleTowerMultiPartnerRoom_hns_Layout	hns	21	15	630	1044	2088	data/layouts/BattleFrontier_BattleTowerMultiPartnerRoom_hns/map.bin	data/layouts/BattleFrontier_BattleTowerMultiPartnerRoom_hns/map.bin	740a8c140e03f21a9b8e57fd62bf288a18c2c81e169a2bbe495776bb06c6abf2	bd43d883	630	0	132	a4cf3c9dce0a53c373c10aa060ef17a23df32d800156471f177646512e697f08	9770b874	129	3	gba_lz77	132	132	0	streams/1227-LAYOUT_BATTLE_FRONTIER_BATTLE_TOWER_MULTI_PARTNER_ROOM_HNS.lz	
1228	LAYOUT_BATTLE_FRONTIER_BATTLE_TOWER_MULTI_CORRIDOR_HNS	BattleFrontier_BattleTowerMultiCorridor_hns_Layout	hns	17	5	170	608	1216	data/layouts/BattleFrontier_BattleTowerMultiCorridor_hns/map.bin	data/layouts/BattleFrontier_BattleTowerMultiCorridor_hns/map.bin	97609a3ea06a1557abe6af0f28fa9afa06ada297d6adc7da8076389002208a07	1f5c9523	170	0	76	9fabab3302ae5ada88924fde62fde33ad22c736084e262c64c6db334c8c288ec	417b9496	75	1	gba_lz77	76	76	0	streams/1228-LAYOUT_BATTLE_FRONTIER_BATTLE_TOWER_MULTI_CORRIDOR_HNS.lz	
1229	LAYOUT_BATTLE_FRONTIER_BATTLE_DOME_LOBBY_HNS	BattleFrontier_BattleDomeLobby_hns_Layout	hns	23	17	782	1178	2356	data/layouts/BattleFrontier_BattleDomeLobby_hns/map.bin	data/layouts/BattleFrontier_BattleDomeLobby_hns/map.bin	50a8d3304745befcfdc6c3f7802708bdd7480710802b32853613d4f857769efc	64e68a07	782	0	332	c6cf2431f7ca76de7c55a0d4e27ae4080eb56e6f28c8f7846f42d323aab00023	6303909c	329	3	gba_lz77	332	332	0	streams/1229-LAYOUT_BATTLE_FRONTIER_BATTLE_DOME_LOBBY_HNS.lz	
1230	LAYOUT_BATTLE_FRONTIER_BATTLE_DOME_CORRIDOR_HNS	BattleFrontier_BattleDomeCorridor_hns_Layout	hns	48	7	672	1323	2646	data/layouts/BattleFrontier_BattleDomeCorridor_hns/map.bin	data/layouts/BattleFrontier_BattleDomeCorridor_hns/map.bin	c88b5cf9bc48aafcc709ae646b7b93bdca158d810d8901198620920f5c8b2541	67a5febc	672	0	188	8f0934d44d6d937c9a28f7b5226045c2339df6d85cb95df6fcfd40f70fa312f8	d9dbc718	185	3	gba_lz77	188	188	0	streams/1230-LAYOUT_BATTLE_FRONTIER_BATTLE_DOME_CORRIDOR_HNS.lz	
1231	LAYOUT_BATTLE_FRONTIER_BATTLE_DOME_PRE_BATTLE_ROOM_HNS	BattleFrontier_BattleDomePreBattleRoom_hns_Layout	hns	9	8	144	528	1056	data/layouts/BattleFrontier_BattleDomePreBattleRoom_hns/map.bin	data/layouts/BattleFrontier_BattleDomePreBattleRoom_hns/map.bin	38810dbcabb3387790443696a09d12af064215090494043045c823e5875f9ead	b903ced1	144	0	124	2a97f7f4c6a1d62650eeae3bc32b5526391f0df8ccc384d986e7a18274d4e508	f3a339d2	124	0	gba_lz77	124	124	0	streams/1231-LAYOUT_BATTLE_FRONTIER_BATTLE_DOME_PRE_BATTLE_ROOM_HNS.lz	
1232	LAYOUT_BATTLE_FRONTIER_BATTLE_DOME_BATTLE_ROOM_HNS	BattleFrontier_BattleDomeBattleRoom_hns_Layout	hns	20	10	400	840	1680	data/layouts/BattleFrontier_BattleDomeBattleRoom_hns/map.bin	data/layouts/BattleFrontier_BattleDomeBattleRoom_hns/map.bin	e722e38ed684b2bc39790850fded37589b80b365c660d50879bec1b98cc699dc	9a5e4d39	400	0	260	9e078d89cb4c3e0655feeaf4355c992f8ddff68fcd905581757376fc2803aaf0	c28b1232	258	2	gba_lz77	260	260	0	streams/1232-LAYOUT_BATTLE_FRONTIER_BATTLE_DOME_BATTLE_ROOM_HNS.lz	
1233	LAYOUT_BATTLE_FRONTIER_BATTLE_PALACE_LOBBY_HNS	BattleFrontier_BattlePalaceLobby_hns_Layout	hns	25	12	600	1040	2080	data/layouts/BattleFrontier_BattlePalaceLobby_hns/map.bin	data/layouts/BattleFrontier_BattlePalaceLobby_hns/map.bin	eff008da15b3f504fed7d8c763b695e383a85b3492ebd0289c9c4091d886d0ce	7112d1bc	600	0	248	9cfd33dd6193d3edfc05e4443c033fe70dbe0a2b899d60b46d0a1349311f4c19	c79fe55e	247	1	gba_lz77	248	248	0	streams/1233-LAYOUT_BATTLE_FRONTIER_BATTLE_PALACE_LOBBY_HNS.lz	
1234	LAYOUT_BATTLE_FRONTIER_BATTLE_PALACE_CORRIDOR_HNS	BattleFrontier_BattlePalaceCorridor_hns_Layout	hns	17	14	476	896	1792	data/layouts/BattleFrontier_BattlePalaceCorridor_hns/map.bin	data/layouts/BattleFrontier_BattlePalaceCorridor_hns/map.bin	95b0b9c62f31d496e6fe8f6b5167c6c44b4d7bc10a6b7fe014ee2877e0ab71e5	96860714	476	0	196	932b68ebbabadea9a0b34fb89357a53ae75c88c8ea70243760a28c87fcde030a	9421f609	195	1	gba_lz77	196	196	0	streams/1234-LAYOUT_BATTLE_FRONTIER_BATTLE_PALACE_CORRIDOR_HNS.lz	
1235	LAYOUT_BATTLE_FRONTIER_BATTLE_PALACE_BATTLE_ROOM_HNS	BattleFrontier_BattlePalaceBattleRoom_hns_Layout	hns	15	10	300	720	1440	data/layouts/BattleFrontier_BattlePalaceBattleRoom_hns/map.bin	data/layouts/BattleFrontier_BattlePalaceBattleRoom_hns/map.bin	150fdb107c3a5088d7bb2c4a0ef9795ec3727ae71fbd3a4f53c72333bc68ba98	af4e48bb	300	0	180	2df7d4ce0bf5ed34f4a6d64f0fc5f8d954833a6ebf2d3d209fffffef510f2ea3	783dc1d7	178	2	gba_lz77	180	180	0	streams/1235-LAYOUT_BATTLE_FRONTIER_BATTLE_PALACE_BATTLE_ROOM_HNS.lz	
1236	LAYOUT_BATTLE_FRONTIER_BATTLE_PYRAMID_LOBBY_HNS	BattleFrontier_BattlePyramidLobby_hns_Layout	hns	15	18	540	960	1920	data/layouts/BattleFrontier_BattlePyramidLobby_hns/map.bin	data/layouts/BattleFrontier_BattlePyramidLobby_hns/map.bin	64d965808c893cb906dbbdb7146b78ee93bdd488675f25f1070e8c3a185dfa9d	2eb90c06	540	0	272	2b28401a891d7036d694a0a9ed1e970bc22fabf6d2fa298a4452bdba2c490698	40b2b655	271	1	gba_lz77	272	272	0	streams/1236-LAYOUT_BATTLE_FRONTIER_BATTLE_PYRAMID_LOBBY_HNS.lz	battle_pyramid
1237	LAYOUT_BATTLE_FRONTIER_BATTLE_PYRAMID_FLOOR_HNS	BattleFrontier_BattlePyramidFloor_hns_Layout	hns	8	8	128	506	1012	data/layouts/BattleFrontier_BattlePyramidFloor_hns/map.bin	data/layouts/BattleFrontier_BattlePyramidFloor_hns/map.bin	38d8091d9925f23fca107761f0588c731b32ecd41c5dd89f30308ffdd921d758	d0efa777	128	0	36	51220893dcd60de89cd59b9f40d422ba9d1d9919dbd8e84da0772320bbda005e	5f646465	33	3	gba_lz77	36	36	0	streams/1237-LAYOUT_BATTLE_FRONTIER_BATTLE_PYRAMID_FLOOR_HNS.lz	battle_pyramid
1238	LAYOUT_BATTLE_PYRAMID_SQUARE01_HNS	BattlePyramidSquare01_hns_Layout	hns	8	8	128	506	1012	data/layouts/BattlePyramidSquare01_hns/map.bin	data/layouts/BattlePyramidSquare01_hns/map.bin	5a4ba682c74660cbe884ec28220a120e10756ef93154ccd10b4bd5a0029cc29d	f25bbb3b	128	0	48	d157a96573541a97865ec71d4b55c50a0a03840a4087c647a3a9cab50e5a6eda	887ca711	48	0	gba_lz77	48	48	0	streams/1238-LAYOUT_BATTLE_PYRAMID_SQUARE01_HNS.lz	battle_pyramid
1239	LAYOUT_BATTLE_PYRAMID_SQUARE02_HNS	BattlePyramidSquare02_hns_Layout	hns	8	8	128	506	1012	data/layouts/BattlePyramidSquare02_hns/map.bin	data/layouts/BattlePyramidSquare02_hns/map.bin	51ca502b4fd4bdd452b132c9098619c148f6aba6dc276d1da00f75f88b620a6d	7c6883f4	128	0	52	a610d96420243b6334f42813b491980fa33f86bca91ec7d7d61cf5efc97b170f	b3e4fd55	50	2	gba_lz77	52	52	0	streams/1239-LAYOUT_BATTLE_PYRAMID_SQUARE02_HNS.lz	battle_pyramid
1240	LAYOUT_BATTLE_PYRAMID_SQUARE03_HNS	BattlePyramidSquare03_hns_Layout	hns	8	8	128	506	1012	data/layouts/BattlePyramidSquare03_hns/map.bin	data/layouts/BattlePyramidSquare03_hns/map.bin	c272b50cb06b3b03d423377054a5d4f28cedf2ff8719d10da44738042c87326d	d1fbfac5	128	0	48	224333f46d31e2b287be9aa427ee0f0205e76262d11495018a7200e2e81de76b	892937dc	48	0	gba_lz77	48	48	0	streams/1240-LAYOUT_BATTLE_PYRAMID_SQUARE03_HNS.lz	battle_pyramid
1241	LAYOUT_BATTLE_PYRAMID_SQUARE04_HNS	BattlePyramidSquare04_hns_Layout	hns	8	8	128	506	1012	data/layouts/BattlePyramidSquare04_hns/map.bin	data/layouts/BattlePyramidSquare04_hns/map.bin	9c299d9f617aa56be4c47fcd0bc3a672086a9a1cb8cb4848b5c72f70383fc5a6	87c1ea09	128	0	40	fdd014796946ba0432461e219b59a7a9a5ab20e288744ddf98d134b59a7ef3c4	cec16fa4	39	1	gba_lz77	40	40	0	streams/1241-LAYOUT_BATTLE_PYRAMID_SQUARE04_HNS.lz	battle_pyramid
1242	LAYOUT_BATTLE_PYRAMID_SQUARE05_HNS	BattlePyramidSquare05_hns_Layout	hns	8	8	128	506	1012	data/layouts/BattlePyramidSquare05_hns/map.bin	data/layouts/BattlePyramidSquare05_hns/map.bin	42147a3e9940c654281df80297069e38a04bf4b0ac97915f7f64f5e8b262feae	85189d8b	128	0	48	95ba50e6f9578e6aa356d7e54c0fe8ce6d501bf0d3d6742945dbdb8ba8b99614	53f2547a	46	2	gba_lz77	48	48	0	streams/1242-LAYOUT_BATTLE_PYRAMID_SQUARE05_HNS.lz	battle_pyramid
1243	LAYOUT_BATTLE_PYRAMID_SQUARE06_HNS	BattlePyramidSquare06_hns_Layout	hns	8	8	128	506	1012	data/layouts/BattlePyramidSquare06_hns/map.bin	data/layouts/BattlePyramidSquare06_hns/map.bin	08027d54732f24d195f29e9444fceac1d637a6b560d6cb5a0dbe04efb2e837be	ee9364e2	128	0	56	c4882aaf1fa1d6548659f94d3833367f0c370855f27ac769532f8fa4aa2a46b4	acc05d37	53	3	gba_lz77	56	56	0	streams/1243-LAYOUT_BATTLE_PYRAMID_SQUARE06_HNS.lz	battle_pyramid
1244	LAYOUT_BATTLE_PYRAMID_SQUARE07_HNS	BattlePyramidSquare07_hns_Layout	hns	8	8	128	506	1012	data/layouts/BattlePyramidSquare07_hns/map.bin	data/layouts/BattlePyramidSquare07_hns/map.bin	b53e4dd36b18978ea88613dab05b77349ca2633e1c42ec4d9f2599557871d61c	386a58bf	128	0	56	97a32e465686bff62919246daa00de4a34c8cb25b25f0dc998bce07c6f9f3cc5	b1afa58a	54	2	gba_lz77	56	56	0	streams/1244-LAYOUT_BATTLE_PYRAMID_SQUARE07_HNS.lz	battle_pyramid
1245	LAYOUT_BATTLE_PYRAMID_SQUARE08_HNS	BattlePyramidSquare08_hns_Layout	hns	8	8	128	506	1012	data/layouts/BattlePyramidSquare08_hns/map.bin	data/layouts/BattlePyramidSquare08_hns/map.bin	4b3458eb3dbf90d94c4612340abd3b9ced5c349c0451e4a39a2fd83b63934d75	426e9380	128	0	48	7c99324a753033da3607349349632d1d1a2e05a030385ec41a77c25c581f1e83	cc401d97	47	1	gba_lz77	48	48	0	streams/1245-LAYOUT_BATTLE_PYRAMID_SQUARE08_HNS.lz	battle_pyramid
1246	LAYOUT_BATTLE_PYRAMID_SQUARE09_HNS	BattlePyramidSquare09_hns_Layout	hns	8	8	128	506	1012	data/layouts/BattlePyramidSquare09_hns/map.bin	data/layouts/BattlePyramidSquare09_hns/map.bin	05a021eec1a40d3f24e54939dcaa5d1401ab4e0178cd85366a84493f49f5351e	005fa374	128	0	60	80d470bd7ed9d8bf9f291fdb162f34e66be30f890f4ad2fae7bbbdc59084633a	206010f0	57	3	gba_lz77	60	60	0	streams/1246-LAYOUT_BATTLE_PYRAMID_SQUARE09_HNS.lz	battle_pyramid
1247	LAYOUT_BATTLE_PYRAMID_SQUARE10_HNS	BattlePyramidSquare10_hns_Layout	hns	8	8	128	506	1012	data/layouts/BattlePyramidSquare10_hns/map.bin	data/layouts/BattlePyramidSquare10_hns/map.bin	95093663811112947f3c9154b85db6c82c0caad30974040f87c6eb7992bfa1ca	d4759225	128	0	40	1e5cc7a85d0280470bd9855c94a2b1b447a84f294811a4beeeeb563d7bff5961	8697229a	37	3	gba_lz77	40	40	0	streams/1247-LAYOUT_BATTLE_PYRAMID_SQUARE10_HNS.lz	battle_pyramid
1248	LAYOUT_BATTLE_PYRAMID_SQUARE11_HNS	BattlePyramidSquare11_hns_Layout	hns	8	8	128	506	1012	data/layouts/BattlePyramidSquare11_hns/map.bin	data/layouts/BattlePyramidSquare11_hns/map.bin	e9dbc2f0f60fc56a9282710aee1db0c2b5e7c36b457c8104682dde5dcc4fc7f5	dd2ce99e	128	0	64	4f608a9eefd10940343cfa88caf92c4e6eac085097bb0f79d7a65223326341e0	10e488ab	61	3	gba_lz77	64	64	0	streams/1248-LAYOUT_BATTLE_PYRAMID_SQUARE11_HNS.lz	battle_pyramid
1249	LAYOUT_BATTLE_PYRAMID_SQUARE12_HNS	BattlePyramidSquare12_hns_Layout	hns	8	8	128	506	1012	data/layouts/BattlePyramidSquare12_hns/map.bin	data/layouts/BattlePyramidSquare12_hns/map.bin	bcffc6f7d33f9a1665952f3aeb19624e8fd928729fb414fc27f8a778325f9435	ed6d1afb	128	0	44	08cfb53bea597952dbacd6d86a0d109df61e9b87a90cfb7df35b56c49d390695	e68cf12c	42	2	gba_lz77	44	44	0	streams/1249-LAYOUT_BATTLE_PYRAMID_SQUARE12_HNS.lz	battle_pyramid
1250	LAYOUT_BATTLE_PYRAMID_SQUARE13_HNS	BattlePyramidSquare13_hns_Layout	hns	8	8	128	506	1012	data/layouts/BattlePyramidSquare13_hns/map.bin	data/layouts/BattlePyramidSquare13_hns/map.bin	069395c7ab676dc39cfc7c1b63945aeaa26a58422add328d4b20e7a01ab4c8bd	450c262e	128	0	56	2d8b1faf79f342debb1e7201af528022bf299274d129fbd43f4bf2c8d6347f4b	6a007856	56	0	gba_lz77	56	56	0	streams/1250-LAYOUT_BATTLE_PYRAMID_SQUARE13_HNS.lz	battle_pyramid
1251	LAYOUT_BATTLE_PYRAMID_SQUARE14_HNS	BattlePyramidSquare14_hns_Layout	hns	8	8	128	506	1012	data/layouts/BattlePyramidSquare14_hns/map.bin	data/layouts/BattlePyramidSquare14_hns/map.bin	57503df7b174c3999408a06348ef593a12e3b0576da82f19ab4469e490126c80	943aeec6	128	0	32	57f38ccba50e0007ea90fcf0b4d68ba3c1aef9bc772144325bf23b612606d809	14f51b9b	30	2	gba_lz77	32	32	0	streams/1251-LAYOUT_BATTLE_PYRAMID_SQUARE14_HNS.lz	battle_pyramid
1252	LAYOUT_BATTLE_PYRAMID_SQUARE15_HNS	BattlePyramidSquare15_hns_Layout	hns	8	8	128	506	1012	data/layouts/BattlePyramidSquare15_hns/map.bin	data/layouts/BattlePyramidSquare15_hns/map.bin	0bb8301c36e81285a2a1a177807a10783190d7479f58bfb15a96b9fdb555ed34	66804066	128	0	32	ddf04b28e47151cc963c1c8eb7aabb245fbe1a784e5d5b8655243a073805c65d	0c937e66	30	2	gba_lz77	32	32	0	streams/1252-LAYOUT_BATTLE_PYRAMID_SQUARE15_HNS.lz	battle_pyramid
1253	LAYOUT_BATTLE_PYRAMID_SQUARE16_HNS	BattlePyramidSquare16_hns_Layout	hns	8	8	128	506	1012	data/layouts/BattlePyramidSquare16_hns/map.bin	data/layouts/BattlePyramidSquare16_hns/map.bin	e0c27d1c4d0f21282c1aca172ed2ad570e00bd2b65f4461f2d96f6d078d594b1	eba8b378	128	0	28	036dc50cb5a5e9753e6fd374af43964d30ac1de27fa9592f7301e1c0ba009717	84487231	25	3	gba_lz77	28	28	0	streams/1253-LAYOUT_BATTLE_PYRAMID_SQUARE16_HNS.lz	battle_pyramid
1254	LAYOUT_BATTLE_FRONTIER_BATTLE_PYRAMID_TOP_HNS	BattleFrontier_BattlePyramidTop_hns_Layout	hns	34	23	1564	1813	3626	data/layouts/BattleFrontier_BattlePyramidTop_hns/map.bin	data/layouts/BattleFrontier_BattlePyramidTop_hns/map.bin	d53fb40fd5d35d0bfd33bfd1f5cddd3d2fb610c9e1c1a64d400df6e8c10ffbe2	1b46558d	1564	0	444	11b9879959dcd1428986aa2067c1f92cc8b60a952a214dbbc4fdacd369b148dd	b7a01e64	442	2	gba_lz77	444	444	0	streams/1254-LAYOUT_BATTLE_FRONTIER_BATTLE_PYRAMID_TOP_HNS.lz	battle_pyramid
1255	LAYOUT_BATTLE_FRONTIER_BATTLE_ARENA_LOBBY_HNS	BattleFrontier_BattleArenaLobby_hns_Layout	hns	16	13	416	837	1674	data/layouts/BattleFrontier_BattleArenaLobby_hns/map.bin	data/layouts/BattleFrontier_BattleArenaLobby_hns/map.bin	83620e4c540babca53604a5d9e96b7983d386187d8631b837800e8a1aaa49de2	76721d3b	416	0	264	9b2490c0cc7756853b38b3b73b8fd5084d2b7b064d40b10af2749e02db2928e1	7b3d9d8a	263	1	gba_lz77	264	264	0	streams/1255-LAYOUT_BATTLE_FRONTIER_BATTLE_ARENA_LOBBY_HNS.lz	
1256	LAYOUT_BATTLE_FRONTIER_BATTLE_ARENA_CORRIDOR_HNS	BattleFrontier_BattleArenaCorridor_hns_Layout	hns	18	14	504	924	1848	data/layouts/BattleFrontier_BattleArenaCorridor_hns/map.bin	data/layouts/BattleFrontier_BattleArenaCorridor_hns/map.bin	6080873853b21a59dbb9dbce1a091cb86d2fdc375a122026b6b18498b706385f	98f913f5	504	0	164	168117c08389bb06006e0d9ae867b1f65be76e5a53a7dd0d783b9311344b1ef1	d66a4624	164	0	gba_lz77	164	164	0	streams/1256-LAYOUT_BATTLE_FRONTIER_BATTLE_ARENA_CORRIDOR_HNS.lz	
1257	LAYOUT_BATTLE_FRONTIER_BATTLE_ARENA_BATTLE_ROOM_HNS	BattleFrontier_BattleArenaBattleRoom_hns_Layout	hns	16	11	352	775	1550	data/layouts/BattleFrontier_BattleArenaBattleRoom_hns/map.bin	data/layouts/BattleFrontier_BattleArenaBattleRoom_hns/map.bin	6cea1d39155602af690c4e5dad93c11bffaad197a41b7a36d17c1c03e8d9083c	a641a59e	352	0	184	f28638dc595fdd248461d0dbb7f0e3cd0c086823ce704ea91f96e4d5512bdcd8	2d1aefea	184	0	gba_lz77	184	184	0	streams/1257-LAYOUT_BATTLE_FRONTIER_BATTLE_ARENA_BATTLE_ROOM_HNS.lz	
1258	LAYOUT_BATTLE_FRONTIER_BATTLE_FACTORY_LOBBY_HNS	BattleFrontier_BattleFactoryLobby_hns_Layout	hns	19	12	456	884	1768	data/layouts/BattleFrontier_BattleFactoryLobby_hns/map.bin	data/layouts/BattleFrontier_BattleFactoryLobby_hns/map.bin	0bdc8ef7bf8057904b4221d6bd6bc3144932a81cbe4c325ab8427308e4841f53	2c378194	456	0	308	57798f6276ae50f4a81deebf78fccdd2b54557cbdb0e3fdaa56a87894e977407	c9ecc843	308	0	gba_lz77	308	308	0	streams/1258-LAYOUT_BATTLE_FRONTIER_BATTLE_FACTORY_LOBBY_HNS.lz	
1259	LAYOUT_BATTLE_FRONTIER_BATTLE_FACTORY_PRE_BATTLE_ROOM_HNS	BattleFrontier_BattleFactoryPreBattleRoom_hns_Layout	hns	17	14	476	896	1792	data/layouts/BattleFrontier_BattleFactoryPreBattleRoom_hns/map.bin	data/layouts/BattleFrontier_BattleFactoryPreBattleRoom_hns/map.bin	81633f5d84cfe745747f37c7e1a9bb354382fd5bf81d55cdca8586755a18e51e	eb101f1f	476	0	344	484a8aaa557e4db27d1dd59e98778d94f9892324866b2febfa3ba37bcc7b43e2	c693afc6	342	2	gba_lz77	344	344	0	streams/1259-LAYOUT_BATTLE_FRONTIER_BATTLE_FACTORY_PRE_BATTLE_ROOM_HNS.lz	
1260	LAYOUT_BATTLE_FRONTIER_BATTLE_FACTORY_BATTLE_ROOM_HNS	BattleFrontier_BattleFactoryBattleRoom_hns_Layout	hns	13	12	312	728	1456	data/layouts/BattleFrontier_BattleFactoryBattleRoom_hns/map.bin	data/layouts/BattleFrontier_BattleFactoryBattleRoom_hns/map.bin	ac8f24432f335295452713b8fb81b0a3036a84dd5e1c83d5672ed5ea7959033c	864cf0a5	312	0	348	262e8fd64b1e365c1c86c604657881433a88d570fda2347184a3d53d2c2bc578	5d3e9165	348	0	raw	312	312	0		
1261	LAYOUT_BATTLE_FRONTIER_BATTLE_PIKE_LOBBY_HNS	BattleFrontier_BattlePikeLobby_hns_Layout	hns	11	13	286	702	1404	data/layouts/BattleFrontier_BattlePikeLobby_hns/map.bin	data/layouts/BattleFrontier_BattlePikeLobby_hns/map.bin	c30f1bf321d01ed79b48152eabe136289572d186bed81a308c8509a58fa1f9d0	b58c1bc2	286	0	220	8ebfb581ed6cbc2f80b13d484c1f7eddb14d960164622e5e27e1b8badc7a6ab7	bd05efd5	217	3	gba_lz77	220	220	0	streams/1261-LAYOUT_BATTLE_FRONTIER_BATTLE_PIKE_LOBBY_HNS.lz	
1262	LAYOUT_BATTLE_FRONTIER_BATTLE_PIKE_CORRIDOR_HNS	BattleFrontier_BattlePikeCorridor_hns_Layout	hns	14	8	224	638	1276	data/layouts/BattleFrontier_BattlePikeCorridor_hns/map.bin	data/layouts/BattleFrontier_BattlePikeCorridor_hns/map.bin	21f8e9eca9c382c033d84ec7044b1c510ac38345bc2a0a8eb11b3e2be1faebf3	2cfb45fc	224	0	188	fb3f8bedd634919b3f14a7383c8775b0a436067b9e36532ad9ff49b051727fa6	e55144d8	186	2	gba_lz77	188	188	0	streams/1262-LAYOUT_BATTLE_FRONTIER_BATTLE_PIKE_CORRIDOR_HNS.lz	
1263	LAYOUT_BATTLE_FRONTIER_BATTLE_PIKE_THREE_PATH_ROOM_HNS	BattleFrontier_BattlePikeThreePathRoom_hns_Layout	hns	13	11	286	700	1400	data/layouts/BattleFrontier_BattlePikeThreePathRoom_hns/map.bin	data/layouts/BattleFrontier_BattlePikeThreePathRoom_hns/map.bin	bbd7936a3415d3e94d3cd3ee06573ccd9b8328691fdd0ea54bde72e54242469c	eb39ee20	286	0	120	efcb09e02fe5f7a021f5316af16f46bd0d85f259d10bb145334568b596ce5dff	670b82b0	118	2	gba_lz77	120	120	0	streams/1263-LAYOUT_BATTLE_FRONTIER_BATTLE_PIKE_THREE_PATH_ROOM_HNS.lz	
1264	LAYOUT_BATTLE_FRONTIER_BATTLE_PIKE_ROOM_NORMAL_HNS	BattleFrontier_BattlePikeRoomNormal_hns_Layout	hns	9	8	144	528	1056	data/layouts/BattleFrontier_BattlePikeRoomNormal_hns/map.bin	data/layouts/BattleFrontier_BattlePikeRoomNormal_hns/map.bin	6a7cc4f7c7d330507921e783d3cb65cacb90078f944b34dba818643efbb74f13	ca682f8f	144	0	140	0339801a0da2b656cbd287fba714ee8b248ab25ee7f332ab4117e6b4c905f90d	baa8d2e7	139	1	gba_lz77	140	140	0	streams/1264-LAYOUT_BATTLE_FRONTIER_BATTLE_PIKE_ROOM_NORMAL_HNS.lz	
1265	LAYOUT_BATTLE_FRONTIER_BATTLE_PIKE_ROOM_FINAL_HNS	BattleFrontier_BattlePikeRoomFinal_hns_Layout	hns	5	8	80	440	880	data/layouts/BattleFrontier_BattlePikeRoomFinal_hns/map.bin	data/layouts/BattleFrontier_BattlePikeRoomFinal_hns/map.bin	9e0d2bef1efbcee00d108959c43b6b9f914ac1a2d3016461f6b0224b173c303f	b84b4991	80	0	96	2afe56a7cbf1cfc7404dccc85afffb01ded98e481f69c5a139f07730de4f72ff	ef8e8a02	94	2	raw	80	80	0		
1266	LAYOUT_BATTLE_FRONTIER_BATTLE_PIKE_ROOM_WILD_MONS_HNS	BattleFrontier_BattlePikeRoomWildMons_hns_Layout	hns	9	20	360	816	1632	data/layouts/BattleFrontier_BattlePikeRoomWildMons_hns/map.bin	data/layouts/BattleFrontier_BattlePikeRoomWildMons_hns/map.bin	8040ca7195fb9dc6b2c99b9b13f6dd41cb60f9abf12c00072206d592f91fa5c8	46654df7	360	0	220	470dfb6666191706e4ab5c29773d5ee97923a7d60fe9386262ef2b4dbcd2c605	0c1c1216	220	0	gba_lz77	220	220	0	streams/1266-LAYOUT_BATTLE_FRONTIER_BATTLE_PIKE_ROOM_WILD_MONS_HNS.lz	
1267	LAYOUT_BATTLE_FRONTIER_RANKING_HALL_HNS	BattleFrontier_RankingHall_hns_Layout	hns	53	15	1590	1972	3944	data/layouts/BattleFrontier_RankingHall_hns/map.bin	data/layouts/BattleFrontier_RankingHall_hns/map.bin	638f368fba31c15eed921865f494ff7995261ab117d13104762c04cf3d72b8a9	1de17b24	1590	0	416	38c6bd93b05d51957ce25bfe60e9c3c427535cbcda377807ebbce1eae147557b	71b4e044	414	2	gba_lz77	416	416	0	streams/1267-LAYOUT_BATTLE_FRONTIER_RANKING_HALL_HNS.lz	
1268	LAYOUT_BATTLE_FRONTIER_LOUNGE1_HNS	BattleFrontier_Lounge1_hns_Layout	hns	13	8	208	616	1232	data/layouts/BattleFrontier_Lounge1_hns/map.bin	data/layouts/BattleFrontier_Lounge1_hns/map.bin	9b9c0393d372d2ec4706408790262bdde2f987c66361e6ba6bbf8e7b05ddb866	2fe760ae	208	0	116	9db530a031bc23082837d102cc9213921633953696104e2a7319cd2f8fe438e5	2ec0d6f1	116	0	gba_lz77	116	116	0	streams/1268-LAYOUT_BATTLE_FRONTIER_LOUNGE1_HNS.lz	
1269	LAYOUT_BATTLE_FRONTIER_EXCHANGE_SERVICE_CORNER_HNS	BattleFrontier_ExchangeServiceCorner_hns_Layout	hns	15	11	330	750	1500	data/layouts/BattleFrontier_ExchangeServiceCorner_hns/map.bin	data/layouts/BattleFrontier_ExchangeServiceCorner_hns/map.bin	8d1d6144c8e95253dde19cf9bfb1ae09f7f7bbc7f1c7a0ab6bec02274533a2a0	4a768883	330	0	184	cfb0024b7246b6e0fe481d3a4b97fe20b63757ee4f95d431e3d40a17a3238d58	210bcbb3	182	2	gba_lz77	184	184	0	streams/1269-LAYOUT_BATTLE_FRONTIER_EXCHANGE_SERVICE_CORNER_HNS.lz	
1270	LAYOUT_BATTLE_FRONTIER_LOUNGE2_HNS	BattleFrontier_Lounge2_hns_Layout	hns	9	10	180	576	1152	data/layouts/BattleFrontier_Lounge2_hns/map.bin	data/layouts/BattleFrontier_Lounge2_hns/map.bin	8c277464aafe19a99704dd4f7fe744d7c9584824e408d84ba70700ed1b1c771f	a583c927	180	0	120	89c2f3aeac5701e1b9890b6458e92f5adc7ab3dcce98660dc870df1902852a8e	8ffca6e3	118	2	gba_lz77	120	120	0	streams/1270-LAYOUT_BATTLE_FRONTIER_LOUNGE2_HNS.lz	
1271	LAYOUT_BATTLE_FRONTIER_SCOTTS_HOUSE_HNS	BattleFrontier_ScottsHouse_hns_Layout	hns	6	8	96	462	924	data/layouts/BattleFrontier_ScottsHouse_hns/map.bin	data/layouts/BattleFrontier_ScottsHouse_hns/map.bin	718810b7aa1ec200318329dfe017e317ebbddec56d5ae3d994d800dcf36916fc	cf09a9ea	96	0	64	9a316cff0b7730b9bd6c12cf6cc1acbbba791aceb3eeabc2d9c8dac50fd9e41d	405e592b	61	3	gba_lz77	64	64	0	streams/1271-LAYOUT_BATTLE_FRONTIER_SCOTTS_HOUSE_HNS.lz	
1272	LAYOUT_BATTLE_FRONTIER_RECEPTION_GATE_HNS	BattleFrontier_ReceptionGate_hns_Layout	hns	9	14	252	672	1344	data/layouts/BattleFrontier_ReceptionGate_hns/map.bin	data/layouts/BattleFrontier_ReceptionGate_hns/map.bin	65375f69f93514e8152d7d1ad3ce1ee98d638b47fe126ea87c1445109b7ea8ef	6623c6de	252	0	164	bfa9599fabb0d28b019e48317c6ad90f4df6a9dc7446cacf4dc6c57df2ae6cf9	95944866	161	3	gba_lz77	164	164	0	streams/1272-LAYOUT_BATTLE_FRONTIER_RECEPTION_GATE_HNS.lz	
1273	LAYOUT_BATTLE_ELEVATOR_HNS	BattleElevator_hns_Layout	hns	5	7	70	420	840	data/layouts/BattleElevator_hns/map.bin	data/layouts/BattleElevator_hns/map.bin	defb996d7f0bbbc255e999711156d53dc0a10839d2b6cc63be5227f682b108b4	cfedeaec	70	0	52	9a4f7818dff3794f9da310aa877e6ba8dc50c6e7358efdfa50c039541846db10	e090ac1d	50	2	gba_lz77	52	52	0	streams/1273-LAYOUT_BATTLE_ELEVATOR_HNS.lz	
1274	LAYOUT_POKEMON_CENTER_1F_HNS	PokemonCenter_1F_hns_Layout	hns	14	9	252	667	1334	data/layouts/PokemonCenter_1F_hns/map.bin	data/layouts/PokemonCenter_1F_hns/map.bin	e17f23a18cd85fe575d260eac560469e860217dec9d3c5b3cae3232cab0be005	2d8a0080	252	0	232	8f4a4414e98f060cb3dcc56da0825c848c345d6b834f56e30cd1eac7e66c9b16	5c71dbec	229	3	gba_lz77	232	232	0	streams/1274-LAYOUT_POKEMON_CENTER_1F_HNS.lz	
1275	LAYOUT_POKEMON_CENTER_2F_HNS	PokemonCenter_2F_hns_Layout	hns	14	10	280	696	1392	data/layouts/PokemonCenter_2F_hns/map.bin	data/layouts/PokemonCenter_2F_hns/map.bin	a0c9ecf69e7faa2d66fd719bc2d1167bd520d78ef7660b858f950d68a0b108f5	0000b46a	280	0	204	18607a4c3ce5e33ddeccc7a62fcd31ba8cb78560ec8ebf1b19c6a4de8e4eee8a	75687df3	204	0	gba_lz77	204	204	0	streams/1275-LAYOUT_POKEMON_CENTER_2F_HNS.lz	
1276	LAYOUT_MART_HNS	Mart_hns_Layout	hns	11	8	176	572	1144	data/layouts/Mart_hns/map.bin	data/layouts/Mart_hns/map.bin	50deb49ef212cc13b10167c264e9b7621230fc819aff97a777ad252d96a05a9f	b9f4eb33	176	0	136	0d3e6936af18a5942f6508def8e3921a2485ede7053078fc7286894ed7096ba7	be8cb8fe	133	3	gba_lz77	136	136	0	streams/1276-LAYOUT_MART_HNS.lz	
1277	LAYOUT_CONTEST_HALL_HNS	ContestHall_hns_Layout	hns	15	11	330	750	1500	data/layouts/ContestHall_hns/map.bin	data/layouts/ContestHall_hns/map.bin	e8fbb7611a5a9bbf5fe5278d413abb0d7740c9fdbd120d1d33900c6cd561dd59	6db567ea	330	0	132	339c40486acd186bc003958c5669daf19533fbc91e5c24b42910c74bbc2a1248	70758b6a	131	1	gba_lz77	132	132	0	streams/1277-LAYOUT_CONTEST_HALL_HNS.lz	
1278	LAYOUT_CONTEST_HALL_BEAUTY_HNS	ContestHallBeauty_hns_Layout	hns	15	11	330	750	1500	data/layouts/ContestHallBeauty_hns/map.bin	data/layouts/ContestHallBeauty_hns/map.bin	ed5293fb453d55327020c6741c3cce83a0318aff98346b29e67ca712169eb5d8	18f77216	330	0	132	ba97aac65c1b73c65f2e6a821f8591e815cecad28fe44dee70c2d379cadcf775	df543b1f	131	1	gba_lz77	132	132	0	streams/1278-LAYOUT_CONTEST_HALL_BEAUTY_HNS.lz	
1279	LAYOUT_CONTEST_HALL_COOL_HNS	ContestHallCool_hns_Layout	hns	15	11	330	750	1500	data/layouts/ContestHallCool_hns/map.bin	data/layouts/ContestHallCool_hns/map.bin	dfab7011b497e7179d388b0929888709a0a714a7eb815ea1720b646be77bb57d	4d017688	330	0	132	7b59915f34e99572dac6fdd9d7b73420bcc85d8130df0fc779f417a05353ebf4	93456b5c	131	1	gba_lz77	132	132	0	streams/1279-LAYOUT_CONTEST_HALL_COOL_HNS.lz	
1280	LAYOUT_CONTEST_HALL_CUTE_HNS	ContestHallCute_hns_Layout	hns	15	11	330	750	1500	data/layouts/ContestHallCute_hns/map.bin	data/layouts/ContestHallCute_hns/map.bin	74d3066c4f1f7e18fc7ef0898c1c7e59b69f97b16eef26f8081fd4c2c166be2d	65226ba9	330	0	132	29a07391ac0c97616b0f991807f55d29b5872669761e301752f743fc4606d4c3	0ca05203	131	1	gba_lz77	132	132	0	streams/1280-LAYOUT_CONTEST_HALL_CUTE_HNS.lz	
1281	LAYOUT_CONTEST_HALL_SMART_HNS	ContestHallSmart_hns_Layout	hns	15	11	330	750	1500	data/layouts/ContestHallSmart_hns/map.bin	data/layouts/ContestHallSmart_hns/map.bin	a72fd975d3ffd333e23f7c8a47aa25145a9367107a29a69041bbd4d41117fd4e	25c30138	330	0	132	15045ff4265e576bd562b0bf2b94ab923981d1bea0dc657be6ef83ec4caa47f3	1af30fd1	131	1	gba_lz77	132	132	0	streams/1281-LAYOUT_CONTEST_HALL_SMART_HNS.lz	
1282	LAYOUT_CONTEST_HALL_TOUGH_HNS	ContestHallTough_hns_Layout	hns	15	11	330	750	1500	data/layouts/ContestHallTough_hns/map.bin	data/layouts/ContestHallTough_hns/map.bin	2febd3e41507406635e91ed040a89b410b7efc74e83ea296f0c0e61bd548b827	7c175d85	330	0	132	a2cc48209872116f9bcbde979a09fb6a46856ac597f355217b4d24d800feca3e	0493ade9	131	1	gba_lz77	132	132	0	streams/1282-LAYOUT_CONTEST_HALL_TOUGH_HNS.lz	
1283	LAYOUT_LILYCOVE_CITY_CONTEST_HALL_HNS	LilycoveCity_ContestHall_hns_Layout	hns	51	33	3366	3102	6204	data/layouts/LilycoveCity_ContestHall_hns/map.bin	data/layouts/LilycoveCity_ContestHall_hns/map.bin	d09014d8fcd83c5b63bf8824f20c6d4ce84683e8ee64ef1bc022cfd2d1016ed3	65513522	3366	0	700	9194f8f6e9cc8bc84c690106d3a65010920e6138b54ff3f50113380abf0aa8c4	7e5e3f46	700	0	gba_lz77	700	700	0	streams/1283-LAYOUT_LILYCOVE_CITY_CONTEST_HALL_HNS.lz	
1284	LAYOUT_LILYCOVE_CITY_CONTEST_LOBBY_HNS	LilycoveCity_ContestLobby_hns_Layout	hns	31	12	744	1196	2392	data/layouts/LilycoveCity_ContestLobby_hns/map.bin	data/layouts/LilycoveCity_ContestLobby_hns/map.bin	0992c7865c55069a1a572254a01669bac6e00408b3b45ee84f737464101256d7	262a1878	744	0	212	debfc862c6946606b7443ad2d84d1f0833242d5d6810fb9b38adf7f0844c7587	45f33876	209	3	gba_lz77	212	212	0	streams/1284-LAYOUT_LILYCOVE_CITY_CONTEST_LOBBY_HNS.lz	
1285	LAYOUT_UNUSED_CONTEST_HALL1_HNS	UnusedContestHall1_hns_Layout	hns	1	1	2	240	480	data/layouts/UnusedContestHall1_hns/map.bin	data/layouts/UnusedContestHall1_hns/map.bin	47f844a39ac23142445523cb72edb75f397308ac71efc17f2b9daede7e50e602	040ff8c6	2	0	8	c5f9f4fce19cdd7209a6c66703c795ed0d662778373e3ca5ce95b4da568ce7e0	d146a189	7	1	raw	2	4	0		
1286	LAYOUT_UNUSED_CONTEST_HALL2_HNS	UnusedContestHall2_hns_Layout	hns	1	1	2	240	480	data/layouts/UnusedContestHall2_hns/map.bin	data/layouts/UnusedContestHall2_hns/map.bin	47f844a39ac23142445523cb72edb75f397308ac71efc17f2b9daede7e50e602	040ff8c6	2	0	8	c5f9f4fce19cdd7209a6c66703c795ed0d662778373e3ca5ce95b4da568ce7e0	d146a189	7	1	raw	2	4	2		
1287	LAYOUT_UNUSED_CONTEST_HALL3_HNS	UnusedContestHall3_hns_Layout	hns	1	1	2	240	480	data/layouts/UnusedContestHall3_hns/map.bin	data/layouts/UnusedContestHall3_hns/map.bin	47f844a39ac23142445523cb72edb75f397308ac71efc17f2b9daede7e50e602	040ff8c6	2	0	8	c5f9f4fce19cdd7209a6c66703c795ed0d662778373e3ca5ce95b4da568ce7e0	d146a189	7	1	raw	2	4	2		
1288	LAYOUT_UNUSED_CONTEST_HALL4_HNS	UnusedContestHall4_hns_Layout	hns	1	1	2	240	480	data/layouts/UnusedContestHall4_hns/map.bin	data/layouts/UnusedContestHall4_hns/map.bin	47f844a39ac23142445523cb72edb75f397308ac71efc17f2b9daede7e50e602	040ff8c6	2	0	8	c5f9f4fce19cdd7209a6c66703c795ed0d662778373e3ca5ce95b4da568ce7e0	d146a189	7	1	raw	2	4	2		
1289	LAYOUT_UNUSED_CONTEST_HALL5_HNS	UnusedContestHall5_hns_Layout	hns	1	1	2	240	480	data/layouts/UnusedContestHall5_hns/map.bin	data/layouts/UnusedContestHall5_hns/map.bin	47f844a39ac23142445523cb72edb75f397308ac71efc17f2b9daede7e50e602	040ff8c6	2	0	8	c5f9f4fce19cdd7209a6c66703c795ed0d662778373e3ca5ce95b4da568ce7e0	d146a189	7	1	raw	2	4	2		
1290	LAYOUT_UNUSED_CONTEST_HALL6_HNS	UnusedContestHall6_hns_Layout	hns	1	1	2	240	480	data/layouts/UnusedContestHall6_hns/map.bin	data/layouts/UnusedContestHall6_hns/map.bin	47f844a39ac23142445523cb72edb75f397308ac71efc17f2b9daede7e50e602	040ff8c6	2	0	8	c5f9f4fce19cdd7209a6c66703c795ed0d662778373e3ca5ce95b4da568ce7e0	d146a189	7	1	raw	2	4	2		
1291	LAYOUT_PONI_ISLE_HNS	PoniIsle_hns_Layout	hns	51	40	4080	3564	7128	data/layouts/AlolaIsland/map.bin	data/layouts/AlolaIsland/map.bin	f5552af98c5d0284b27952cc87c93b686d0b735edb3f09c4cdb7ff78d0ddf0c4	d5b5f862	4080	0	1200	3c9c3a7eff0eb8e150886200acfb29f08c3fed80e34423d754095d592f743bd9	35e1e565	1199	1	gba_lz77	1200	1200	2	streams/1291-LAYOUT_PONI_ISLE_HNS.lz	
1292	LAYOUT_MELEMELE_ISLE_HNS	MelemeleIsle_hns_Layout	hns	57	38	4332	3744	7488	data/layouts/AlolaIslandMelemele/map.bin	data/layouts/AlolaIslandMelemele/map.bin	10a44b53d0c4eada195d029ec4d24eb73eca0970a44891fa003fd86f4aed4d12	77868354	4332	0	1676	e438401256674032df0d3494becf6b05c6447863e2c9dfab4952cf6bb1fda7a5	437677b8	1675	1	gba_lz77	1676	1676	0	streams/1292-LAYOUT_MELEMELE_ISLE_HNS.lz	
1293	LAYOUT_ALOLA_WATER_HNS	AlolaWater_hns_Layout	hns	36	28	2016	2142	4284	data/layouts/AlolaWater/map.bin	data/layouts/AlolaWater/map.bin	5b1e7946d7b0204d168b768d1106ff83486299d185e4ea3ecfaaf2660737ee2d	17217bfe	2016	0	324	7c90139068f7841cb4ef90a6b0488387f18ff605718c5cdb795de912b42862e6	9405316b	321	3	gba_lz77	324	324	0	streams/1293-LAYOUT_ALOLA_WATER_HNS.lz	
1294	LAYOUT_AKALA_ISLE_HNS	AkalaIsle_hns_Layout	hns	52	83	8632	6499	12998	data/layouts/AlolaIslandRight/map.bin	data/layouts/AlolaIslandRight/map.bin	d640b588cc4412c3577fecba6868f27e39ebec3bde8a0146581158fb9be373ee	451a99f5	8632	0	2128	35e60c342e106bccbc35905c3fba85523ec4e53a3adb0bc29972442853f646a9	2084391e	2128	0	gba_lz77	2128	2128	0	streams/1294-LAYOUT_AKALA_ISLE_HNS.lz	
1295	LAYOUT_ULAULA_ISLE_HNS	UlaulaIsle_hns_Layout	hns	51	83	8466	6402	12804	data/layouts/AlolaIslandAkala/map.bin	data/layouts/AlolaIslandAkala/map.bin	55914bd6def67bf678d65078907ed28d14ac7d561abf63ff2fb2ef5f789d631d	9b475652	8466	0	2000	f7338944595ccae030e7f9f3310c744ef885a56af89fdea2ed097c4abc458153	f47684e8	1999	1	gba_lz77	2000	2000	0	streams/1295-LAYOUT_ULAULA_ISLE_HNS.lz	
1296	LAYOUT_MELEMELE_PLAYER_HOUSE_HNS	Melemele_PlayerHouse_hns_Layout	hns	13	10	260	672	1344	data/layouts/Melemele_PlayerHouse_hns/map.bin	data/layouts/Melemele_PlayerHouse_hns/map.bin	4420d77ea7b3fe5bb0e33accf978c0d85e38c9bfe070708dec0129c1146a9b47	040ce303	260	0	180	92d58e5238697cdd9b59a2eefa1b42ff31754ba3e71da8d6cee162ae26df96c4	9afa7534	178	2	gba_lz77	180	180	0	streams/1296-LAYOUT_MELEMELE_PLAYER_HOUSE_HNS.lz	
1297	LAYOUT_MELEMELE_HOUSE_HNS	Melemele_House_hns_Layout	hns	16	15	480	899	1798	data/layouts/Melemele_House_hns/map.bin	data/layouts/Melemele_House_hns/map.bin	c4d3116c00d5e197666e93f2046f54956fe4135d0aeb283a2cd8aa982d506c75	b873d8db	480	0	268	c59b7a41b55acc5f86bfcaa0973a20805113804a1d6b3f8671797b7a22fe6b7f	906254bf	267	1	gba_lz77	268	268	0	streams/1297-LAYOUT_MELEMELE_HOUSE_HNS.lz	
1298	LAYOUT_MELEMELE_HOUSE_3_HNS	Melemele_House_3_hns_Layout	hns	20	20	800	1190	2380	data/layouts/Melemele_House_3_hns/map.bin	data/layouts/Melemele_House_3_hns/map.bin	99da8da4e3e8f851aef846dde18031aabbcd0185ee333df3f35a9ca902628030	072c615e	800	0	232	a69a2b1548578a2979f8a7d894e7afaca6b2ccc7b3ee0951ab86cb9e5f198d48	ae1962eb	231	1	gba_lz77	232	232	0	streams/1298-LAYOUT_MELEMELE_HOUSE_3_HNS.lz	
1299	LAYOUT_MELEMELE_HOUSE_4_HNS	Melemele_House_4_hns_Layout	hns	20	20	800	1190	2380	data/layouts/Melemele_House_4_hns/map.bin	data/layouts/Melemele_House_4_hns/map.bin	9d637b97477ea01a351d5fc97d353ce3fd093df3e0b7069b6193f1dd687073cf	b530c7b7	800	0	228	a377efd4d107a84d023c399847abba9f48380f14a35a7c8680f5941d617b3ff6	53dd7c5a	225	3	gba_lz77	228	228	0	streams/1299-LAYOUT_MELEMELE_HOUSE_4_HNS.lz	
1300	LAYOUT_MELEMELE_HOUSE_5_HNS	Melemele_House_5_hns_Layout	hns	20	20	800	1190	2380	data/layouts/Melemele_House_5_hns/map.bin	data/layouts/Melemele_House_5_hns/map.bin	bb7f1c61e9c4c1c1262a73265077434a39040ceef63709ab48f4e8cb5d6b3243	f3807b9d	800	0	236	951d9dd8cb600d2d9e62df5a15a754ed44b9d94bbb3545998ae9a06226b71390	f8371abc	233	3	gba_lz77	236	236	0	streams/1300-LAYOUT_MELEMELE_HOUSE_5_HNS.lz	
1301	LAYOUT_MELEMELE_HOUSE_6_HNS	Melemele_House_6_hns_Layout	hns	20	20	800	1190	2380	data/layouts/Melemele_House_6_hns/map.bin	data/layouts/Melemele_House_6_hns/map.bin	eb4788d7a05cd98f0e30402ad1affcb49d033bb2aef880dbc690150f1fd39431	b653652d	800	0	228	bcebd714b38bb17969c91feabab2c1e992cf512e19244a5cbac643ca9c3bdbf8	1e739e30	226	2	gba_lz77	228	228	0	streams/1301-LAYOUT_MELEMELE_HOUSE_6_HNS.lz	
1302	LAYOUT_MELEMELE_HOUSE_2_HNS	Melemele_House_2_hns_Layout	hns	20	20	800	1190	2380	data/layouts/Melemele_House_2_hns/map.bin	data/layouts/Melemele_House_2_hns/map.bin	be4ac7bf3b167854a436c924b875761fdc904fcc92d7e4b3609a8a353ffbfaa2	e62ad0bd	800	0	240	6b149dc5dd1164e3c0d8895cf64b065ecd256bc35bbfc2acfd514b380206bcd0	d9e0ba07	237	3	gba_lz77	240	240	0	streams/1302-LAYOUT_MELEMELE_HOUSE_2_HNS.lz	
1303	LAYOUT_AKALA_HOUSE_HNS	Akala_House_hns_Layout	hns	20	20	800	1190	2380	data/layouts/Akala_House_hns/map.bin	data/layouts/Akala_House_hns/map.bin	657fe88d538a1a26e89ec25e150977a4305e41607d6403ea53b916d58a914323	a6171c2a	800	0	224	0274dd0e7b7b3ca06c34114e7153c45e79036c77274a5891db9dcc104e57d8f3	9d635904	224	0	gba_lz77	224	224	0	streams/1303-LAYOUT_AKALA_HOUSE_HNS.lz	
1304	LAYOUT_ULA_ULA_HOUSE_HNS	UlaUla_House_hns_Layout	hns	20	20	800	1190	2380	data/layouts/UlaUla_House_hns/map.bin	data/layouts/UlaUla_House_hns/map.bin	c258b1d1e4a2660e0920cfc14451ce1dd29f170bbf452f168572cd4109dd6ca6	ef8af09e	800	0	232	903e96c07fee55c6096453754b06af2d69ec971b83b307aa1d8e482ffd6d6c45	f1eb8226	229	3	gba_lz77	232	232	0	streams/1304-LAYOUT_ULA_ULA_HOUSE_HNS.lz	
1305	LAYOUT_PONI_CAVE_HNS	Poni_Cave_hns_Layout	hns	31	24	1488	1748	3496	data/layouts/Poni_Cave_hns/map.bin	data/layouts/Poni_Cave_hns/map.bin	afdecd6e24432671a111f2ac49154e866c0dd5be1957f9af1094416adc9b371c	4e59cbac	1488	0	440	e6979f5d05bb7c78af5884d5bf6e017cc55c8f2d17a3f2a1af00cc7d9a31df01	81f6eed6	437	3	gba_lz77	440	440	0	streams/1305-LAYOUT_PONI_CAVE_HNS.lz	
1306	LAYOUT_AKALA_FOREST_HNS	Akala_Forest_hns_Layout	hns	31	24	1488	1748	3496	data/layouts/Akala_Forest_hns/map.bin	data/layouts/Akala_Forest_hns/map.bin	6c200cf14bce6a1e68c11f1a388b91d246d894bd7b84ba1836a5c64f834f5517	5454ca6f	1488	0	436	d1f13aa8e3d77659661b8be7b501e9e7018b2f71f726e8a65dd125f0047f5312	cfe30b6a	434	2	gba_lz77	436	436	0	streams/1306-LAYOUT_AKALA_FOREST_HNS.lz	
1307	LAYOUT_ULA_ULA_CAVE_HNS	UlaUla_Cave_hns_Layout	hns	33	41	2706	2640	5280	data/layouts/UlaUla_Cave_hns/map.bin	data/layouts/UlaUla_Cave_hns/map.bin	4ee09fd2ccdccdda557bdb1ddd971ff765cde595980ea3d121698662d7859eb8	0bb6f937	2706	0	684	e51f02e50c7868d5110eed7bbcf4c416b25c805517fd392588118279b109dfa8	ea04d5aa	683	1	gba_lz77	684	684	0	streams/1307-LAYOUT_ULA_ULA_CAVE_HNS.lz	
1308	LAYOUT_ULA_ULA_FOREST_HNS	UlaUla_Forest_hns_Layout	hns	31	18	1116	1472	2944	data/layouts/UlaUla_Forest_hns/map.bin	data/layouts/UlaUla_Forest_hns/map.bin	a441ec650625263ee379c7a79e821bef855a158556d8d804a30b4acfd6cb2804	e9cc8cca	1116	0	256	385ade6291496f6bd3ba9110c504ef48c165680963438679c381f4a45b84affb	fd933942	253	3	gba_lz77	256	256	0	streams/1308-LAYOUT_ULA_ULA_FOREST_HNS.lz	
1309	LAYOUT_ULA_ULA_CAVE_2_HNS	UlaUla_Cave_2_hns_Layout	hns	33	20	1320	1632	3264	data/layouts/UlaUla_Cave_2_hns/map.bin	data/layouts/UlaUla_Cave_2_hns/map.bin	7c778a674e6fabcb5a7bfdd1da79140e4e97577f19f1c8046201eacbb0a79251	0d62dce8	1320	0	304	a30fb420ccda24dee947bc105540efc02f43569180707c60d1c09a269b3fd1ec	27d30c4a	301	3	gba_lz77	304	304	0	streams/1309-LAYOUT_ULA_ULA_CAVE_2_HNS.lz	
1310	LAYOUT_AKALA_CAVE_HNS	Akala_Cave_hns_Layout	hns	55	38	4180	3640	7280	data/layouts/Akala_Cave_hns/map.bin	data/layouts/Akala_Cave_hns/map.bin	5ea0ce0bbc439b48b20d66b7b8edcb17a24e2686399bb8aef9a2171f085d9901	296828e8	4180	0	880	57b130117e6bea62e325ff49cf5d74a79823570d3ccb1dc50d31235c9aedb683	70139215	879	1	gba_lz77	880	880	0	streams/1310-LAYOUT_AKALA_CAVE_HNS.lz	
1311	LAYOUT_SNOWSWEPT_CAVERN_HNS	SnowsweptCavern_hns_Layout	hns	59	70	8260	6216	12432	data/layouts/SnowsweptCavern_hns/map.bin	data/layouts/SnowsweptCavern_hns/map.bin	1e8d732345a0f7f5d386d4d05e580782eaedbe83c7e28d3cc9728b5750157668	ec06de7c	8260	0	2080	ffc11afb9c7be8db4bc58ac671699e807e52a51ae2f1110c1b995b9aa281df35	90aadc9d	2079	1	gba_lz77	2080	2080	0	streams/1311-LAYOUT_SNOWSWEPT_CAVERN_HNS.lz	
1312	LAYOUT_NEWSINJOH_HOTSPRINGS_HNS	NewSinjoh_HotSprings_hns_Layout	hns	55	42	4620	3920	7840	data/layouts/NewSinjoh_HotSprings_hns/map.bin	data/layouts/NewSinjoh_HotSprings_hns/map.bin	59e5d897f0741b47a9f20b3f9fa38afe005d7c86597efede9af94fe22c2eef3c	20b4244a	4620	0	1452	302ce1df0f0a8d3f64ba0b72e69017c130ac87fe02e0086b31b136b3b3f0a4ed	2b848825	1449	3	gba_lz77	1452	1452	0	streams/1312-LAYOUT_NEWSINJOH_HOTSPRINGS_HNS.lz	
1313	LAYOUT_ROUTE49_HNS	Route49_hns_Layout	hns	78	64	9984	7254	14508	data/layouts/Route49_hns/map.bin	data/layouts/Route49_hns/map.bin	57101fd9ede113cbd07cc8ec63c2ecf1e37897a2781c7e8cde63b3693f12db58	03d77ba6	9984	0	2664	5d910ce5361f84a7d8872d08d181fd129e5ffa48270893914d01c90f92fbb45b	b569fc87	2661	3	gba_lz77	2664	2664	0	streams/1313-LAYOUT_ROUTE49_HNS.lz	
1314	LAYOUT_NEW_SINJOH_HNS	NewSinjoh_hns_Layout	hns	66	51	6732	5265	10530	data/layouts/NewSinjoh_hns/map.bin	data/layouts/NewSinjoh_hns/map.bin	ab8d965f615db20502ee530cf5088ef0bc05b949f5f39cf36bde63ec8dbfd288	62de4ab5	6732	0	2192	f4606ede639553f79ed3bb074e829b62c1d72a5ef9c3083b275512513707d57a	8fa9128f	2189	3	gba_lz77	2192	2192	0	streams/1314-LAYOUT_NEW_SINJOH_HNS.lz	
1315	LAYOUT_ROUTE50_HNS	Route50_hns_Layout	hns	82	63	10332	7469	14938	data/layouts/Route50_hns/map.bin	data/layouts/Route50_hns/map.bin	8da336be9d859fcf6aa6906f91df50ab25e2a8ccda11fe5e65ff2bb0180f87f8	0ff8835a	10332	0	3076	0c39aa072a3ac6e9a0cd8c528519df594f6635b9e2f941524ae025ae44f7c7d6	e7d5ce86	3076	0	gba_lz77	3076	3076	0	streams/1315-LAYOUT_ROUTE50_HNS.lz	
1316	LAYOUT_SINJOH_RUINS_HNS	SinjohRuins_hns_Layout	hns	50	75	7500	5785	11570	data/layouts/SinjohRuins_hns/map.bin	data/layouts/SinjohRuins_hns/map.bin	5ca121751c9cd5d17543c163e2bae63ee8a30b76f3591e479dc77b09b6a7277b	7284d31c	7500	0	2004	f268eeb898b8bd1c8d43144f37ef09f4f10016e54e960fd265b30d1eaa61b576	57df3539	2002	2	gba_lz77	2004	2004	0	streams/1316-LAYOUT_SINJOH_RUINS_HNS.lz	
1317	LAYOUT_SINJOH_RUINS_REGICE_ROOM_HNS	SinjohRuins_RegiceRoom_hns_Layout	hns	9	10	180	576	1152	data/layouts/SinjohRuins_RegiceRoom_hns/map.bin	data/layouts/SinjohRuins_RegiceRoom_hns/map.bin	8c3ec08fba18e1bc3fed147bd2b4792d66e8f9a4f89cb1db1b44142449709c5a	7782a5cc	180	0	104	58f8c2eae3781d37f984b764043b22b3b1cee4160d2df363ca89b9bbfafdac60	aee970d8	102	2	gba_lz77	104	104	0	streams/1317-LAYOUT_SINJOH_RUINS_REGICE_ROOM_HNS.lz	
1318	LAYOUT_SINJOH_RUINS_REGISTEEL_ROOM_HNS	SinjohRuins_RegisteelRoom_hns_Layout	hns	9	10	180	576	1152	data/layouts/SinjohRuins_RegisteelRoom_hns/map.bin	data/layouts/SinjohRuins_RegisteelRoom_hns/map.bin	41b984169f822556f3cee4d7762607470e481a7c4828bcb3ba0839f6d8f2f291	99adc7dd	180	0	104	d744774fbe3bb9fc9d928a1d149a11931f557ee1cce0627e2e85177ce33f896e	688e4e19	102	2	gba_lz77	104	104	0	streams/1318-LAYOUT_SINJOH_RUINS_REGISTEEL_ROOM_HNS.lz	
1319	LAYOUT_SINJOH_RUINS_REGIROCK_ROOM_HNS	SinjohRuins_RegirockRoom_hns_Layout	hns	9	10	180	576	1152	data/layouts/SinjohRuins_RegirockRoom_hns/map.bin	data/layouts/SinjohRuins_RegirockRoom_hns/map.bin	b26ba9ff6c5934b11fec961303fd0e6d1bb7ce29c45cf49d20940a7a61ce92ad	3b2dffb2	180	0	108	ff6a7ee5cca968eb756bb742737ef9a29ac77453f1a2adecd4abe7ad9521323c	e367a12a	106	2	gba_lz77	108	108	0	streams/1319-LAYOUT_SINJOH_RUINS_REGIROCK_ROOM_HNS.lz	
1320	LAYOUT_SINJOH_RUINS_TEMPLE_HNS	SinjohRuins_Temple_hns_Layout	hns	38	29	2204	2279	4558	data/layouts/SinjohRuins_Temple_hns/map.bin	data/layouts/SinjohRuins_Temple_hns/map.bin	f9400e0790afb467ce7424a2b05915ef558783b50e4e63d7f12db76924c73426	82c2ac9a	2204	0	408	ff1b0b1b334cf3efbc2e38abe2e3d1683a46355b035d450a6cfe1b61d9837a61	a96037c5	407	1	gba_lz77	408	408	0	streams/1320-LAYOUT_SINJOH_RUINS_TEMPLE_HNS.lz	
1321	LAYOUT_NEW_SINJOH_POKEMON_CENTER_HNS	NewSinjoh_PokemonCenter_hns_Layout	hns	15	12	360	780	1560	data/layouts/NewSinjoh_PokemonCenter_hns/map.bin	data/layouts/NewSinjoh_PokemonCenter_hns/map.bin	a5fe7f589ea351a080115a08158034e09253db5ce341bc0a4919f0b1378bc8ca	15e2ba3a	360	0	244	9117bf768af3981ac1fa8f40f032d8ace17556a3f192fa9deebcdcd163a361fc	57855663	244	0	gba_lz77	244	244	0	streams/1321-LAYOUT_NEW_SINJOH_POKEMON_CENTER_HNS.lz	
1322	LAYOUT_SINJOH_RUINS_REGIDRACO_ROOM_HNS	SinjohRuins_RegidracoRoom_hns_Layout	hns	9	10	180	576	1152	data/layouts/SinjohRuins_RegidracoRoom_hns/map.bin	data/layouts/SinjohRuins_RegidracoRoom_hns/map.bin	df005eec904b634f51cb43ee5c844f24d118cd9ad605300b1ddcfbb4a7063568	f45f5d9d	180	0	108	a55c9d00d4901695eff4171e969624fca339525c69d2882e4d82e51dc8d00c38	2705eb3b	107	1	gba_lz77	108	108	0	streams/1322-LAYOUT_SINJOH_RUINS_REGIDRACO_ROOM_HNS.lz	
1323	LAYOUT_NEW_SINJOH_HOUSE3_HNS	NewSinjoh_House3_hns_Layout	hns	54	23	2484	2553	5106	data/layouts/NewSinjoh_House3_hns/map.bin	data/layouts/NewSinjoh_House3_hns/map.bin	9a8c3cb7d20f510754755ab58e7b3b5dc933489b9d5ab3c708d7a97791739d0e	40477e10	2484	0	524	e5eb07a3fc4730e54b737184a20ed74d720000c651cce7680fb430d4e1e317d3	d2f99175	522	2	gba_lz77	524	524	0	streams/1323-LAYOUT_NEW_SINJOH_HOUSE3_HNS.lz	
1324	LAYOUT_NEW_SINJOH_HOUSE4_HNS	NewSinjoh_House4_hns_Layout	hns	20	20	800	1190	2380	data/layouts/NewSinjoh_House4_hns/map.bin	data/layouts/NewSinjoh_House4_hns/map.bin	51dbc54a3207a95ffdacc5d800601db5e683c29647b9909966f99c63f87da781	97f9b5cd	800	0	252	951b65c38dc2524ef6ce4a2d5776371287b2eb0de5f542ddec64a3932dbbace4	01ac091d	252	0	gba_lz77	252	252	0	streams/1324-LAYOUT_NEW_SINJOH_HOUSE4_HNS.lz	
1325	LAYOUT_SINJOH_RUINS_REGIGIGAS_ROOM_HNS	SinjohRuins_RegigigasRoom_hns_Layout	hns	35	21	1470	1750	3500	data/layouts/SinjohRuins_RegigigasRoom_hns/map.bin	data/layouts/SinjohRuins_RegigigasRoom_hns/map.bin	3442dcf3328d488880f22fab5868a0ac4cb5ce03d3f994cc4a949e61b7b26b3a	ad83d427	1470	0	304	2689f1bdfc2af2c38e0e6e03b95b6ddcc588d23ff519bd040ebb13cdc17e73b1	27d79d3c	303	1	gba_lz77	304	304	0	streams/1325-LAYOUT_SINJOH_RUINS_REGIGIGAS_ROOM_HNS.lz	
1326	LAYOUT_NEW_SINJOH_HOUSE1_HNS	NewSinjoh_House1_hns_Layout	hns	15	12	360	780	1560	data/layouts/NewSinjoh_House1_hns/map.bin	data/layouts/NewSinjoh_House1_hns/map.bin	9ba2b62d5d7de839081104642a2538ffddd095e00de2c2f7b9c3ef3dfae4d760	e520d5f1	360	0	228	512e297d41bf7eb6d043d3b15386f00333ef006418a77d5233325e5172ec67df	b90ced21	225	3	gba_lz77	228	228	0	streams/1326-LAYOUT_NEW_SINJOH_HOUSE1_HNS.lz	
1327	LAYOUT_NEW_SINJOH_HOUSE2_HNS	NewSinjoh_House2_hns_Layout	hns	12	10	240	648	1296	data/layouts/NewSinjoh_House2_hns/map.bin	data/layouts/NewSinjoh_House2_hns/map.bin	e65ebc2a699ec4f3e1e9e6198f2af70d88b42c1c9ac06b0d8df50987fed971fe	08a0b0ab	240	0	164	bde7bde9ee2ed0759808b4a6f0fc5904b8e468b470c65d80ed35f0a1d2b24742	a3b603ad	161	3	gba_lz77	164	164	0	streams/1327-LAYOUT_NEW_SINJOH_HOUSE2_HNS.lz	
1328	LAYOUT_SINJOH_RUINS_REGIELEKI_ROOM_HNS	SinjohRuins_RegielekiRoom_hns_Layout	hns	9	10	180	576	1152	data/layouts/SinjohRuins_RegielekiRoom_hns/map.bin	data/layouts/SinjohRuins_RegielekiRoom_hns/map.bin	d6e0288e24297d06de2839a9f49df0b367a870b610bd274f4879d3833258988f	d15cab73	180	0	104	5c506df78bc6a08d380322062e9df5c7d01a8f555be115ae8b9c93f5e72f8e62	4574cdf3	102	2	gba_lz77	104	104	0	streams/1328-LAYOUT_SINJOH_RUINS_REGIELEKI_ROOM_HNS.lz	
1329	LAYOUT_SINJOH_RUINS_HOUSE1_HNS	SinjohRuins_House1_hns_Layout	hns	30	13	780	1215	2430	data/layouts/SinjohRuins_House1_hns/map.bin	data/layouts/SinjohRuins_House1_hns/map.bin	03f0e5b2f5673275b1ed95b49da026cf33bfd880d2a8716e1729f2036145f5ad	ade9d2fa	780	0	396	d4cc629567688b27ea68b410b5957d0234987f8b66eabd93e572d044a4779bfb	f134cd95	393	3	gba_lz77	396	396	0	streams/1329-LAYOUT_SINJOH_RUINS_HOUSE1_HNS.lz	
1330	LAYOUT_SINJOH_RUINS_ARCEUS_ROOM_HNS	SinjohRuins_ArceusRoom_hns_Layout	hns	37	35	2590	2548	5096	data/layouts/SinjohRuins_ArceusRoom_hns/map.bin	data/layouts/SinjohRuins_ArceusRoom_hns/map.bin	d7a68564f291e484f8c095fa6fc82aea2634c7aec0b448aff5a66b83aa822fa3	ee3c44ea	2590	0	544	8a1b76e95f982b23c544c3b1c36954cb199f6f4e09e2eb33deca12a114a78988	5a5ac318	544	0	gba_lz77	544	544	0	streams/1330-LAYOUT_SINJOH_RUINS_ARCEUS_ROOM_HNS.lz	
1331	LAYOUT_NEW_SINJOH_KIMONO_HIDEOUT_HNS	NewSinjoh_KimonoHideout_hns_Layout	hns	19	13	494	918	1836	data/layouts/NewSinjoh_KimonoHideout_hns/map.bin	data/layouts/NewSinjoh_KimonoHideout_hns/map.bin	6db4279ce1230ed4ccd5912bf951deebc8911c4ee87653a7fda210308c483722	23c98381	494	0	160	726dc8891cf8bbff0e96adfb61a7d7a27412e2e2046091013fd5173c86f3c898	71656ec3	157	3	gba_lz77	160	160	0	streams/1331-LAYOUT_NEW_SINJOH_KIMONO_HIDEOUT_HNS.lz	
